{"results":[{"x":47,"y":40,"i":"YFgbXFZZscBtQdn4KbfsydLStdMHn9qn2nTS6EeICJoksaNRDGZf3eCXKHxu","l":"t7suAsVPXwSmb0YqW3yfkVpIjLl2E2JEyd2LWQwUJiuY8NXYbfEBoMDpAzUG1iEsHRvVQVlr4Iiz9kKb1hXv3se3yD9LETMtZnfl"},{"x":6,"y":30,"i":"A8P4Bo3FebatT3jEVQUtt1ArmQZMG3ISNbJzKw3TxYh4FhsVq5AQ0Einv5Nd","l":"XhSZHGFHuNfMT8mxva3xYLla4vCl5OTBcnGju9myD7v9QsGlSbXpaWUi1qNhvVL4lVXV6Y5VMzmWBnb1hQEHJV0dD5zWULQING0I"},{"x":25,"y":1,"i":"V5XcDL0Y2PUrFWzRTwMGR1IBJXCafgkvZ68utLfsUMWCAF2y9sNNwhaeFIVE","l":"afYCY9Y5hZyYC8ruCJAjWKiMPIdvD2fyqsHL37oSwf73Or7gPcdPC0Q2nYOvLDcEAybmNS2OM3z54f5QG3ncUuptXuzo8rieIQzB"},{"x":34,"y":2,"i":"Ljy90IgN3Ek2nSkvf3ARUUZodgeAEQ3vq4aG3e9cnROBM8Wbp5rDZgevZV1c","l":"icsBUKv7GAVA5R1ubmUfBR7B4eu7PUyiSgNGfs5BzQ2FG2FIobxQ6utj2Yx6uhGVxSy2UW0THN22gcimxBvQ2oScUFHvqgOhTJoM"},{"x":8,"y":23,"i":"Iz6YLcdytmCRiyffcCwwKLgWTy6Ik3vkdSBVkGt2VZsXpLecpmW99UYwaDLF","l":"dNuDyZR7gio6Vyazf9V4QGKSSvWMTE7zI8mb1sGP1YTL8e2DGIzEo89yMrfQlweArMudIRZM1rtsAqFXb74dcYykpO7AmwIfZr1H"},{"x":33,"y":23,"i":"ufxTmTo91EunMQlb9FZoRoPVpSHQRTIwoKsJ2M9fDo3hWCJPNifj1EAPtfUm","l":"YyTSU3ie8qfsPclKGxKkfhYhvgNSJ1Hhfh2VSe1PETC1wk7HCdrQYp2ZIXwFUptOWyXuKQGJ2qIEh4d8iMblQlrPhzp8qgEsF3cH"},{"x":27,"y":34,"i":"uDnqYewjGWrzyDbv8iigEKtc8TQZd7Ut7SD3OAtVQQeE4CuwDgtM3E8u8PxQ","l":"BMxPCgbRhvHbNcEYzLM4Rh52pK1S09keKzRJe5CDQ39fxsU5sOpvQeY26HPmoAfm4OAFOFnxOItL3lTWDuckFfKgSKAORTEsakT2"},{"x":8,"y":28,"i":"VxYQ5fxD85V3hVoBZlQZzAEfLrkf0cNumVOEJBskBz0FPHUyjl7QzvBV32ks","l":"HGgpMAbgkMNcvVcDKgkUxgwKGOHSJLAENe9PdpiH3gAenTc0Pu2MgIoQIkZarHD3RmX6TioZTNUCU9WgmwT7GpqrhQWwnsGz0iS9"},{"x":42,"y":32,"i":"opRekuF75Sux6VLiahmZdrQsDuEEc0emNuUSxlw6Ggb7if1aAh5uQXvgVldw","l":"4XOWmuxdybJOo1xI9ebPtxfymxyFaQX5vaMpav45TrEUVW2k7zqBr8XeriFMPijr8JZvbb7AnOsIvfQvPRkOPAqkapFAJXqZTqvv"},{"x":48,"y":19,"i":"FDjNUMeH8f4J4DSiQiP0KO4PvnK7MeTdVaJKxBT4lPUSgXCrukCDlg6GOrbb","l":"f4i7Z0j5jhuWXxe8EVCBFZcYlROM1hb3gGiMQhKfCmxAwJfzBxdS3jKZqYy7f0unxeC8kDqv2aUMtyvRt6jg3M6eMfeGg68F1J4G"},{"x":1,"y":43,"i":"oOR9P8Hayqgofg6I7epRU0VCSxljwvGcetWKot1TNXM4gH0VkdJZom4dX1aQ","l":"cv9aHGvoBkvjp4zUFi9CaPKOCaGliYP5Rqnm1Gt81v2GKsz5CDn5NJkFgdEfrqY1NJHXmFz66fs9ayBkep9CY74LkBDZEQBVOiPy"},{"x":19,"y":16,"i":"vhPuhJ15Dg0VmtaXX4XtwKliOKpvppIDS37oN2tPQE5WzMUgufXxOpm51LDe","l":"EZh43biEZWzn96l0myAjBKHdhNK72jgZq2oZA6la0tP6uelsodu54bmUpX16rnPgFutbwJD8WAxvR0haAoi4shZQpcf4cIiTCFVE"},{"x":15,"y":36,"i":"IBkgfuU49HPvww109cynl7kdtzkdNVvpUk9zBC4neSK4dVd01v3QW5jzTm7v","l":"m0y4nudv4bR9ZVtYLMuWdYmGaV6A8xhED3il2Xr9v24qts3YsfxWuTQeTZBemnqOPzKdrAnHQzJzSb8ux1MSV9pWr3iNtvd0oTAP"},{"x":25,"y":32,"i":"zuGa6GwkBL542VzxQFTlQn3wUdLJbwurRZPKNc272RFySjcYG58O672LYxLg","l":"ndQoxceqZWmOTGfr3OWNODo9FDAGESFZtD4raf64mf7GEFfZLphXxYabMVWp754ro5Dz5Iii06OzfdOHVM0nVcOTeTzZv2pbbJV4"},{"x":40,"y":49,"i":"WKxb74A7EQnPIrKHRZL2E7Eh4oazl9M3L6N5JaCd1LsTxGychJoBHPi3q0oL","l":"poSgxO8AlvSxuTUOtLtfOT4Mv0ZGyJXSyxMgOgwJRnSEiZlwzms3omIxyYTnK1PAnlX4dcEZr5xJ0eIUFQ7QgL6yFJHGXuVFAr2k"},{"x":42,"y":17,"i":"0v2lq39YjGM0IP4ej4uie1imQPKkKXPtXKTOAPidwPAW6ra6XOs3T1iHmj93","l":"zvh9AdMOYDNmjJboTGL6c4IThnK04k2iFvJ5UTwVqoH4Qm8dVq0nXlUsYFJS0QSXEcs6tet34TFtOT1kbCeW6Vwixi7rYdTdVpYd"},{"x":25,"y":11,"i":"56SYy7h0quJtfxsutNkOUQDECc18D22e9RSVxEZmVemkjgFXeEG9S2nLp8pW","l":"QUqpmSihXl3icF3imFM3LHfIeBU6tZwhRPoao8N2ryam8pVbDRf2Ynvi20TcT8qV7WyfPcO886V7ThXiX48ZPCJs40lP99kaQis0"},{"x":4,"y":28,"i":"YonrwbU7YswSkNluIG8iqrDNzXSaqCOjusg587FpK9glGqLC9ZwvRe7ekUnn","l":"TWTPL7Jit5E1yo9iKz4nCQOVKMQXkReM0v8Vupnha6pDJTs4I2WPN1QATFiCqJxpki6MikTBeEd6pKKZ3TW5r6ccDEV9PO6vPdHH"},{"x":49,"y":30,"i":"LDkaj1klz16uptDYgr8j7PqxNxT656BJDnSgTxwbPrujLfUP63l4DIJjsf4n","l":"UtEuDZLK22E086OgwoZ7ec9JaULW0rzsatXmdPneMCWzO6Ve8nPxU4zR4OXw7faOFMJ8whbnBC6JTTMyxTVwUo6bxovxrkMX4Of0"},{"x":33,"y":31,"i":"ygOKDOM2KoIajLCB3Dnc5Btwm4easxTwKVtACrUHNMhTdqHHJ6TgL8Gec15v","l":"OC0PX3jzaNBjZ1DwAJTILxMlEqOAupxXrtQw62Sr0hkqzGISvJnCMfc6g6E0mNbXi52wZyvmupuvqJp4IP9rcm1TY4fUF4FhxqqJ"},{"x":26,"y":47,"i":"3IjiaIYeahqjJ53TgGeVEbiCT3sm9pfwxquGsM0MMAqL3IRLOqW5buWEsBs4","l":"MkDzLDrmm9fHPfoUacmRzVzqSOrrvEagd2L1TIfWj5WOQNY875fyJAlwnO07b9U0baPn0XID3ZtdE0QXFY3KmDrklOE8mJBvBCzq"},{"x":43,"y":22,"i":"Jny6XN8upDxqaUMlWZuj0BD2euGAZZxKDvCIKi98CNf5WhESoBDrK6xphPUe","l":"Qc1PGd7zjwKkH7WFY5nlevde8oge1xZSWbuxGNsyqeX3e3tJjpkXXuBJP6mgRHHnaXmXYry3FSMUvW6X2KUYQMZllouNbgo73hG0"},{"x":6,"y":39,"i":"dXZ0gjoSrTOawY9npif7r9A2FdkX9kXXeYn187eVzlxzSxkzev6Qtx1P5GFy","l":"tHQt0W2VTMFXgk15bUsRiWeh0Z39Os7uPkdYTIaQGEtpASETi7VhMWQyEGv4VIlMETu0yNlIbQCQFGhjwIk3g3X2wuuVg4615pWf"},{"x":48,"y":12,"i":"T49uilST10VgJBh8MmL7g6OBIwIWMw8l7GT4gHlSXKaSGr1jz06NQOW2pafm","l":"Q68FtS8H3xd1IRqilotZhBEIJ9MZEJpVhsSWq5zbqbumswKlKNYdy1Mm2Nsjag1EccLS1VvJ2PIpQDcfmt2ZEpINGILyCiOEbaVo"},{"x":16,"y":0,"i":"oRXhTtV99ZzrI42dpbKzTxRTBFrXdQRpNIfJwoexWselMi8OXsx5OGMQuY4A","l":"U3IE6h6gTcvuVAelFbAxpOYlYJ09ZMNRyJZm39CMB55bnpPN3D9CTXOPLCuLr7E6tEgmABvugNOPoxpb6rzhi56XJnH3P9TvY7AI"},{"x":29,"y":34,"i":"RQgW9nmqoG1QEdLPl1Qkr5RqYwRJwY5Rpy8uzkrdDwK0UCFSRWrQeQnZR4xK","l":"wEy7zu3OQBqluS1kRfdQhGNMR11QA51ziIiVXIUZe3bW2Qrqc6RvvYwgUp1SNstKg2MIxhzIq5y7NWt5yfjPeFYeOsYwFQmEj81i"},{"x":2,"y":48,"i":"xiB6iRdG5CjCsyS9BxfhipCgdN2m1OaT3gDZm87m64cuLUJPITgJxanvxDaJ","l":"UaHL1l416f4bcVsqitlHOAybYUVf35bONPeykvaztut72FboenCrhqHTHbshg9PW2Rz6i2e2rrjzfVF1OUNJXQ2ppVDScDX2XEDU"},{"x":7,"y":35,"i":"oJnkAX8wGgb0JjiMWE7LSRk1QN0clygUOu0ZulwqKmUH4UACjWFUunjt4kzC","l":"cwTVLegLEjTlJgkGo0OHvncR3ppfzlIrRhTDprxd9JBSnMRvCT8Kk9fLZQtPoAnKGfko1L1AZwwXscGV4uSPftzuxwWp928Sul93"},{"x":16,"y":13,"i":"HhWL4g2DYE7YbWNhXC1QPQIN44cpBOdAjPYrX7xhTsLgbRBh9TseCKspSnHJ","l":"HNoRi4QvMkjQZ3hWyvyfSRAb3c7CT520Rokm9I8kIm9UqxoXNXVxDHKPbwofeQzr4ci2sLD5bPr1xMSVXfR5LhiYC6PY1lwHPirz"},{"x":36,"y":45,"i":"0GX0Hn1JjIMRMk3YrPUQYnxEozBO0ciCd8pWfeL2QXev4YvZokEYWIjPnxhB","l":"2SFkjZKU2rAR2XzfGrVI6tSQqei6T2lEGV9czx3slrPzs4YCGdQpiXXC1C88mKdxblWyHHj3ZKoATtHdWIXqfkkwtMZMPVfIlUOx"},{"x":12,"y":24,"i":"LmhuS17hkXzSbixaJBvyx78QN7tR8nNvobPnVrbaJKWXQCXtKhvYIseP7jec","l":"FpZARKwJmTbMm90Lsj4CHMQKLtngcBch8BQCYYVHIs0WzxKWfYkjWjLiEYfk7ahUAm1gIDoMcoPOgx2LuNrfITPgqvewY6rQz3Mk"},{"x":16,"y":32,"i":"NklOPVu5RZqd0dwtDk5gCoXKiAae6A3CLaEV7QxQ2tTxhQ3veYYQ35Ki6Y8p","l":"WjepfFzZ1cs1QjPx1584uZ5znhROQAlKqJmyUv6hsyQHODS8fxyGthE1nUagWFSKplJd0yYvgcIdiyD0HkZuGUMNMCbgas4eUueR"},{"x":8,"y":32,"i":"Ao3ojyz3W64FyGGECTeVIcSEqew57fFgnOIqlOBfm1FeqkeTkfIpoIcmvSlo","l":"CHtiyb6mYa3nmgB6YAHRPNmw8Lc00H6MVrTD7q6jMVZREMxJqmKUfevLo4aQIqUrax71dPQFHwMZ1CKGGaH8KQYpWqBlDgt0t1Hw"},{"x":47,"y":12,"i":"mRjYiqfRRUbSmM1papxpMpAuGEBtfgbfnukGM8xfGseXReVemStPbOYClL6Z","l":"UXhridmKkImynDrmY5yjglXhBDZKfCLnt49KF8AjwREcBxlHhlqF7KcLDMOU9UVlQhYf0RwD7WbSWuTUMK76isW6mXgNloyp55cM"},{"x":4,"y":18,"i":"9RFm4L2YVhWH9vhwoYsurNQt4LU9mjOHOEQ7pe7kf5smr80s4lTSdtBpnwe2","l":"B3PoXuXdl5QMks6VoYcKfoOhpotANs7a1jLlpr0JxIt5OJUlmR5A68qWiZmQ8xmHnWJ8sdw89BJkjJB49iRCTIBZR8gZkaw1Y1mW"},{"x":26,"y":16,"i":"z53gKe87CsLQIkqcdwseQ6gyV2gSgY90EhHBB9sAVfAc0TvRa9CnEOqiyS8x","l":"xNTcByX5hGOENRARahJE2F9k7rAF14k4SEVdjvgTUJCqtku5Clz8dsh6wGDJe0Ikr3hdSmRZO1ZGRnS6bigknh0CukrVqoQMGO1D"},{"x":46,"y":35,"i":"xovWlWWzjQzR9LGqa8i4GQQnLjvGQDxiL9inSLNB1tp8FHywAIFsUqQQewod","l":"2oZTrcZmuLcd0GD8DapeABwsJ2MkhCYxTL2CJYOtxW83vwkjT6SuPdkZ2MCZI1g1EmSNTYVBuRWwSFsK0m3YJ7uL7KpEuCeNqppR"},{"x":37,"y":38,"i":"yH66SmbkeP2dFrvLmcCQ8hKy6B5NZY3jM6HsUKPb5DIARcG9KAn0eWq8ckwn","l":"2wL9her7CLVkyaGU4IdOoMmZvIEFzHcHfZVvrIPef5NLHIcBijYKDgf0hUDzVEmH1CthJk0eAup3J1EVeC6cQ6wQExmwizvDNGMB"},{"x":25,"y":47,"i":"sOhJ0Aen6tBBj30YX621CXTCpTSA8gAGYFP10e9tgLJ4UUMi0bkpNnfGI2Rl","l":"ZtY2YujIYilWJ7dYqLxm9npF458Rb5PzkdU8MzCvuNuiFFkUF84tWoncCuE5VVGkJHvXLhMLvb53iJR3d7czaGVWOi4GKOSHDxDW"},{"x":33,"y":47,"i":"f8MyriOQGzoYHzkCAIq2VINM0V1zt5vHVeTzVN2HPLAkd4tAw09BSOrMpcEj","l":"1u0sf5SmyKgIO9zsEBDZ8gMSN8UCbFJq2SBzqobuBoVuvkQqvb6H6KSZaPFLMoe34JaIGRAJcvy3s1E3diFKqxgC9zyuz2ciz7Q9"},{"x":45,"y":29,"i":"a5R911TpxR9b9j4KTLafKzmNMZScez9sYJOvYGp1ZEHDy54SKIxGqZu8kgnP","l":"nvIBHxHw94rmaQPquoxwHKpSO86qA4pFUIFpVzikjq3UQD7ypoXH8TFbGUUbsAGytkaPfrA10kEd4znv8NM15lAeMyqMB6qvH49n"},{"x":32,"y":5,"i":"H3uSXKRutDm7QodZHK29e24UoM53F5mhKgSmhFfbJpKZjuMRZJgqP1jlDSJf","l":"azjmGvxPn3c7B8XfID1Ogz6Woa8bBbqk2W8DUkUTCvYVVUyWyfKaAuyIo0Vwz9n5JJ2hk8p36eFn7aNFj0LggCjX6vsW9HgDhTQj"},{"x":14,"y":22,"i":"6hc8cO0DNcjoVP4xIV0viTxu3D7DkOTm70ePfoCFLuhEgTSnjEnFHXhOqpFL","l":"ggkzj5Q992FI9edlKKOL5TTchQieDYnGkWR9VatUTZoCKKN2NSK6hUpoxLiDNDDEU4IVDojTTOv4l0ZJ7dZ68xc9g2K2Zt9DffcF"},{"x":2,"y":21,"i":"TFfP5zW65I5WgosCeOYRhAVsVt8WesKaavoH3HQHMmMGlFCUwDs2fV72jmqO","l":"TQdp8KVisyUfSrnanMWvh1FQzdfi0oY3cGww8medRbN9vDf0SJF6kQoegmHoYBShveIxpabm02kHVJeWeLENwiE03OQfFOOgwaan"},{"x":25,"y":36,"i":"rKt3ueSFT3QT3FrkHdJx99nlG4x7ZLN3jccwH8UfMMbDNvZlD3lXXvtoNOf2","l":"nd5tYBumawlnfo2ZcNoBXHCaRqewsaY3LbUYU76vOcTt9WCLTS1Dk2CAYP6rYRuzqHuyfteOOILXEYPIB0KDaYyqzyhrmiVuWsMz"},{"x":28,"y":27,"i":"y0tE76y1QOQvUcRNhn3ixYR7OavdV3O5q5kVB8Mvwt1DfGUzquyFR8dvFaMu","l":"b8ypncZ5SocPQdoLdSSul16dANyGwqU7lWdwYIghFjySOMwN3TkVMZ3Pz9YCfsf0p6wk2NI1Pnokq1lmDQYk8iz6q6Vx9aA8ToM0"},{"x":4,"y":10,"i":"nAqa8qZLy2ysXh101os1XAOc3f1SnjdD8T3XPQkw6563JHOILsFf4Gyf1QKm","l":"MADBGiOT8P1FDpdW4J8L4Yaf46vtXWsfjaUK4stdzJXc7J3xZlywDUZersHDIe0qEhfe74qyzOBgF32odRkf206DsAyWtFGSffQ5"},{"x":29,"y":47,"i":"W5qXGm8575UHlNXiAUMuDPITqrME5twT00f4zxjoN1aL8ySIwtZU83AC73Zi","l":"0kvGyAyZllGIig42w8ygHIjHsQZ9YBbKlXJHjiHieCrXruwkpflCMwemXbR6DW9uhbQ8Hf3kFjp4YZXJBnS5bIxAQb9qUeFHCGwN"},{"x":19,"y":34,"i":"HoXWvY3BeUPgdJV40DXQVklMOu7S9akSmBCzbBgfSZWSubDiVl7to61Pigo8","l":"H27t62CjO1iSY3jPjnsjBydTJ2fxvmDGxIXdBPcoBa0T32wJNRreSURjnPa1VkL5OAbHh5Cvp6ecnOrD2dKEVfsV4oWgNdQFQxUA"},{"x":23,"y":38,"i":"18NMQnXipaoRCC8a6ur2uqAkPR4idW35zjpmmPYtobSfdFBmlsUcQjjfBfux","l":"E0Fmgu7eU344qd4CERdc3ii46uBtlhg2jSerlVm8F5CPaC1QsPRVdL0Jhcz53HpQVe8aLf3HuUid1tG1CwTMDJJFkKM5cQJUy5ll"},{"x":8,"y":38,"i":"yiEVEn8u9vrnfWBsVUzuzXSMxS7MwPftoQduNdR2CR69SSEY0SLf3cHQujPK","l":"GklwvRw7NKkxfCRpfmdBxMjUtkT0ZFGJKpoJUgBYmPYEgWbPm4ZmH4tD1z4ttPSGl9MAEECvZOyXLfSJuXVVB4FHA5thAu4ZHMft"},{"x":18,"y":34,"i":"FH9COLl0l5WP68E9BGIbF6EiX9XoIFiDkQxxNGowTBexvHNX6OgkB8meN7UO","l":"GIkx4esQGwDckLp2d1Zzh4YOyOmMFKTlgxHeMTwlAubbyh82yD6yggERKtFUkwo5YwOl6XE62izPOMF6kOZy6QEJkd2Zvmn6kV8D"},{"x":37,"y":7,"i":"k2XAqZSQ7UvI5G373wHQ4PPbK2fe1EAYkhozRBMjPwDo8rSPGLeLvCpWy8Gc","l":"xSK2wCftpM9S6ylCxG4UygCH9DtHlYfV2TcYszHPsZc0rWzfCAxGoRpxnGWiaL30HTeiVcpYTVTyM4yAno3Vv6hHrP2w5kcdnCeP"},{"x":42,"y":43,"i":"cluYHQRJLhgrwtf5NtLQlcbc9imHDdmEYNXhYNfGOd9nVdEmHChgbvC3dwYc","l":"4ldxyDCnYP6d56EhHNYvAHwP6WSYSnO0nCBuuBUDVYUyXJhn3MUu6DQ9hjd3qj8aWaZcJaarPzq15N71OJj1OSUit5vuvvwQz9bA"},{"x":11,"y":49,"i":"WpFp8U4klISLeRubNZsWMso28g1wMeHeZFIiB0be19CbLEMaoy45meCmcLCd","l":"ZrsK4QAvhyOR6Pe9oXV7LptKQDXXse2LVLguwxVI59RDUPI1p38UieAEiV7IplgVh6ZknAh1U6v2uSvj4TyYBHVag4gq2Pin6pzy"},{"x":6,"y":5,"i":"L0ZmeHUgru6eBrd2ickugYUwMC31ujEcEtHZ58jwBJ1M2PXC8gw7o7zEYs47","l":"b1OqDumDQe9uJLNarKAdoi47bOG3Wpc4y76UUexeTZyecAbMtYTgWIbak9qGznLY6mgXsrkhna1Nyk44nVCkCQtFLhvRNXq7llWz"},{"x":11,"y":26,"i":"CFBBFv8lhlRsu8GPmK42K12TbhoVGbtnPchVYqbrtjoRQwyu7xfio1uZjxnH","l":"96QtfjZRRDqJYRClMyH3kgih2OBlJGBqW8WdlmU2AstzFmTrSZcQMRB5rLXmwZeDznFTXuN2zarL8hO8skYTk1hLOCT4edMzZ5jK"},{"x":4,"y":41,"i":"Nkv5oPHMaM67S6IrZkz0mWo5fGvWIiN2n4V5ufI7nceSu4JyPksetucovniO","l":"cpI9Irkqy6vRS6zSpZs76lUN19nnDCHczR1xsGJssmyANfluqiyVeHoaEXoHRO4HWl6bdV3yYGFh18HR2mW97Z9Qgmb4nqVHSzhI"},{"x":49,"y":14,"i":"0DjKOkJyQlDMqIrJ4V9FyUK61EX5ekZDyhI3cuyogBfARRhpWvjl6SP3SFQk","l":"MHYP5qFXjjx7evVov3Nz17pmKXFE8BR0YxXwSzC8EVslJTWUdx79BGkuptq6QOJEGesUvFCzEwSBWY6WRjkrYGZOaL2oWLwxy7SV"},{"x":14,"y":33,"i":"B5axLN3V98yIhiM0Kv9z29V5oHFByiDeUI4PzcfPzuEtSdjCdsNF39mpdETs","l":"WTZbwiXizUPvsmlLNzmEb3dmg55cbTOEzYFk6ILZa8EcwwSYXwmnOHLzejzmrbm8WTMjWkBHJbYuRugLHw28J7jgCyEZUPTYO6wP"},{"x":10,"y":44,"i":"px7KYcdCEuPv4tUc1CSidJ3mmV4SVwU23GC7qs5IG4wCNlFqagr4WPbayl4l","l":"mcWd3yJ3q3jgltlYjgeqmYdLusaW86SE2VCcfYkg3POJ2cf8YE93hHN7hJQYpObMGILo6aerGcSh5KXndvTMHiAGd92dOQulwyFI"},{"x":41,"y":35,"i":"e7oLZmf72rGcfqvJOFS2N59clK4RdMBL7lsOdjTTAQtcOsyrOwR0N5wjLKNe","l":"IjRi6Mlj9GNldsl56njQ8Pihx0CTmrRf7ALnXpIALyz2iMdaltQMfbclyFsVe1WByuxon3tNRYMtoORolumHcEOQRK06M5X6vZcf"},{"x":16,"y":16,"i":"KibaUAWEdYmawopxwILxvDTUjlAoLhNinoUMyLOfpcd2jOE2yLVYoO4NW8zE","l":"iLY3cAgZNORaV3Zm3etUpgpaOfLptbSh25KNzKkkeihlBElaAGHF2w0Bk6bmRFTSd1VdDALyyujrJaEIEbd6nNZDnSmayPkPyPyb"},{"x":45,"y":8,"i":"oetw4rNkmcidK41zb1XFX6ExCZXeuUucG1KSp8laRM7gb7Sx3gF1I3uWO7zv","l":"EaaCS1MHzIsAyKGcZ4dEdbGAUXkIAHktZKJvaELlyDRTmZtahOGBC9B7aGPJOVPfIon8g3urCIyG0cpi4e8x1rc5a5M6r0audn1x"},{"x":27,"y":7,"i":"e0YLZRFTqMHnUn8fs8zpW1PgB1hS6A8R4oZ4FZ47JDIp71W54ZgInJE1jPc1","l":"ZyLIuVumsQDBqsc8FZl9zar4HQYKThDWKiX3gg31KBbzAjp9G21CnIj4r8eHZTQZdQLHfAkOQ0p7e8bl7eMozNVJvkaN1RCnZ9Xi"},{"x":32,"y":15,"i":"tHObBK3PbiORhLdeYQmTPlOTlIkWoSuEaHgx0ZjBUU2SsU0bLEKKbDTtFzdg","l":"gyE9rgp8V9eM02M65hboQlZudiQcOnQt1elPd0UjNfxPJvUK4lZiTTW1FrLOyrCCa5lZossBTXktWTqJPoKnoFWT6fUYsHMRGf1C"},{"x":16,"y":23,"i":"7HldiEh8SE6dM9CKnfoBLaZ8KlTGKJ6CxS20QSL94ronhZzbKdVKihWYufDQ","l":"5cUJr92pTgbEGqodOMdxWX8fP19pvcPK7iKhOKuPg1NQqI46oCXap779c9UHDPJsVyb84SyTLAXmCAFoJf6RjOJk9L7QuVKa1d3d"},{"x":1,"y":44,"i":"1S9CHZ91PujYdYYK401QLQqQVRl3TNcrJZAL3D2eKVxPaDPhjUcObbCCVPF5","l":"Bq2Jn59tgPnBFyJBGQ7E3zDKmqxERlKhAfnQ4gxSXRfxANb2N5QHTRKcjubEegqtFEayJD1xLne2s3PG2DTEO4fp83A0HZ63iCaW"},{"x":16,"y":22,"i":"G7B64sOJNYrL6f3cG55CFLI4MtKIgIl3IhAj1zer5CIWGKVGY3jgKun3MsaX","l":"L4sZEYjZ1cmb5S4HLXiIaWElUF6jzMAtw7pTJjZV3EoAKzNhTuB4uXmLE4a7cKIXReQYapwDuoBqC3fN5Luw0fWu8ek5vAzJ2IvA"},{"x":9,"y":29,"i":"W4ZNzoSoFRDwaD3cT5gzDK7URahFp79bmYTTESAI51qmNvXSXq8PRwSEh18K","l":"9O99ITIjyXOvqt8rNWBb7Xan6uapo6VZGI0KH7q3jkiwmY13xJnlnHbFSPUIMrDzKaDcQuRGkonylXyu8ToBi9TNdis3BBfOwlZV"},{"x":26,"y":26,"i":"Y3LunqOZu9k3e8ZjOqJT97zOTkvrcDihl5B1URsO4ScSsaMZvI1E05zgpLt7","l":"ml0KwDiEI5oZ04HlGXLqlxSAcMe80FICjeMH0Hvc8bGEG70LNP6GUBeOoANSKqv2DbdGOaLuPedVU7AtcDWZBVH9xVPPqTviSjbV"},{"x":47,"y":47,"i":"0sJxFAxbstfVh9l07sNKiORULdsIvSeJ0S5Yf9gseYtzOUXTWAot2rObEeLa","l":"RRA6olLI9rIJLr0lw9ttkrPBpm65rEuggN3ZZHi5TFtGeMH1usuRi7UUs1NNIXzOuzwB1dccyVaSP5DtjrWGmnAJNUPADcMDqCwZ"},{"x":24,"y":0,"i":"taXxkfq66ohMPtl26PK0ZKUuCHmuHBcbuEx1aic5pQdcaVrAHpfQ1YDi1Am3","l":"p22jlVgSXgVIHGvAL9eHERpkGfhNyM4pc5JkE3yPw07Y8JiNrQRl6qeaeU9Vc9igVuBUk9ZleDlN2MwLz8wCEXFNjXd4isaJKf5y"},{"x":15,"y":24,"i":"6DRkzMQIGbDZr3H3t2iy7rp9yqV7cEbamFuMavH53QVsX1J0DY1WqrgPsaGB","l":"eiPyMZ2ZhCqa4k1DEmOZmlQx2ff6CdeRGGO7bOJ9fipn5cIBGEyam0yhjMO3PxMkuN3EZp6zCMhOx5YSyeXuCiGKvoI98hYQCD1S"},{"x":4,"y":14,"i":"g4g5ntIpwLdOdTiqF2pn0ML12K7XFjVL8niQZH4Es5Gc81wkUrm4QLBCrP6u","l":"uiSIlDlQzQhm21TmDMdgsTZaxRKZoMJetZu2msfsPpDw9a01Pgva4uxhJ6W16LF1Ct1T5pHSG1R2zkt7J7NRnjIWhy7er6OEvNJL"},{"x":5,"y":35,"i":"LUpjWFmlbJRbvzoU753Cv8DNLBhrUrT48XpQizD8vBDEOjArRSNp7uNLLbLc","l":"5cc6AUaDLMnXrnOWejzYc0yc2JDaZaB0UZLqzqVtngT4hqjWCgmdxWdaJEsb8zJRa0ipiS7aSi2ddXZWdniRxa78BUSCGUF3fAgp"},{"x":43,"y":32,"i":"4NwXQ81lwPB0WMBXn7AYZuBP7UwmeSTu5zxFQ2arRV2pZPiuMJxSKk69XsFt","l":"ylrNH993N9NtL3n3QcjckgLxl0LVjmKqyP1wgfTwN2BrlI2Q5RlxSN4kmKApBaHBVqB8yVYyQQvHae6XKL1pecoHKWczobPEzR5h"},{"x":37,"y":5,"i":"RsqZ4AXeURgMFdEOnm4UFDVmSNAPv5yrAM7uJmi4uthz92IypatI6nzVV355","l":"ayo2OlsjQIjEA9ehz24oAbAuHdlRGmJRGbLLpFDpL1WhXSh7pfuQFmrxqPAHFgltndcHXhB1glBoyRNRWw2xHyXC1gfyfLVlx2jr"},{"x":39,"y":6,"i":"UKEMsSdH3saa667utbpVtG1ayU7XPk5L6VOv7gJF5j7k87DspVPxBWHRqF7E","l":"6zALir11zJmmTxnofyabi1z62jZjGfo1XYlme8OtfkRPL22AEtyBywaK2lMEl7vw27pTpl0p3Xp8HJE1eITT6u4xy4HZLvzGMwk0"},{"x":48,"y":35,"i":"oOD0JdrCV7YnN5Q0PWecMxy0buj7JHKhHhcrcIAslrLBMB7PkwlwcZKTR3Tz","l":"rp9F9CFeKvMUxKsmFSnT4WArMsKDbjRGvGe0yIjxI8BaP5fodwGbpsfdXYE5KPmMSc68CFXJHg55qQeALc1hHC730PTEzuQHIe5f"},{"x":22,"y":6,"i":"YoaQ9mtBqVNsgc6HkcNk43H4yOQizmNt07eqGwA9on8R0cW1F5umMafszlSJ","l":"Whgg5G09gE0fnYZLyHCdhdJtPlt1eZi8oqEhBWnpmkClyS2iIJ6utJEUtcWSWxs6xmreD7FkjUF7F48fU4KYGvgqS5MsVlCFXdQc"},{"x":5,"y":43,"i":"X5ugTNGWn9JQfZhaToHNnDhkMIuKypCM2sUZ9DTJIxtC56aALING4KGxAcJA","l":"WtFVZu5xZUv3p8rd14jEBBBWmlkh9HaFH1MAo7XxY31JSXcv8cREvVXMjxb28aTTUVgtzKykMEii27CEbMG8cWKAhLsdzDJGDTvj"},{"x":15,"y":12,"i":"8NxPnaTRDbKVBK8OPA4k4znDyWO7dU5gYRnZguv8pWN8aopErgKPGjsTcaol","l":"PhLQvtzE8df6ANGhYrXpUMHo2ZAq0CU46XxFhThfAbL1kJaFhkETP0jTYYU2sncIEoXNoPo9j6gO3sFSxosO9bJLt5FXdozCIJJQ"}]}