{"results":[{"x":32,"y":29,"i":"GU9oN2fTRpVxbO7Guxu6jDqpFHDSy86OgeLJgT1DMzOnBdqTcklLwMiHPgOU","l":"I3cunsgejzYcv5dqHZSU32ESvV2LlvBkkGohtVVXD7r2KMTI8w13UI7UnFwiz2G8cJhF9UVhCL696OxpT03Fh8XhilN7Rn7iAu4R"},{"x":29,"y":45,"i":"YG7mseAhIwE72boE1XFuNI4MqSDgSucy9nSot7hzM4xEDTnl8t2tmj9LwWZD","l":"9vgt0byOa7bKC1zPzEx39Zo4yHWHnUzK9vwSEXPqqPKbO18agvGe3lrduD1I4AOsDuoUwgGyWsx3DRbv7YNmzsf1r7s5rTe5WzH5"},{"x":27,"y":41,"i":"oaoDk9Ouev5YFJz5TpaoV2aLBnxLM9KfApEBCt4FPpDR8Re88buoDcsAG2M3","l":"hInpfbKYgiYlW0ANVmn5OYKrh3Yt4uCDR75Iw51mlGvEifPy4uKdc3NCcDomNpEvtYMyejSyM8ZkpmeekdsNAWzFxpYNkYq1Eb9z"},{"x":32,"y":20,"i":"yDyBGijrEWF5aX86fxcbIBqQbIQOsUrfsaslsloxt6zIphvpr7Tc92DxxWra","l":"tu69sfEro0GKfJLgxX8tt6syopYKcICRl1N5igqBA8ACPUcrgj669J6eJRmXDvjMLWoaaeyVXAxD1kACYvPsSl2B5rb3144L0uLi"},{"x":1,"y":24,"i":"kz0E0doEOAT4onIsss1hGakSO2xbsSGRD7ymbAkNCJeW2Byb7A1oiHmP3pSk","l":"v4whnIHgnSFMXMt5kAb9e24NOBtmGiyxTUbDqTwXWVun7x1FJ4jPv6zEExHrtR7f9HtExh0TN2AuP9R764mRSekAomPR2dGj7ZjT"},{"x":23,"y":4,"i":"Wo2pV6jpjywqLhLjgmO8YV64dHPPGYP6j4zelBtIces62nrta00oqK18cCJL","l":"WIUuGjvGkG4Op7pbUA779WW5FxQVSlGxMHDZd2myYIqc3osSNl42p8xiLFsR4AYFNh8qdaSQCtkcBFvc2nwMrM22FJ0xjrEd0OIb"},{"x":12,"y":34,"i":"9IfHIGFy0oU3fmkdpsrhUSJVstmTF9ySpXd80DzLnufdWaeIgKwzRiQSqFu7","l":"eJJloB3CziSd86DWkVBZ3zh4oKJ4oC0LOGERnV3uUPsGllAzf54jwzyuy7bya8OEm0qFSdxup26VCmRoERoihWNRlOMyhuzajM4N"},{"x":1,"y":10,"i":"ZJAMT8qnHKiil10NmA7TgAegb1Pjml4OTUDvCgJOlOsRxyM3ed86QoG03VkL","l":"nLJ9FbSIyq7Zt2oFK4yYdwvCqY51SHJN3eLypQE8b3rZvF7NAWMRaJDZKoIsziOzY413qcjYNJbo0KPkFV7DInvF0jJ2TVnCd3AA"},{"x":20,"y":16,"i":"nKqYx35NysmlFbfdgakSWcKJqTpFfiE3CCXgvYoKofLqfBij3gnp7ToTIfJW","l":"5e1AE3DWsZsEGmWuxRIWYybMzG8uhogoKh41n2jaIcARskWjNREobNO1akb1l2TsS5533PEwOrEJ8GPPPe3i0wz6QRwRzSiyhWTW"},{"x":12,"y":20,"i":"XDT76O5BkT3I8Vz6dFzCK3a303OdZ2MBHo06EKEg1j5OUMLmZn6qPNxnLnN1","l":"m9RX7PANk2IDYugrzwWYeaDg0GzsniOlZ7NF0gwTWM36wwogWyqnDTSKNKc006Tswt7zr60ZqiJBHQd9iadVWmjWDiLOeZAdJaCV"},{"x":6,"y":49,"i":"cJV0BRIbumcMnZRO4kzrAbG93iDZRtX7jpW6WWBHfKV9Zi59Wvu2Cq0JY4ho","l":"Rp7rvtpQkoZ8O6F9OW7HtsNE4qXS3xoPo9TqI9Dy9mxfgCPBNZet8SEULDcUv0xn22KBSFkXrOn9spzgVnQEzZ9YjKtQGuhJRD1m"},{"x":13,"y":27,"i":"OReAcR7PuGTFcsk6pEDMaQWx0h15ctbgY8nPP7i6Pm1UbPYXd1dR3TKiGRRw","l":"DEPKqzSyOlvTnziFzdkhclThoqQKO9FR3fiD68nyiuyNZRqWE9VoPpVhqQaezHazv4tVGT7tMiINJHqGOuWpYxdhrZ65CPojlIJJ"},{"x":28,"y":18,"i":"0H1BN7fNrFYC2OSv5R0vAc0JG1JLkDai0I1r5GsrMEG7aOlMVseBSvW2459U","l":"4t2vhmOYLG8RcP81dCLETglarKhhkPw1mPE4G35AjjKQohxhPEINs5e6C3R3t6xvCHoUfuZXDkK4ibos5Kszm1tg7DeFl5fUlopn"},{"x":46,"y":49,"i":"wM8zd2QNqA018iIbB9llY7fCVUoXPrJICIGYl8tdlI9jdHYLJtBHZI4MyzbF","l":"nSX9Rt91rvPYrs5QOVVuuMBxhKCZcxfLC2niVUmCsOAzm1UtI1jGnJGgxAdgGQDTtsdnXHsDf81G9DQcbTbhOMBUYaSQfpbFUVJG"},{"x":38,"y":5,"i":"pRnGs74d5faYYSJX0c1DIDCoEno153Q2WVnnk8OAbJi5YURfW3cCo65KeHiz","l":"MCplBpY766qsjwqlNno5R1z0XVHyk0cCyQTRMlCJkMflgLspLfH9Ig3s8sITEE9Up1uXZakFqPFy404rLCgIBaT9SZ5MXHHfqh3l"},{"x":22,"y":9,"i":"ZhOprzaFH4zhs3HWFJbCS3FIEMVfvx6eSAZ48mwkJyvloZeRBpxZfDXrdKjX","l":"dn4ER9Q1LZeAXpOMGtn3rpfzJPNNTyCgxdY1ekIWwSSrhnpXDPAPd15Qma9yBwiPQgNtZvpRaPij63DFtIOOYDWkyrdcjrP6jAZH"},{"x":1,"y":16,"i":"gf0fKpBoTtHWdaeJc7KCkLrx12GkaHZwBxpYSgYkoyfHuJDvZVMbVKJGNeMM","l":"8kn0rQNcFBbntjmmfVxh7s1oNWQGBoF4atodsULc8nn6QvRal7acixUI2KE74mEAq0No7auKjrReSCZubkbdUGc5Qz6mcN0R2scp"},{"x":26,"y":43,"i":"5Vua1aPw0SrbgFO1jSEb6ipi02phWuWx4uDttYAhgERSalqeUMQqGsOX7RIh","l":"G7yocnsmeSLQ3KLUAYjpUIiRBZAQZ1IZOUuLLgsAcz4wQpu75FiXAhuT432KfO3hluJTr5aRhYplpNXd5ezHFBmK2X2BSgcaLfaM"},{"x":13,"y":38,"i":"FOfChAxoy9Ustyxhm8xQneYYsCY53GO4WgFm6942PH5NGhym7gTDOxC5j64F","l":"AtBfcD2OveOXw34Lsavp8lDeF0A0jOkvNCdM38Ld1fjHjbQQMB6pAzNMOmaS8X7RpjOsLD4zUOTbqoa24HVV2rTtWnAN8swGVV2Z"},{"x":5,"y":49,"i":"XycykVimmSB9yGeqzQMXjUCrFqkzw48r4Hc68af0uJ1XPgGoNiqTpNuw3EG6","l":"Ihbs1JiY8kRgNhKMvgySVUVaBnAHl3386f1m0y6xJSQiorc3TOKygkLW5CowQQR2o4nRLv8dOKbCElBWcwWv7DsQCSuMC76UT9uh"},{"x":12,"y":24,"i":"IQbk8Hl1pkWw4woVWO3Q62Dp2GsomiX7rhmqoBTyWEgbtjdb7Jz5TV9uJlNz","l":"19pchjVKS3sh2ONatdXrkf58fB8huqUjXvTkRZfSDMOjEzVQuJzdSen1Ss5CHdFj9RRNl1tUIM9WiWVNM0GQUAlwxIIbOzkf8mHB"},{"x":23,"y":10,"i":"AquJLyD4GqCvBYlU6bS7mSciUmrv5KqSHnGHnPnqnQpqfaEwhiVBv1ZCWxg9","l":"SgVibgSk47qsAr6qYcolqFfZrIbJkO38nnhCtDkiCmFpp82ADQcyURd2NIpzlFoFQZXZ9IV2EZjRi88GBmHaDuvEsyAilc3UzFqI"},{"x":34,"y":23,"i":"xul61YtnlrlTNG78ERiP2w5Vhdr9C6EzuvZbWansF2WdaaLFsitzLN1qVTZK","l":"cPZc3Avx200wJUfMdaORcf4bBKyysTFCsjqvdcI2zE0H3fmNaB2uiub6Rb7ryhLinW2z6OUmTyQuHdLgatFAevR3oIQIVXfC4m3n"},{"x":27,"y":26,"i":"zHlJWx1AVXyUbYn0np9b0DE9PT16ACnOd2KmeBfqGXkaGOEew1RiN6f0mPoz","l":"bGksZOYjkagRWThttsD5geuT8UuWTMm3pczWmSpm5I41Vek2KT0mvQvnEkGxpQHLgRxzMx2qAzAsIytn06AjwZbg7w31rFGBWNQ6"},{"x":31,"y":42,"i":"JCx8UkhYP5UDENGWD6tve4oVGMerMjXT76aSkm9JVgzF4KesBWd80NY7JACf","l":"R1PTWl9ZEXUmqkp3ibCJObxFRDSsKhHIZDBldkGoR4eHdXzPngD5Cdlt9CjTGX1Ij9qL3LSXnQjWvgjg3f0o51l2vc4hJ5vQSwoi"},{"x":45,"y":14,"i":"lA80CUxTf4QGUplT9MSZG1I2Lb4vzaa9kxbHmNthLVM7JNMzg91LUrbNSw2S","l":"M9tetXT0BToi9B6KJv6KaCLVT5lFMEgAd7dQ4VayVLG64jpRGYLmij6ZIcQb2eyXi1gJ8RnNDbZIM3BOSWz1VNrey1Du2qDvFygW"},{"x":14,"y":49,"i":"fiJMtO1DwabVQe74ASpSogMDeokVK2j2PQXUMkpjbo4PcLOUloBHHZgvK7eM","l":"zfvLrccwwyqU9pmAZTEDxSrVaOc01Gb3K9NFsUwSf3fqCjhWwbFY0oyWiRvuz8KnL5KxWl4INEzrKkb8jzFImsP7tWHARk9yOwGx"},{"x":13,"y":10,"i":"LOZLoDQk4TG6d2ctRWAYRWgu63n5Mzs8jTl2oyGnadHFtzP55wFX4A8UWS1l","l":"ORkdg06yCXKt6NonzblFC2KBCRdVcxuufxLeKZ5eKcllPnzWScdHXlZM0qG5lce1aoNowgmdeB0UjZthrW0KSGO3EQO7wFAUtGip"},{"x":30,"y":15,"i":"JbOQsIffySqWvIgt74hJcNsw4KWFB03nSurLpF2sZfPagEpl8GBhTwBWm7tw","l":"D7H8q3pfuKkAVK1SvQBA2pYCjsruynFLuoBMMG4MqqHdLu50IjkkxNgw1iAsUpPqxvL5GdkybE8BNRc3lcCrnbNYjXNMtIY5XDER"},{"x":34,"y":15,"i":"YLx5DW4nLyeIJpI94sPTcppjDaQUN5MZCRj9SQBv04V9peIV7vCS9ETzp5CA","l":"eP3Jzow5S0exWJNBnvteImiC0DxcLkbi08SDRF8PuSzJMDOYq9RDYPQwy4hb4YtUeIVvdMkfvHhMh8cApylxYWwTLUerk2kYs1Pg"},{"x":21,"y":18,"i":"7KHeJx942pHQ2wtmD1vWQBCJM7G2dAjBrsOe7zOPRRJOvDFVhXWArhDHzCMn","l":"c9DQ58uy0WhFVtiXkMCFvAYepn78UjJ1xlhb7OKGokHzTP3oFrxehKkMPQUYFiZJW6uXfWQxtD7DkP5TK9lSfStdqUpw8fj5ean3"},{"x":0,"y":40,"i":"QQjxv2eim06Z2Sg46E2VIE8qZUgzHa52Nxi21RFqPBMAgqPWFLIK0yuCJVnw","l":"BCmHWDK3mYT5O3TaocuBhxsk6OmB6fg1V7WLFadmdmYtGXaxFhK4qdSUFtgSAAhg9YGoCscCMB1aYZVuiCJwdVEQtqptgAX70zTg"},{"x":11,"y":6,"i":"phJLJRFjUQHdhq3qDuzEfEHSWVZafIerpEJoI3sDqXvGE81ynZSCAGkM2wPy","l":"sV1hnXGOLSg5Yx8ItfgoXRVPac0eXPCAHIspZEyzE4B6RWV42XkW94fsSPYohb8lBXDGabyak2IaIvjzCf6IS4wmwzNVNJOrGIW2"},{"x":46,"y":47,"i":"WYveMyVU5oq8hcAGSbGZWKnAG3dGZgsIehgjEaQlbDuEChihCbIt364dzrOx","l":"YkRR4p5f3x11ubjuR05NnRlkHYSzWbkLIPnRfvKtHuFhWSte54EflWmAExZg5d5BGC0Icbo07ZyRjKd9qqzdhTcdYdJ79reBVqVz"},{"x":21,"y":1,"i":"4oT8u1GAH6vMcFklr7E0PCWc8yjK2CoqCP4fdBA4BjwBh6O8YCakCkb25Nxm","l":"4fwuBfFLCFNY7l5rPFcHfloF97fQ9NTIwG93sGUoon32MP7N6QM2zNKHdoKC3TMfpEkowMSrQWh7NeMr2YnukUWzNviczBCK3LRL"},{"x":31,"y":1,"i":"hqX0wkqZKqhHwE5Oq4R86lIrAgafXnu9bUU9HCd6PFYA9lMKOLBTl8vvhSty","l":"LdDeWBaYj63EZU9uAEd3Psd4FcfC2L4pWPS3IVHyQfTX0iWxdYBmwlon0zPwvbxpWU3DmL3tECLgy8oDkNm0wtlj7vTNe6ZjuiRW"},{"x":41,"y":3,"i":"hg5A71VfrrTRhUKJI3jJf23y30avKAUMhV8gMd8gyekpGsQlgirHrepExi47","l":"5bafj1iJ5vNF6uirBGsIuUeIXU2ledCJHxrXSxJvcWP17kuHBBqU3WvKVPa8eSymTMnrn7t0BPn516BwT9CHyRj82IrsswZN2Jqm"},{"x":38,"y":22,"i":"mBzRY8mTvvfpMVYpPaQKPITct6yvqdPkUU68QdOnakMhI7ACm2wiorVvYIHD","l":"xy2nDtb9vlqfqX0mA0y6dqIQcLRYgLQKKUbh4QB7SRomvqntEbo6nv8EikHnV47TAIQk4bGwO8fEq2SCT0acd7fUkKw1KSlmnkFB"},{"x":27,"y":49,"i":"S27THrexnXTzOx0Drx2aUz0xignvihm9o0AyUI5jEwjd3n5XtJFrDixvt1Ie","l":"eqCPUy0iY1aKzKGkSI5S8xmTmsO8p6kvFnjAP0qj6C4ihdzI7T3kfw36btB9BKTbmT04R3HRVzQN00En8WNPUu0Lp3X4DtV1mkdH"},{"x":12,"y":33,"i":"PV3X8KFovaRykp7BNSCAT14rtEk3swmXuwsbt4QZhgD9WpJHtmYvLOFYyXwe","l":"snIanW2Px8uKZdQCoKt2l9r2Hpgu3bSFT8ei87Tfo6gwxj9ZDD4uxdifxccg9RWUHEH200294XzSx7yyrhKEYVxhD7ByacNN6eg4"},{"x":36,"y":32,"i":"rqlZV68Z5dBQp4314eW5wAbETAvHlNZKAEKkrlafWo2HLrTC97m70n34sNTH","l":"SI8XxTpNjLcS5yy1eqI6ccTnougn6BKaCJgxqSCiRNFMUWYqbLIaSdi4kzLErepQlwrBQOSbL1345lBsektep9JObSJrYmrDbuxh"},{"x":32,"y":31,"i":"RYhtK52Ztwxs1nsTmCS7jIOdG70Mw4IVI1duKJ5vBlpY8GvCHcRoPvFKsFgG","l":"DJwg4xSK8mzPMCjwICB6Dq4my51dtg7rZf5C6MqA9wWwNV08JlDcSosIko2MhOEXip3MScFdnXk12Gq6wDPxdhRV7WXzCOHa8Vok"},{"x":29,"y":6,"i":"WYLdBg3d7EA0by19KwoKbAAXvkmfPgYyIU0lRejGub8sgg0QDBCNOdoy8dPi","l":"5z3yvtwNE2HAD9ysouEoD3FssB62g860poVj3LVxbCyPntl0cyZYrijukkqMqIsueiFnHZTJaCqVzLcmAHc0jH6Sn284GRDHrJ8I"},{"x":22,"y":30,"i":"S1XlNGpSATaTJQhpY8oCVBkguG8z2eh2b7zqwF3Uh7MvIrM7Q11uuZBqBL3P","l":"NDKzST6q72SXetz3YcVkrjlRKjKk2W5fXeMI6ekp89OAlDZ56QqTU55l9LuzaLgZfuVSER2bXq0EMyL44rApJXDnpYcAq8ULMPtn"},{"x":38,"y":18,"i":"GXT1KeaAs1QHSwkrPygdQg3RRnNVScOk14KlPS89KPAyqr1IdeCJ4kaNELaR","l":"5oXkNuxyZ0dPiCQjWbwfvDenJ3LFyQHrwXnMseBd1LbfOVAEe4448CxkIPjzIhrSHDOCctJNLpjYT86ArsnL7MCU8MFsjaKOyMbT"},{"x":39,"y":11,"i":"IadvxzBJbMYHvTI6dqMd4OYhicQvxmeGkq9WcvPA1Biz8pgX4zgk5cDmuIbK","l":"Cxuv9a6o2IrNAG7QhHGS0jDXmtuinz4Uxxpu2NdxCGQDc0mjFHB6tkxN2CYbx2Xvw6xPlksOMybnAtxJpFyydyY4Z2tzL7vsT7Yw"},{"x":36,"y":41,"i":"CUOBGoHPGFaeYMhIk1zSxvdVbSYtS9zAAyUG8HAs8mZeT8kBsIpZD7cyo3f5","l":"cE0tuVs5TcffkSGjGRMZpqf2GKMFcHtQY9aS9ROdDIhmcA657Y0vZ3ey7EJWfpjGcHxZpgXjlKSYUJLXd0wCLku1R7rTag0dMHts"},{"x":21,"y":16,"i":"4JEb355SSheZwu8aK7fAULgqDPzgCntEkiz1qG9CMunieezQMR7Hz0k6Yljo","l":"4bNT0fAyK4bFyGKodNtJyOhQHiSZMinjceP5AoiWhpvloxuGIJiF8Rw937aklcIrrxVyf6uUXhZXhaqvUO1BDVFcqxr36FbOLRri"},{"x":31,"y":6,"i":"4mSBQm7bgyPZr6BkfBluoxm9LdDnPS9WEzjr9kw1zPLBU522ulGNYVA0YbIv","l":"ulrRr1DXmqxWlAQH6tsiN7FtATKL7gijsj0FNvKsoVkeZbeVaev7p7RjK645O8ZL4YLUjQF3aXmEnR3UrNwkxQrj8U8ufanEPiMk"},{"x":14,"y":8,"i":"KB8Wi47GjFFwLHi6l9t9brS7d9rF7MKhEGEQydrzE0VSP75sW12xWKPHGiHi","l":"j79QMMu6Njmf4LkEs4DNsDFGBZdn55vCdQkicFt0CLMdxGQluupgRrGTyDbRwA1UdP5M0Q1eAQLUw3Fw5hRq6mHpv0iQpzZpvYmi"},{"x":16,"y":30,"i":"nP834nKFQydtp6wOKZ4h5gofZG2Z93Jyp7gFyE6ymcthMwC6dkOWuYKjAbjh","l":"bEAjx5cMOnhOfGPU971eMHWjpmyJUxx2jkRHoZYPB5aBPHN37yz9iIJ7ERWD5n77ioWjKy8Qvdb0F2VwHX2jAmtxIVg6x9Z6cDne"},{"x":31,"y":36,"i":"JpnRZ1ZV7M4J1B0mOpA5otCfbZSK35ALmfeyDImhl0zWBdnZwvar4rV2K2U8","l":"cy1X12ORniAYekEBfyA7uszWUeuBiiT83wMhXNz6NmM7dwyuMxuPQXCj2LjuSb0LTnfdMTlgaCBtl9PbEU79M0mPVMFgIpCIzUcR"},{"x":13,"y":42,"i":"5pSlyYCB3GNP9XD43dQlSSwgmhRpyMzuaZzq3pgq2raZC60IWnmBWAo7MIxc","l":"ro61yfbZoQ7V7GVm49pQ2FsvqUGsETbiVUVk5twWNKPwb6Z1QhE9zAaYVKwvkOsxBamslwKWD9Nr8bC0QsL6Co3rUhMfhm5GnoEx"},{"x":38,"y":0,"i":"FKOhOwJgXD9JPa7d4iTGrawrD2sopSkBlamy5WNGF6qvmPdhOgzdYZRUkg31","l":"CQgAQ0ia8S6kaMK818FEwLP8PSDIVgJwHrrVJi4ivNfBv4VsKRRWqIDS9oTy8SpezPslxPhOR0Evv59s57wY9uc8bgRyfERKc6gy"},{"x":37,"y":41,"i":"VDQFY61ZDBFQfM5ehH14gJQiO1UhxKFT1tqKta3xePSiQ8AqlwpBVzvk4O9Z","l":"2rdURKf11gspuqmPx3vwnXOnZBPxUDJJfFP3CES2Stjzpa0AeRqJ0GGDN4v3QMM8cwrNUoLsYBIxkGDAH0vBXpuAaUjfy5NzsshH"},{"x":35,"y":20,"i":"Z6ivYD8MTwJbuxm7biBNKeDiWToti1e4FhTbL9FbFSE1XW7YvKs35lOGQa9g","l":"Nl0M1djpawM36fSWFOFWrEvA85Mhz3VpBuP14CAw1ph8SX6NJ6jGqITQqK2CmjCf6wPfpPWoxFDmArVLaETtoDB3VkspoEZAkfrQ"},{"x":25,"y":2,"i":"N7E6mhfN9AzvD1nHz7qIcQqTjpNZSs1lVtt9NltADcHZUE5YcaYJB41sPMp5","l":"YZBJrLX4itFRxi9GYoACyBwwIUuL8gxuU1VZgf331wbWNDzE5djOVEFodTtuqj54KKBixRlPJLdaxlGDDbNyicgZ6lyksOHJVnNI"},{"x":40,"y":33,"i":"yeBAvQ6S1OwJe2BYxVJUoudAQFydiK90Lrxf3XyxNt33oI7CrC2YHiTKBwUn","l":"dLslUb6IiB0eU6Ww3OWrSQK0Vkv1nTkJfnuSor2BCtPbY3d8g1XHn0iVbJooa3VWajpwtzfPw79xFKXkDnngcSztOCpsciJIdX1U"},{"x":43,"y":5,"i":"jUyrRRCz6o8Z4WqHnlWAGhpjKEFdqgQJqOT4WjcuTDDvFWb1nX0sq6Qtzb5i","l":"kb9zCSvpPvQJsEUKTTTvQWM6qcXmIjq2LWGeIHKRGQ3osVp9Xgxkc8S9nyHsAU6XpY9SImbxHUZiv9HJFFoCGKbyX3DhPAGyUoWI"},{"x":8,"y":21,"i":"JsrfKBvGaOfUPOhcG96U1X0GoLXOj30r1RvNkajX2oWResC9lfwj2HGroPrq","l":"oRBVtxbEbHgj3XQzgWFgPpPD6RY6Gk1G4AZkZAwiv9obNBe0tdGRWwyrgheaqxL1osYkVhd3g8ihSaz3IbfwsibVzTFMIGiuMyq5"},{"x":44,"y":8,"i":"ArIo3KA1ARVU9dLqHZP71nga387hiX3E80zK1nFbZL3rTIgc7cOlS61U95oi","l":"VMbtjgwL11VjTMiTkjqmgKuf0lV8suDxQGSgIcyxaKQbV8OsvoPztyDBlYTlduqbOngfgqb8OkD3eOazlZwVdV2feR3mOmejTBUU"},{"x":22,"y":5,"i":"sRxKWrDQcWYX5xcrn2UzfzTaqRKe9JT5FFtHYMGi1Y4z4nQaJYusv6QldZAA","l":"hHr74gcemhImZuvGzSx4LZ3zXZjde38kxxSumWbjPCP7uvrJuCEa1bjb7V80E8iHalqtDIQEzgWTSR65VSxcZOqgLIVavu0FFtfp"},{"x":35,"y":12,"i":"c5aRZwstbguOiElBCsUEKHBIgY7ZQVfNYmb8YUe4r3XGRoQ3PgREnTaKbvcx","l":"OckKZg8vTPQG04c66gfIO6lC8XlBaGharpsgXdjmYcn1t80DDcorokBedVfm5uAlPQuFPMJIGGBNTKv8KJOGAipEmUSQ5QFvAJPb"},{"x":44,"y":14,"i":"4f3fX2o73E4xo7iUphYoB7NTruFaBtpLPUfQ5c3mioNlQ40KRz1dOK2bhwSb","l":"yCIHFAIKyxJCumYhi3yG5WKdmoXsnCpA4fKy3hrIIvN24OnqOO5jpbiFaTfsxeyxECypuPf3Ohym3OYyypwMp7Xhqy6RUqdoCPUK"},{"x":15,"y":5,"i":"09wyp0ofIb1TZrqU3jV2gb3V8HJRuTBT9CivjbwbMe5r6CE7ERmrl1iFH4M8","l":"ae3aboWMuhEQ3OTQJMvNCOfyjPqFI4xLtxUD9Use8ZfgNMMlEAlOUO6d3FhPzUgEl92V8Cex8SOqJmjLAfdjyCVL0r4LZm7funjJ"},{"x":12,"y":23,"i":"ZkPooMhd8QM4FGLtDIGtXCn8luTW45WfFXHGDnRKIDhQcDUGFyn2Dl5rFcue","l":"jPdnKX394htMOoMGvfb8B3IHVfrDiby6CADeYmqcZODz5peF5A4keIIoIRjd357GZEFQ2aeuT7Y9RXoGNMjhUQSP1RjE5eAizRqz"},{"x":9,"y":21,"i":"fw9VdJVbTKDZmwwz2eYzMdIt2Zguy7GQKv4yRIgLYZjKPPw1reME4Vhyy0oA","l":"i5cKNbgmuyTAB3cv8aXaJq7h9BAGgY9Fpr1YdKwjfHNU4TflaSQCXlu9j2Plhz9fByHMddYTuRv60xvAJRCI6ebVNSWi80cc42fC"},{"x":25,"y":49,"i":"feQhlvp5oPbvmbklZYOG3uRcvl5CsLkDL085HlPfhPclhdsERbAPGh3BVHRw","l":"17ZUFubn6isGkmJ7Tp1pDWUKsJEzxBhi4FbtgCjlWfDUh3723JwRSNJwG3R7acwmWo9t0rLt4mMyCDEaOXdTVpKRoEFMyZ64Ft9a"},{"x":39,"y":20,"i":"xqa5c8uSm2JQQRWEVwN5hl15zIqzTb2q7qVLOXVoGdw6XUgiwvrZHcBhFxcu","l":"l5veIwT0Y9qsxyGkVd19ibN2JBGR8U9mlUSoVBIiy2SiXzpv6tr8DbYSE37YEnC7OzBmVTkc7d5vjhUgmnUE5jmPfj1TK5nPdasv"},{"x":29,"y":39,"i":"TU1Fraq7r1MHADigc56IkMFLIjnEQ1XavDRawBAQEso5q491LYVgdGn0Pigd","l":"lHUmfm9s0gUoz6KIe2kqqjwX4Bbazuq7qW09skERfZOP7ltlMjO3ZEaBz85u6KbCl0QvoWtXFn8rY2aFDJ0Ukxi4qFXu6RMsR1UK"},{"x":33,"y":4,"i":"1z8OCZrUetkoc1old6jIpULCUABGaaVK0uqvUBhvE5zhgIn4pJoYbhu21uf7","l":"GjWFoQdmyj2ZM8tC562NYnz3XUrUIMBnB8BmtU3r56r6dDUUGn0lQfWEiLBg9EPgeQO58DT5BooIarBosegxKjTs2FsgsBX1ln3H"},{"x":41,"y":45,"i":"NorfkrEXQ2L4U8uDuBtmXDokXFlhB5BsH47vVUnLf4qDp2rYGFu57rhh40NN","l":"8gBlJjaZxKwMKCyL2piRxQltZrHGbEMEN1r4XqFQICyXaHjVh82hvDWLpmVBerf2zGsqhdfMjH26gz1GgW8QJglobFPC9yKjeBrW"},{"x":15,"y":40,"i":"sBfAThKRjlQGKPcSWZ0dCanHnJu1SIrEE4A3HusXnbBPoM5duAkUzDY56EP1","l":"yKNVmNdKL6GkruPHlYwoPKLyYplSqc7kRtfdykCHYL3n09ySAjM0bwgU2iUVA9wjD98lDGdgco4VVhUGl6OABBgkbSlgCI8REqxd"},{"x":15,"y":29,"i":"yB3pWzSU4yXzZbx9tsaebRuXNMCdCibnev6dawrTpMLUkbJBS7hTfsXLn1o4","l":"jbPcoeipLBCoS0DUW70KcRIFy45atzVzixjotLpubQmGvOnavSGlDvajHKN3yqV6FwxJrC58SDC2tjbSFA7pkoqGx1EBolPJa0Kv"},{"x":11,"y":7,"i":"bMzEgAJFJ5X2afBHww9BzHZTrfgIo5PNHSdyV5hH2yNbDRbjVbJzRtQGMgg3","l":"yAqtddrCWGkKxpSePCoj47Wa2LOn97fmGOa3EYkQouW5uXnqBi2pFQxpwZU9LcmM91NZ3RE7TRrTy3yA9PQWQ2ASk5OwEuWDiCts"},{"x":21,"y":23,"i":"J6J042t90dt2n6stSby6tEMD7JndxH1Yd99NrcgjH21oWGvVsXpHhdu2oyi3","l":"888JmY7CwIKpohS2zuXC5mfYrYFUaBt8SN2ISMoQT772g465AglnPK3pFcUu9Xe8pWS1YpCNgBT9WbbEKrZLvuqecC1Z3y5rqLOF"},{"x":9,"y":42,"i":"bstzcDkGIZx0OqBqYEKzWJ3NZnYCiZWstRDQX5u2Q24WbvDDLr8sKGmWStMw","l":"MCm4dwihkujd9NAwLQ8IxGQZPP18Q5tV7xzezUyeJ7ycjcSC7numou88x5sBMjWk3LaMFqGYgQCdblxmcziyKd6UUmhbumey77v1"}]}