{"results":[{"x":48,"y":38,"i":"e8a2AMI4yLOnFAc0BAEEcYr2ia5kXMvZWSOi8rhbjBevn3pAPurIZ1OedD5t","l":"cB89bwMJqML0SSn5PCcDJakeczCgN6HvIIb09M8d0gWbMbByJWRPso653pQ7rOTdYGw6otnI24e6NfyzaUdg1xJGauRqz5B4bZy6"},{"x":38,"y":42,"i":"7Mzmywlm3AQhfFo8wWjBY6lAatzggdOmcJ8dcBtJXq5OIVobJZW16OpViTq8","l":"hP7CCUOsRcFN6Nqc2s28CKjrBss99ZxbAwGVG4C4YTkEdHMXkPPJafVfh8XsrB1kGdErFAeKzt78O79iDzH0sSFtsz8n9LHsFuuS"},{"x":5,"y":27,"i":"X1me2V4ceI9efzsI4AuQL1jRNxPGZ3INSiQaYQmEQ7595zaI9DxsUXJK14v4","l":"yzt0Upl7YXqp3rgMpe1tFf7kkmHgQyf2rP5dWAeDmLu3CwGywonnksjbgZehz24dU1zcwLl3dIPktttrmOfOARmUFFTQq6OAtBG8"},{"x":18,"y":19,"i":"cOBI9jcDoHRMJeD7G5zKaFu9FhMnrmvpKUd89rW246XIraqKehV8CO2nYhp8","l":"87XcCSLouQYaBYQKWtDFMVxlAAbLx8lLQ8mrfxhYPwhm9BFleCLHTGKu2xgBWDjW874jBwSizPSr7LjJs5QvG3RDrvfGJqSLtLq5"},{"x":12,"y":33,"i":"4JI7Pio57QSN8v3ZiA6lFJqr1HUhClHv4qqFvGq7sEvjpLjoZi4Atlbhyyj4","l":"wMIxCry5yApI82kmWqqmrWhNOD45W1fGvPaG6iYm3t4Z5yvCWN5Ww2RLBR9UAaJ18IPayo48Bzk9wYUStDwqXMQA4C4YthydnSKh"},{"x":9,"y":3,"i":"gQNonvdcU32JOvAdaRDD613XuM1AhfzegSVA2t8FGV3s7d53sk3vKsIfaSxw","l":"IC5v725j5qtoIJuvnShGQzqtcJIffKUl7JGRLWwtBIVYrHp6vWv8IitbR7VOHULDE5rVSiWUrz6NcCLsoWN3Y2busZhdyWHxXRrd"},{"x":14,"y":38,"i":"U0iG0e4l29n3h5D7c9UuVoNb62dEdFxfQx7ajrXP0ZNt8uU9yj4o2jyrtMNt","l":"kqmrI5ACDYS4BEjC5UnDMxBLRUG43uQhpiBeZWJG3ymiYrb76OMEGfhM1E2W1xEXfJ2JaOz3ZKWs9GulS48zMlvhAM2LIm4XsBzh"},{"x":30,"y":24,"i":"USl7dup62StSZXb3JGuvpy8U9DtPxHYYD1wzQexqLhQfxkW8hkVOSECNfb1U","l":"XcuKqxJPA5NmrNWTRtgLYEKHieCNO3MjgMpA9jdiw9KnL9iLH3IGyEblhLAVPRJIp3AeVCuNLz6iasEMT8TMKCiOjKPOAF5haj5N"},{"x":0,"y":46,"i":"Jf4avyGMu2cNZqZ88eNWja6E7lZuBmOjhCnlZiqv8R12drmNLq0IoqgI2l8j","l":"T1YTIHIksDVwV2RMPIexn4YHjr4HJkWY1rafpO33KGNyk1W7itfSaCUEm2AB4AHXci7PhVnZUHcUgEVRez6n4xHSyw1ThOSkb2k9"},{"x":29,"y":37,"i":"0e5tEBEitxx407kugvnKhaCKw9u0lOiFKsIEgGO933tEZrWaaCzT9J8y0cH1","l":"a8RkIpR2HhS6sarAxNoq6U636qhHQInbGSNAUJvV7iU5NcS24oWjmp9PcEhCmik4PmYyZ0udvChFAzdVglc7Ao6BNDZKrm03Bmnn"},{"x":46,"y":35,"i":"CsOAq40U312bjxRCG6PU9EKlhAc5vLJZrwl5CEEd6xPqE8Z4djJWqQGHS634","l":"UdjQtEVIFEF9enKZC5nPPOudrD31PAKknjMGa9XAVjYU8xZWAiDrdfWo0kaL13js5OEyBdPc1EJTo6LUtPoKr0tjHbPYmz0l7FWi"},{"x":29,"y":6,"i":"YQVclfDCVDKfxSSa4xOU4NR5FaeQaIsrW1OvWJFFrngiEQddKibAd9XZb0gb","l":"7hB2yAfxCyVKjJc0NME74iw9BALPtrrL47vbwGPwcBOzRtx9WzRA3rrd0A8EjhoOfZ4zxWq03LfEIk4iT4gwHMu6fWv39arHQpPw"},{"x":36,"y":3,"i":"kgkbYYJIZ8dTScjANoMVsHG1eg3mT0Q89tV1UoKrjdvxq2PTaTI8IyEmadaa","l":"ap5av664xRdFClm2Obc823M6IuOXRPT0pV3Lk3DJm34dgQp4n9yv8WMcWSOpR2bmhfNCHmdYRA52m0enBU4wyf3S0Tej2SueTXOM"},{"x":20,"y":28,"i":"o7eBrn227UAV0Or0dMJPPn4ZBFTOYjPhdkhrrKkyZ4pNJRzD9DMbcbCHXgHj","l":"DOo3SEJkEFo9nNCkh2GdLLtQ8nsr1p7B3XDGCnFZ9zcf33f03hKawVA2ty4AI7rVRHELW9hTzLNxr8daj7XnHfzW33yLqxeUugr9"},{"x":5,"y":0,"i":"oE3Mn08s5UbsKPak7AOLWlIcMWKEKovlLcJbGuyll4QHA4aqkjvN6cHKCNFs","l":"105iFtMno7GDOKG2u60qXDLuJJRRPb74ECy3hzMN47po02gfpAEsiaCiDwiT0jfgifMtdPI4jkytbOCkG9e0PDBW677mfS0f6qgg"},{"x":14,"y":5,"i":"eTa2yBn7T0DNH2M2y4Gpgg9dGRsxdoobeJFSPguHEdKJC1TUyfQVw8xL3VmU","l":"yt3flQcDdrsdHKKpIfNCiKevn5qvhd67so9dA89SBhqsDBSjEwN3yjhkwZwu9hZIz8wNe9iBpVnS5rDXR9pCb8VSpLD8w5vYy2Tt"},{"x":35,"y":8,"i":"iTU1TtMKFefoYknOLAZcqPtXMgEkdtaUxBV0M3FIcMXbybqUHDeZnJ2B344I","l":"eb3CyImpsDMUYV2mPMRR48pLitH2HH4Sq8IktdGKLbjXkm2hzhzowpneouEh4mHtXXB6FfrbTU8oxJtZexZ1YZJyg2fMyBX5QOuQ"},{"x":37,"y":13,"i":"JFqa5zOQfRRwiED8yvXqHEXsZOd6rEf0dhPRVZA453hHGCXEPMS4NGHhkTq8","l":"5X7Qm8vLwpdKUshlPYMhe8FQDw4VZMMnes3joprOuyEDIfWl8jlIWsHxceHKqn6oYfs6P2rz7OpPzprXnzANKZyHKewVoXbRYlhP"},{"x":24,"y":10,"i":"3wtI1ZIPR4B5q6dauuWPOGvVekdIwKy8mMTpFv4KEvfrpn6m1sUz8pmVqqmP","l":"3kt0n5CzbqUS4uTvckNanFX0yuTm8IokSaqybj1bGBQ7G35eGLkIq5LJdMCvOfrXIWhUqyewvXkiT488LG9DLh6FpD571I0DYnAr"},{"x":13,"y":37,"i":"uMzfnbE503ypZpusmmmHNqUkg1kw1LNKXFlq5g0YZ2kNlYtCXUcvE4rC5x4j","l":"J9t5udNS5tpdtX1OOZCYwkAhQVmqD9owAoRx56bmylgBwVIfkLyllHUnYEKWtPEiXDBDhwHTOvTroTb3y9AYEHrKjJxqZnPEwtlR"},{"x":1,"y":4,"i":"2fnlfF0K1zfjVL1ouC4ne1JOl0EoB3XnypLBuKzwIHlgVST4gKw5fYwhovRT","l":"KqhZIXQg5CMtuWKuSoeQnlQkVbfAtDqx40c4LI5weLeap7zVTma7aKuUYhdruVKVd4HJRyLXOk3mH8lMAIoFtdZ08VnlKM4gyYT9"},{"x":34,"y":36,"i":"zJxntyP7Ahwt0bZoChC7SlsSjBwRcD0nLh1VJ46tzXRCMWuLrmz9wzrAZP7g","l":"dm7rxqY4QsNTSY9nAdpe8g8GRPvJrmkCIDZ5yAnffJrogFkUh1pfxBKMXDQtOSk52Mp1pM3eA40yKSD4oRqknPsLqhKPUt5g4xoN"},{"x":7,"y":34,"i":"hKEsMFQ7LrjSsxwBYPP4DxWzwvTgTQX8Z4Vh7LNrdSCd2I5XZCCQrmf70sEo","l":"1pcgDSpXBftNtWYTWBWHP3UVCBT7oZ51adWuJN5U0eAj2BtBjd6LBJU7r0LSxQ1vFKLkoJXzOqip4IMG4m9tk9MWOfuuEivnAmnD"},{"x":35,"y":37,"i":"5AnHJAkJor7nCGDGk6wziksF2JyICb5qiCzR5TCTuZ4DfPus0us27n2drroa","l":"ptMdiGkHCIe3ryweYL1NxmtfkAZ9MIcWY2TkMHTey8HLp5Pr3u7nXBWlvcl1gYv73jAKrwiWpNWhk1KkBxFmKlQdpQOK50U8AB9J"},{"x":34,"y":9,"i":"kQaDG81CV6XrJ9fnbLdMkS5ic7Q9ZTZRKFMkluGJHFMIIhm6Qszk9mTcRit1","l":"keKDBtH3hePnGyzafACfgRzqgUOF5RchVmwVAfzuOQPmzW7Qv3uAWtn0HSCgbLMZFWkz2Wmy9zkDcljE3ITKFieF3IW1U3kol8dx"},{"x":19,"y":49,"i":"SB63tAdgmSSxsrMttRDfqafckPbnbSpDF0nWl5g2Ul7SyQm6wpQfgijwvcYc","l":"9Ksfr6SOEYEZQ8UgJTzsNo3v3gFRm8W44JVWu4zhcjJtwzUJ1n7uO5e9JZzSo9ywGxvdCxxEsXvk0z5L7X244CK8DtpCUNV3slR6"},{"x":48,"y":47,"i":"gMW0ryCkLeEOayRpjixhYfi5rWcJXMcLoC351vzfoxGuqukhhKiaTYWAOieV","l":"lX2epfmqYEwtLdL4X6qBRy7K9RjxWShjROk72VZdHCO3z4VYB0KUthB9fgS4TMPg7Y14yv7VEiq4UQ3lmnmZvesKF4HGbNxbJ5dx"},{"x":25,"y":38,"i":"ANN30elIULRzscmrRiZHToNkrafI8LCbujqRXfJxU6ZqkyxKvhRHGA2xTzdx","l":"s4Z8GNOdjMjmJJGM4o7V4zEiI3VEZYVAO9DDyZfK39m8K7xqkxbXTWFKmykYrlDj5J0zTF1o3Q6Gy68g0qSQ4LLjq1oQXusA4PvZ"},{"x":35,"y":16,"i":"K0JgscA6TAbkvxL8hiOtF2yWifQVUvkU3rsgtmtLssNE6oS1x9PEDX5nGkeb","l":"6f6bmAKN84wwOYXVxgFDuYLev9FEfij5Hx4tKz5sEu5ZcodiRJkUFqtDiWHGNKIcnJzS4eNwdNXRubDROA7SUFAVBMIITelXN6N1"},{"x":43,"y":36,"i":"bE9P62PmxtpGGOkqbjTEkR7DkCZn8vySMNYJvguTIFLB66EI1Q0v3BBiIXxN","l":"XwZLVRny3AuxR4skz0M8bz0gTQ7hUD4OoskFQVMCcmx0pzqRPEibuYzFDZWaPyF48LRth11wIq8GLVMIVU5g4rRWUWWFeaHeSjyh"},{"x":46,"y":13,"i":"2187N8ymaGTxQbGaxYx19nlvdeyvMhXMfLDnvd0eDyXkE9DqYuun0GDdiozi","l":"WvQ3aOKJTv3kC7GUz8ncMk5lTyQO02wKLY0VnokimstMy4kW9sieV6sCjNyhrngGcIsbyKnrOIrrW31ZeAWpJXYNJN4qHdxrqjkK"},{"x":46,"y":26,"i":"98Kz0hcg2SVzekYx116fw08DBpNkHtcBOnSXfavJ9KRH2ilYQB3QnoVmerJJ","l":"xYR6WhTvhpcKdh5fJpU7zWqOfevnW8hFwINhaPNi30Hh8FDEy6z3b84J6Djr0UbeH8XtkoD5rm0GCbY8OIGYnpBZWus3T2uC9B5M"},{"x":14,"y":8,"i":"KObuGMCJxknP3asnRjZHdhZhvysngSCnrs1Ybngc0PBi1T1CwewLQirVUZLW","l":"rgOJkubnsmtBTPFwQ1hxuneL4ynUbp6Iv7I3g2n8Fg5LPJVsJvysHgorIpmjwI1i3eHMSlLIFOuB3vne1fkF5XxDI9y3xLddMh7K"},{"x":10,"y":46,"i":"rB5VFccdUMpRCK86bKP1Tj0ItWSchKhxulFOYzgYIsn9veJmC9EALI4hEl7M","l":"aNz0RZhbeYYAV2zDkp1YtxhVm2y6WLoLgwteZjjuMMZMEaJ1BPyaTmj2ZOpQM8giUD4VKYp3Z5ipOJgfh7xvOTQAS7lKdWB1wLlM"},{"x":37,"y":17,"i":"kzspj7ppcYRD3GsxGnFH83XevtpoQE8A9KxpCHw9gGVs5iQbilPUNKDEL20M","l":"gASXF34wgXRvzFJCosC6l8JDSKHAy3rUZlXsKIIAF2GpKRbpM3a29krEGvueOZdGWACtGUM4nn4k4Uk5Qg4n7PjNSiWxNTbQCT2W"},{"x":7,"y":7,"i":"XOde9WXJxlXslvGjTiXyKAhhsDX4oUoOH8GAbxXDFW5751cbIjADZikvNpLe","l":"v7l1pIhnnP0Rh0x8FLA2R5Q1F94qX4YoEED9UXo1ppIBEvLWI6i5mVKpRlxlpcLEwLI1cQ95G57xB4NZtSCWozLyMECsPQrq9TTd"},{"x":23,"y":16,"i":"XCzllp2lmgIvdhVo5JoysYJJpyB3kBytbevKPOUqd1Ht6kQL9UaxWOPn2Hzp","l":"wIbHTPEEo7IVOvp1x8tsuL4aBLxWyYTAQprCzSW3bOOf916RVbSpmdoAigJll22yPRTUxuScFgxvE7XJxqUaUJvAD9wml53Vw14f"},{"x":11,"y":3,"i":"oq5MVPhRcaPMPNMBKfZbd5pYnxXLuQGwEQvgGiyCgfbvNNQdo4cLE7aAV6ct","l":"FH9wqruR2XmXBhDaF5kLmdmCIxKBss5Bz50vHpgB9GBe83b5wDCulFXgKIgrUTmp8eMMNcRoGhKPULU0JQ1WyllskmPg8ZuqrCJK"},{"x":38,"y":13,"i":"jbpCDuSOE4OIGSGzyybYPr9bnc9Cv4yu85NKr6Q115WcECU8eEFezyjO5h1v","l":"VISDXvMf61YBAgI6xrWJXh2aAc8Nzm1vs4VQgvpet2in42ZD2BCIt6hHEuZDD8QazJQUu467zyY1eHSPf6X9LqFN7FQhTSs4qlHw"},{"x":18,"y":27,"i":"WCGU7mO6aEglmOdxh20tTTZWOrj6lFabZgsRoslndoKMEXmHsgyyDA36EwIS","l":"usREW4QS5vwURXaGzXO2rvu4b5zJdZPpoP8LRu7ALLxwiAUf3cZDePNRVjkPdugYXZpptTy1BlldoCrMaxnfhRzlEmBOaY0Y3ylz"},{"x":23,"y":3,"i":"js1DnWT5oDHZCDWNclv5lND1BkUB8o6SbC67P4vt4PuSz35mPxwfEmLBcOWB","l":"Vzu2vrmzCnS0GVj5vYryES9hvTra3V7EMfhNvsqo1uWEnsPUe09ba1G7xfTBJBpVuLSRZmST1DpxRnYpXcWWnkbKsJlYIEdOsPGz"},{"x":32,"y":37,"i":"M94rngfWzPLLe7PHZZJSJ2C8rhEelMWnJ2r4gibddK2NdeqWkjqOf63Qbi44","l":"W98TVxmGUdWIiFHOZNTgUyvJTDknteDcgfgs6cSEcOWksfsIXWHkUYnLnXytNNLVaLaR9Pu78fCxsqB4IwTlbUcmlJoRiUUOISOR"},{"x":29,"y":43,"i":"nTfZXYmqVZilLNoi8ErWmHolSdYjPFkY01EjrXkcxIBDmBnPbVxC8J9fG1TW","l":"z5c7pu1TlGS6JIFdmhOPtMa2QBCLOFh9SYn7RK7Q3zakLMrFglo8gVsg9y0H9DbF08dNxgzbKSva68e6mE7Y882EAkg0Dq4dufV4"},{"x":18,"y":44,"i":"ICtu8RQWihGobLi00iTg1ATMqPTAGhpIYkJ6TJn6FG6BVHmyeazT3U454FLd","l":"Uh9b2ii3pzsxZe1M3unx08D7dsDX109SIHnIBiZ1Dka4APWb8X7GQ0FJ7ZkT3Wor09J051ppe32vQmlYgUwyFaB5GIUSPOhh2L4r"},{"x":27,"y":35,"i":"QTHdYeh0sQ5w1IDsBS2TZfr3H2T6xW3eyeqqKS78XVi3Jrt5HY08lrJgfcOC","l":"7k3ESTpPVxtoknBwJ3mn90Vikz70FhlVPZMfBadzH6cH2ErjNQpFKVGN23v2fDbRZpokdoSNnbIfHJ7xkf5KfsFAN0YoldT09Y9Q"},{"x":10,"y":45,"i":"IH897B2vOdMLNLMNiifI9jsJMFD4sFb8tepzGViNa8dmaPhjTzMTtbIhgPap","l":"6ht1g6DlIFNS7W8sXmv0gIdB9N340O5WLeptQ77XKxRJYhupbI8sNLln5NGOpwwWvWK3pnALWXkJ9rjBtl051lkkUtXMgLy3AB6w"},{"x":21,"y":35,"i":"Kx0VebvBupf1lyPIviRbsMvQaBP9qclHCfwQCcwmOxLCKmHWu4X4sB1ECV5N","l":"1qrKVKq15I9vGi3tlg5c34gPwsnM9KGYxShxlUbrURnxJZ7hlCVFK0bmUxCPweiRwjibqtZQ1XRgTF554XhqYZ6Dv3UlKxB3Xu0I"},{"x":34,"y":33,"i":"2irUuZdgJnOzF6Yu3QNpEG8g1RdHDKxgNVj2SONh4ndcA0GQFwtlRjPzlOt3","l":"9QKKchPpqQjf8FA0ScelvUGCDA4mAWqTzZdlUoDhDzb3pKA2tIMOmHZBPAxJIK4Y9BX56zjJAlhUkVytNK6qORvl3EkWenCAW5yT"},{"x":23,"y":27,"i":"jgJZsWpfc5y85YMNuEvqOkFBbHB9dAhNFzBzHSPiBdiAkRM3i19Y7796uovs","l":"eZhj6KgOovMhWizokfjujH6LihoXS4ZZT92OSATgvaas4NU8VF5so5HuyiAhAZqkkbvuQzlHmb5a7tMlkuNQV1ck3bRbDVyAqsOU"},{"x":5,"y":44,"i":"FHdkJRPscIzpOqzVEwkzMen9XaGl5VVSoyV08gTinEvN5oARrm2QPVmpYG8j","l":"Nl6RfkP9eINB90LarioSVg1wvQxyVVsX6nvXV3uf2nXFIPSGL7VFhy80DaUOCPF9TOUUFv8spMym13y9DNmvt7DBkUNasFV6EhXZ"},{"x":41,"y":24,"i":"BvbHoJdpeIKoMBTOkOduRnO3waDI007mGMKnuTKgef0mUsrjashkqsX7MvQc","l":"y7j9dbwNyiV73CUzb6pXAXAuL4Azqg9QSiQ5zVroi3KNHsE7wzMX6LcePk0l0PfyqstGMufkOa9Y0zqdwvyn1hgHn1F36ES1DSlp"},{"x":6,"y":37,"i":"V5CefKdbNhZ3LCuhdUCrATD6Dszmhql5QFgUTAGhyJpP6rsdj0KfoWhqFsLV","l":"iNEHxjT9tl9yilNihtYyxPKeEDI4avD9kP6VXt6vPwhabnSsoG1Gl1JCwYNGNiQwjNurnwsOGXwbNXeMBK0iloTcEgVu93glRvWa"},{"x":35,"y":2,"i":"3TH4q7pxObNnCvjWE0HzfX8Xm7I0Xjqi9kHw1vSO8GTbApr6TSTMJPMg0Ev9","l":"urX99TpQKmdYmos0cglId1s2NOo2GPFQXEKzhNMeKkz5732gtVSX7YFPNIYgXMOqKdN6qzF3obLQXcXTe2fM6jt8QxdqUdMxUkaH"},{"x":38,"y":37,"i":"v1JD65qdBGmtXQ3C9M0HfE6xFU1PtQPg5bmhkNl1L2v63qYnmwnj7MrefuOc","l":"y57JE6nE5Ied6g1ikI44eBf81uHVqECyMfpD2lisoMimgfEPgZqzuNI13Il3bz0qN0TnKw8lGQJX33e623JuwoxfgGVdJ6ixHTvL"},{"x":8,"y":10,"i":"AAmcvvtovxd8THOEKAIDRsEmTwnuis79LlV0eQXocDePuoO9wqWw5BORfP6I","l":"D9KnGr4WWhmHhb9FgQL3G3dnQgyzzf9YYQ7FXaMNQnyn0txxdcviF9BTNUiugIknh3OZMdo1ebiLK8gR7ChFuGtslwZfsHH7K033"},{"x":23,"y":26,"i":"h5OrmG87tUzHJyA428ptSAEn3brC8pQ8dP9Ow1KYLU66RC3sURD7mMvSFVNk","l":"jn2lirLDKTXmTewMdKxbDroaMu2OP4CeIKBYnUr1rN8QYv2gA1ZCGbCdP3vvxxvVXOMSylB7WEpyQKrgUDhNLYFFlEIfz7vOZTI2"},{"x":10,"y":1,"i":"h1gKy9NCrimAqBwTtE9dDdCC6qaYt22zyju3Tl1rDK0u6NKVdzbamdXagBqW","l":"Llc1tX5AAxXtBTf07ZKIFLZXjSu8My3nByOl2Pi4i9Ayd5skhoquuhmgEUiWvXDC9nZym6jmvEg2IF9CXifFXxVKSTPYeyABWoyb"},{"x":10,"y":10,"i":"lrQi3HeUssVQvRfQ6hkZaOFqt17x5QUFmQdlY3NhJW8h5q0OqNto6IkSFPXr","l":"cRCGHGVhCDtIS7twX36HcTMU1uOXMVeQUiSS7MhfQEdQm5RbqV5wi1us0ZOgvxvjTwJVZ7zUDHjn44aVt47qZ4OK9CzrR97uBzMy"},{"x":20,"y":44,"i":"XGZwZPA1UeO0chPuUlyMxPLjmaFwYSaGBsVjJQNGl3WWW73IogrzbNcfJuNQ","l":"864Tr2SzNPmJQ1gVr9s0bikcZOTJD3uE3fVdCUMjLp0EbS9qOzN5afcVfx9tBJaDzvqdykaNkUIUtEzp1FVTARhVKQZfgDq63ThA"},{"x":49,"y":6,"i":"wtj1imRb80bDAfiI7z6JcZ6lQdz0Mdeb1i3l2VytZdz7ksp0UZSjwBssGXhY","l":"KPP3nOwo3w6RJpPyIgGpMpkYU6map67WnosrzhMvFneY7Qtb1aeb32LGSouXoPtQ6ue86r2obABvYXFMM4jZTbQjNoYV7Hb6OP0Y"},{"x":1,"y":23,"i":"iK50j1C8rjbStOv4aaGC517GphUc6WKXXt4djwZdWnUmzIdMXcKhYfQ3HpHX","l":"mbDIXBrvCi6KnieOIqYk0j1jxG4B9hRP1oEC6lqvgflda4f9bWQ5cKZXM7SFOMz55Md9Y8sOlsPtb2M1V548U8N9ak0Msi5AJE6x"},{"x":14,"y":47,"i":"HrGoU4zcXKQY21VVqV6Klxv2HjnewJ2H3M92qf0JoBk135rMYqTQFo5BPJD0","l":"WZS0npgUWBrB4ykTqmjEapQ5GKM7Z8Z6B02hNFgx4b1xF1ftnBkFE5HACQWj53T4Kc2jTdGEB54mOtRAbWJO6gRcBgWygPDXx1mR"},{"x":16,"y":9,"i":"RQa02KLog3Xze0giJ1qQaJxxJRQjzVI97dB9zFv03GHqntnE5Y7OAYBfjya4","l":"cxfeFdaYKo5sP7vBMIEXZZ8lsp9DqHgcNGp7S5nIEC9ShGkCqsb1BkJ9N5AKxyoKxyIqxY3WSYwOyZgIZPwIjFHap0JBuLy4SQRZ"},{"x":45,"y":49,"i":"qoNT7rWH3AdZSgGw1T9pynvkCfoWP0nlZ1LCYrbi4WZPKwYUa7Ku4N7JMUoo","l":"GUc1zHwJfNKQDhQ8eylNNIVaEuLe37M2tvQJPYpJS5rK8UuuPm2e7uDSQEMnCkIlI6fucaS08YkpyrYOaTJOtOx1q3pBlLbt7rCa"},{"x":42,"y":11,"i":"PY0fZLZhqCp5dS33n7KSnNSnRqsyFkZOYufc8YsJ1DqdbZby88ANjVsRa9Z3","l":"Zfjx2kqCU9ye43MYFuH4b5RmXy988swP80HxRg4fdnbXeFPIYAF5fTzKFqzkSNYVuzwrhyMxeKT1kER1JNvVux1af5J4dLKE1h7x"},{"x":23,"y":24,"i":"kOIIyT6QpBY99RQ3dM9yhFywoR06AgSQZS3EdzBIN8836sw7gJ8bBZnQeiL3","l":"BS0PtXhTkYlyZXTVYoBFhJGLo5Bj5CdKcDx0XzbmCUzOB7vLlbB10IsfhnONzmk9lfMAWNdM21uzjI13coqH6L52Ca7Vhi5TEavZ"},{"x":49,"y":13,"i":"GyJpInmlZYGYYXjViDwoBOFtEIKntijDomzKZJAU4kDmfKnVwbD8j5JNAgww","l":"C2o1SCnnbZ8g2SkGh16z222RCQEgjPbjHoaoRoTLuvzrvjxgSuiOIFbgb6MzzrpfEyYaEt8GeKmbuEwXlbMJ5NeQcFGQKhSujgYs"},{"x":18,"y":14,"i":"UJp1jQ1BRKrAHAuca6WJ1QIoaiI5jewwT21CU7c08R8xPoWDNnvDlEDNZYUp","l":"ST5QrdIRJ7VJZTZoOqe5tDpPEEqbTOOB411OF9fx27XbPtRS3GPywEZI5aoIaFp8hfIqCajwBZ9iN1ZIjft2BH1nYzbRbPG3WxqP"},{"x":48,"y":15,"i":"03WouXWejLdMCR1RPoxt0dBUIel2eCNnnOi9RxWn13FY0Lqw5igHPIciPSmh","l":"lvdoeFhnx1YA8MQxcfFAwFFdMFp1zqrB48BId4ycbQwxljjNLcHVZ1L5OD266dSxES7dP0LSLss9E6497AEHyv33hlhLpcZq1xJK"},{"x":4,"y":23,"i":"NxCiR6ddMz2USGh7zRPiGYN2CTFojppwaKuNJeNS7fvWRS0MTL1Bwy2yy8fK","l":"MchM7QGGOztH5mDZ3kEmz99BDCy5NvwzXag0fApSxzdzCkBdR8Gd780MKaFLWIHKq8xAHaWdPUNPgsR0bHlGfJHMXEgXO6LtKw3R"},{"x":33,"y":6,"i":"t60dwlbuhXlRJRo2LxdzEQH12JVhvy32iaoyXwO0byCRdVuc3B4rbBrNFGMt","l":"t4sQ3wkiP7njMNG5Zt86QGyWb7apEC5WD4RDpvi4xa625xCtR5arddn7Y15iNWpMJi0VMlxNtOg9hxuszm6RlOzreq49wqF3AGgT"},{"x":44,"y":30,"i":"tfUQhVOLFG4DZ0aGC6oyS7fUzmnevaBGE3qM58yWqWCsdr2lHSmKr8pTL8qb","l":"FmS1H6jtCVOczsGrKwAiTAX1qfahrTnMPAE9fq8LFfPe46LtNzd6PUMvTBP9HCjMUWznccT3BvFi1Txl1Asb5UrCJCSbDd8nReNq"},{"x":10,"y":44,"i":"jeX3tIOkKvIiB7fQ73fOqcw85F6cVpRKQgdw1P6yyGQOANRBCw3yo7TZEH4P","l":"ujALQ4xy6ZiaN4ULxKoGSX6gy4UiOnhLt9VpFEB1Gwt2qEOCkaV7hFOBzPi4tiP84iHZJfYkcwFLLILfFTPbxggpyiixfdbvc3UV"},{"x":17,"y":7,"i":"DxqSdvJZF4ij1ILJ8rzEAZgD155IbNBUzxWhzIfQ48buNyjS0CL1plNLWHOr","l":"TNXBPZscMrLrJJ8OMzXNVyDZ7cWxvyFagovqyD6nYmcT7BAO9keEIO1WgVPnaI8CUD7FZJGXlcQyWHwRamWLIQ8mZ5ThLvGjV1Dj"},{"x":42,"y":3,"i":"bVrL0mIsfOg9vh0ByrpwrWZ7ELXUbqx5cMK7RASMWAtrvuyiXEdu9YA1vsAk","l":"gUoD5K7mPz0S6vsPk7htJEIZtMCmERbWCp5AhBZEui9MpdDgdb0yweHwR2Xz04NgP3XS1pWu6jqcD4HZ794PNdDaq1k1LohV07Sf"},{"x":1,"y":46,"i":"TbPfc3stuZViPEq2t10SFhriFiUeLce4TQ3SSz8dmRodUVSQJNystpeQzNGp","l":"2F9lkNURJUjniehh0AXdhyqkLFd8JCN2gUlAErmHNZYjZLElRULNNWnryWJnl4iTNjQf8k6oLkg5SSavNNa5di1URSVJUzJBodsa"},{"x":14,"y":3,"i":"6bTgfv8N410p0I6Ds8JLPejhnYSM8gKWbCvYM9zu7XWkSVANbjZ0OjiP36WO","l":"N6mdAwUOypsCxdNb40AuqjNFZGyanKInfqUIDxlN4IsI3qOzaxqZjBWmlcOauqpglUPepZFIQ2Lh6iuqGK4l42rUzEZH1ytPbIHm"},{"x":4,"y":5,"i":"tCYmJ92G3qaGpVKglaZV6HKOdZJ2NhAMi8dGE99Sz5PaxMvWXFRW1liUbF6M","l":"f3a6F1JurnXFTZTO1Nxlm3IhPttAj9fNvivq3D35qbgfwt4gnxQm6u4hfK6QUR47hOdlaFRvdyp6wIlSjhe7GpCdDh0tHoDnB4Pn"},{"x":19,"y":33,"i":"yGvC9FbqEDHY1dAmIJ8sJaGVon2BLcpGzSeRATqcHzKB2KVOeoIOrc9MVOaC","l":"ZRActktxX7RzDQNtpe32254LdEZdkmBxBnhzWDlxGaWZQuGynvVXyl3sGjkODV25viW25Hj0B1vZ6xXVOkxK6I9j0rk1giFg18aB"},{"x":18,"y":13,"i":"nRBeoER492UrR4CfAVO83sjyAYMnRVE3m39h0BddPI19Qu4ZxfIaFBsb9v0y","l":"2NuX4IO7n9BFgNXOTpDtiHXW6YcRserWfoXGNWsgwPMXSsbYgChaxwM53yGNXxbL9LTzrBJespsbpdkypvaMvUFnfIM4zCTz8I5y"},{"x":29,"y":23,"i":"tyzAxaKFmLC7aVbHhbHV215Bp2BfROBGKIkxNMWnZB6pHKkYpymR5aphJETQ","l":"xHk6bb7ylRWH6AgxKwqtZKlbQGxCNFHYXcbslSK4STvQDzKyQvqfvAwtG7IHo0GArrAPZug0s53ilslyPl3KxZXzFRBhNz6GmaDN"},{"x":12,"y":10,"i":"PnQBqOFJkmYtGkkoqL9ifu5KDrMlLSfe7bdt3hQDPVed0r6JdCM2UAl0qQRe","l":"YevrfCQlQhygdTTNyWX1g9Ebt9w5JQYXmf1O7FvXAmlDF1lt6vtaDx6n0PnaJmCZiT2D7ZEM290nG2qXJIJr8NVycHOBMipXj3Bz"},{"x":25,"y":40,"i":"AkulrlWTLrtGpGq1o0hShCuA8T9f5cuffd1PNUUdXzY85kzARm6KsvHltE1N","l":"oOmLIrE1XwvetX1LV9B6c2DOK5JHFSnzmvh0NfISKeaQEaq2yDlSLBaWjI7kNAoFOtt0s48IwQk3k0PtzikMUIK8EX4cezqYcB8f"},{"x":19,"y":43,"i":"scFp4J5kV51zaHzpKMq2BG9PZ8tTx67Uq2HsQ9XokJLmf5CraBJ9KW3esKPz","l":"JRZkoRucSHpWvumsbzQMtFlAwiwhpXHrUfTskKOy0IhD4RRmn5GpCofn9Pb2aLSQUGWVtE29JqqQASF0TKLAz80mhJZWCB6C2bJK"},{"x":12,"y":23,"i":"N6pScc8NCTMgYIzsMFakkMbJibLf3UXvOuYRIIwrd2T7kxP1isToFCLHYKHW","l":"CfGTjIHAdbPALzM6fucyKpQ1MUXGKncpeMECaklJyW1bCMaHe9C8LUpi9Lkc6JD6tCBeSHsp8aSjMulZDNDdn87juztiXE3h05jL"},{"x":38,"y":1,"i":"ByofHJ5dvtPHS3F5lLM2BUuPEaCjKfFv5uyHFYFUPJ8YtsDbJTjp5IlaQDpP","l":"gtImvgYw7ubBpAYiZyPukBqkdKvia8vRV4a9Nt2Jmxo7lrlsXW47YdJoHh5EIALwlvTi4u1c8YVkZghbV1diY0Vb1Ds138XoKoaQ"},{"x":28,"y":23,"i":"XCH9G7Z1us5UAWtATOK1MjCH5AyNcS72Mtl2Ssb5kTyApvhy0Bq64eMJWlgW","l":"Wa0L2G9LX5wrnvPmDrvdwJ3ZUMTXpatpfcc7hRANffBJTJrFQnzNEoql67PX2OGlMHAmPqWGVJHav2PyUnksyvSc938LX7fUhyAl"},{"x":9,"y":6,"i":"jGGaRwLhRyXtGz9P9pGiRZWo0GJdcb9EYCwLb6Xpf8MHMwfZGp2RnrMS1mcl","l":"6Pijrp39AA0fpcXdPB8KmkAAnLMJxlXYvLtIGOmsfQd71lQpbq7UJBTp32VeH7MSvl7c4Ke35jnh80qEQVDgBkSemcvWxgGR0Lci"},{"x":28,"y":49,"i":"t8xRbGLTMPnXU3BwzMFh3INB18dho7RIilUaqGfLPViqy6XxJZvH2t2LXZ8i","l":"pz1onr7Z5lJ6sdHC53D9fSmwNwd0VfDivQv64hGaeEECvEwP0eqVrvNfDY2r4xN3JU64Fi0O5tnn2HDzOePFHiwQnQv651OXHrM7"}]}