{"results":[{"x":1,"y":22,"i":"m83EgKWXP50NvVizQrJd1rSMCtGTiSF86vLcKANcTIWIDyNUESv1Xv2PRFkm","l":"5QxoV2A4XrcKnQYwY166saG2MVOFg7zHBBd9A21mCbhHSQQ41bFnSecaBfoxQIvHXqkOzHDgB7AXXdbXsgxq74lGBUcVADVazrjw"},{"x":34,"y":30,"i":"IgLTfr9XX46HeVU9rLcxLlK8QfszhZtufD3vVsZimp7mMCiJ1v0RiDwbGwxK","l":"d74tSWxGqeSSjOKHHLFmVNEk88sNWCFF8OtK33VhTPrdRp62oFsOemVM8057woSAGnAjDnUKfjeI6WugY6U8jD6iNGSAejPMZ11g"},{"x":39,"y":42,"i":"7iKQrV5C2YcdQKJwE3GpMjNuUeipM7uvlMVr7m6r5gXO8h6R57s9Fsm6R78j","l":"fNYmqMvTuLX1VRpUxO55xMHDZYUo0czpWtRFzRjJFZTWWozy9ocTc8SpSzkqkkXAa8W9LXF49D0VXSDlN14CQrm8FvNR5ZGllEYo"},{"x":23,"y":44,"i":"xgxB1xDWab3AR18FnSIQ8sMuLLTgkdmDIFlqgJm6pH5XV7xdzNNbMhLfdHi2","l":"D6GQJSiwDVX7oazUi5fOXHbFhJFGBTU8Sffo5gbmwewjNw5JCU7co1ljWujUuTmAYmAviU78IprsEfSFoSq4g1Q0xCzQkxJrdsqx"},{"x":41,"y":8,"i":"ndXUxxpUtT2VEzoBCNgBzuMfo4q6EwZtVW9bmsGu1waFOKP4hagdGVmEwhHH","l":"59VS0azsYpiJypCE4iSQ7JcsOXT0xNJzzAhmeNo7aER6VCvoIjbLpxKO1PP8Oeg99NdZINKsqJ9gkkeaMJDvFHMZ6q7LNytQQulT"},{"x":33,"y":4,"i":"e1HBcFFCEnJU0LhPLWxq4MDWO5n9JSkrIe9U5qzV4F1yXpxVHy2l8T5afYYp","l":"KYJfcu861tUBIMP3sKN3X9ykhhZByig6OuN8rwcf9nfyY3VJzHmFk3Ugm9QJnsN5KNyvndsT2xVZCVRIdVhpDUiqR5G35aV3aEau"},{"x":34,"y":8,"i":"Q7P8qpRzr9licvYWeCx2KFRR3XcqJokDtN2siKRoWsIAuWZdfonFT9MECWm0","l":"2Hk2k7jW2x4Dorx8yYmUZcfxvEuWjGEw7I186mah4VkUWO2gcjB6fvbzZ6iBeA1P3r5eJ6oDhcd3z38mHTAvuMJFLR0WRzEV7rru"},{"x":48,"y":38,"i":"EKgnZEOURQeUmhMCFAmUCCJPa5k96CmSKVxjdUwYiJ1eyU6pDRojPcwP9UwW","l":"GSUjTnRZwppIrW7WWvpR3nRQf9M9rqQQqK2jMkcn5HDoNK17rErI430sWLb3DByylFsHeRjksXGDqyqXYh8QeT1z0bNhePrX6mtZ"},{"x":33,"y":6,"i":"bNr38OZjKMlwM2sxSD9992OL138m4d6pd8XeSnovkRFwlYWwcwKxOUe1JUhh","l":"ZEBZR72mvENuOtUgch4EDg9cbU1BYdRL4hTf8zqoJmVksifPRgvYP0n7lRuqndW2l0LKdfwwzB1Hi9bs9FieCbIwTTwsjfDk2a4C"},{"x":13,"y":43,"i":"ANIpgJCbC4woVIM20N2QZZd7bFKHSTVMXuJTLeYbyq9gEuPqflEo5XU9IUkQ","l":"wtKCiLizDRPPuYzcoJuK0cNgO0rJRoogPycK15I3S7RFjFty3WsPP76H4o42gkay91DmZSe3HwnX2rCYmBEL57ACqfOzFSTkCzbU"},{"x":49,"y":17,"i":"AkNJWH3huRdM3pnOxivUo1I1ZFlvOOFDfsvz7AEfo5NRaLwVC62rVp7O9Jeb","l":"OV2ePv0xXDnhR4NKqnJDZWy3yw19d0ho9QmUIfTgWq90Q70it4EtIDkBDzqmzRJw9IcRoXojmE4MPreJuqFvkRpWmtzsOowxHR7G"},{"x":14,"y":49,"i":"Of2XPVSWqliuCBfPC6Cx78S23cy5aOKGL6KgPdB6DKap4Alq1ZdSLSJ2MeLH","l":"QCfxD9y4VhPMd8KXsuvcUQihLp7a7biUAcelF3E3WzZV8hcsybmcyPfsyQpI1AZp0VpLwHb8vScBPXnPhcKBpxqcZg4wpNCnSUPy"},{"x":22,"y":42,"i":"0oKlwZvoLYSVXFk4YBml0PkXLfWzRHBUn8NCKpBLYuFTPf0ksbMmiD3PK4ZN","l":"aSDJEuSf4df8PnrL6yJ0P3n8D3imgyqTiXtcEvd0kHQVXOmcV9w345UUSxdSSEwKbQSpMPkkq6L5LcIeBTQ2MNqjGu1Yz6ZjL69h"},{"x":7,"y":1,"i":"0PXBl08dPpwG9UM8nde7yELh2wmdou0E89fnDzxAGo83tb5r0GyDWUgmt4oF","l":"3A8hFXho12v1cCFO0CXxas3BKaXMljqOgQ0LvVQU5lrpuhUHgUsrgWrMzHfRZoYzeIRicJ8QzhgGfqmOm4ypTXGD0TfD8qsjSpsj"},{"x":28,"y":46,"i":"69wlYkkTanMzwOGgXInOyQZUwA7M70mKkl9T9rLwHB0Yvknadht9EEGTuSLZ","l":"Eoe3dGbF2NV5FgRUj6iDwilfjTrxzvqNLHn2HZlNnEbY1Fi6BtFMU96vKEMkSrYw2Z9KgBOWcyIPSh52UMCfLrjaDrFkGidUbBgx"},{"x":10,"y":7,"i":"uWIeU2n2DH6zjw6LhZhqhIESFwsEsqfPOXmncwPJaq7Zi1xFYsK1zyExBEre","l":"1o6oTB9xMBq1WRgfVAWvbmQWf027ZBVxtKfQXKkXDwy9Jwbr8aY7wjWS101QfHvrgEGotD3mHzjGzCe2rYE3Co1uXepVlJ6rBzV3"},{"x":32,"y":16,"i":"jxxQm1iF4lY7PBjXuXize6JhxE2YEKr8gSkx5qfazpg2SbokNzOWFI1mVUY5","l":"eQSEAs5rIKJRHcdKQoju6tMpjXGu2FGD0F5ocUQIjfe1Zfgu4ONf1o749GcGDevVS840RobIcpITtwtXDf0yhpKQ7CNRPXtsUfLG"},{"x":45,"y":32,"i":"xVK3r60658xrIzHpJr6q45dcmfcddFbURjIcsnnddjEPN2khAO9WBen2NKot","l":"HhKPfmswjLu4Sbzu6RL5bhr60m8ddnk1YJQJc6XQ6nGu7RBCj1U9rla6Dpy5zDj4OFigu2vaGFDHI8TDNg3Be0uNxsVaPOvy7XuT"},{"x":12,"y":30,"i":"NDj1fKay8ChaVQ9vUXfbrksEskjYoJxskIUtjkpeL1na6LPatmdE6Ip5NQ33","l":"BDG6sOlpdc5Wuqu9tvWTFn0s9JWBLxJbGKJm34pPG9DyZrvOyoNfdJBWMzcqIKs3h2fE0KQKpGAirOTvnqeS0haFrft9bfZ9jFlr"},{"x":27,"y":23,"i":"uzoYoGXVbw4twlfgc3FZjehpJHcQagfgDWcPXY7ykJ8RQhaxiWg9TZRIQO34","l":"ejKAdDbsb5lBR3whuPfR7w0mSh1kO7cgb5bxV8u9lPsrGAP9agF7skifirL7GfkPmvxt4nDPN5uGbKuGvRzybEfGdaYWGIH2I9Wu"},{"x":9,"y":25,"i":"HJVcVXOArOWSsGe0p1yXo2lKOT4DURtOLnkGXkbb6KOLQQA7mNnZsZ9dMxKn","l":"4fkyl688yvDDXWaiJKYmUEMujz7BLTsbVVgnGOxxZSOj1n0omCZbrPutqT8la8dI7iJNKF5uL2pUs0rgtwdgqJoDJi5AlzXf3sxU"},{"x":33,"y":39,"i":"6HyCZhT6wN021hsOWdIM9NOB30rujIctNlaUydMHToAVrWvTRStomd8Bk3nC","l":"Ir9ref6B8v5JgOC1IFbJ5agLamA1mYhgtGmKPhIfAA6NHKxtnRN1JFjU7jgnWFr8tgIhLlPy4RG50YXUNeP4l4OWTMLYbslzSdPh"},{"x":44,"y":7,"i":"AnrbCN6el8hcIHTZBHHloNFbmBQ2Ofesn45nK0MdDvkvhkU0bfLByWgCEGx6","l":"De2OHGfFrKsNpFInypgilBzUDLoG5nmeyzh11KQmeFfk0URlVzcnaA7v8a5EWMgGE0f0md5rzeZnKb0yjcsujaBPMOrCuIzXjGG1"},{"x":36,"y":16,"i":"mjeJMRW6rEoa3uDZfF44cVwRD6IP8UdV4btN7TtM2N0zO9dl7XxIT6of6dzc","l":"B421bRrjq9HY4Fj4araRGNe7QkrKFGOO985ydIJtCOEr4M0j7ZBIkaLLCA9pkmNhPiK3NjM7nKzKgCkosJFbBKmBfKyZ0fDTWFm2"},{"x":30,"y":2,"i":"PJ3PIlkfYXg11sUUTxtbDbtVHaQ2BU2K5iVAGFYACYjgtUivP086sKfLTgye","l":"QUrShn9QVCVHFAZ31kQtNdiuGgvC3n9KxwSpPV6guNxHypl4qfT2rKQ3D9HR4gYZpVfGnN2CdA4cOhcE9l4W8EB8I6qyIpAgScfn"},{"x":27,"y":44,"i":"NWLhutY0SAXQhKmxuOA40CWMFS1osJf2lDBnp5Qn4Dfk83n6p105B2ZChLeu","l":"hUBYCiwhDDozN6wgEoZBOaTrn25JK7FQTGJmwgV81eUi2n9WAfzOvmrSHEzkkSj3sLEq3Fb7L9kred3c7vvpcYZtE6GOFESXJYuG"},{"x":41,"y":30,"i":"5QK1HXnKYat5Nj2AH23mnIimFPZdIonHVaUyWtPrtdtHDo0XDKaRI3oG0ZmN","l":"nJTOenRxm4qqXEdqt1KaYwBm9s8CHXNRyHZcCId0or1XGyJskgHmTX5EjhZfAlZYlq0SQ630osu8XXeRIDh5gH9YpGVc6SNIz6tH"},{"x":19,"y":32,"i":"2t8CWzvGm4tN9vwilycqqFSKZeuXXhsAOzeGoeDAgcPQVE8iTiMd3IHjfF3C","l":"Rk2EuXwh0URq4Iy5hAbs9jj5NCPcCtQlGp15snBSiMOXLnPopkzDkCqzd3TKXIsqkWsGR6FX0RUIfUwWBqnUkf9Hqmla47a9Cfhx"},{"x":21,"y":22,"i":"LDVxaLygnUVtZCJNIZiCVkSdzFhxudBWtZA6RAOVDej6XF9LKG3UtIn29adU","l":"v1Wu2HegC2p9hgVOUcucc0uL94dCsc2cpYvURmc5dDYdUhAuODa12QxPjlEm384zoHg80tpO7U7lHdNekr40vNMjrkrYtckKQCnr"},{"x":1,"y":34,"i":"wQKnwP4PAvT7255TxlTm48WjewktSTd9csgukkd5kKEq9OVt4m62C8Wz7Sku","l":"n44CKFONdihyh43weEzqQ2KVBFU8Jv4hm3pr5tTxxNiCzpHqSkTEH9rHY9KTPSYZYhZkDEYlkGND8H2B8RkZRnVcnK0x2IWKwrqs"},{"x":28,"y":2,"i":"lc5SUFxkdlyeynBz4bD0sP1pnty2aOkSTex9PeGcgpBWtVTRFV91aNk3VQNY","l":"JPT6sexa7tgPmabfQn3cwZBR6uoEW50EPMPaUsAICa0jOldNf0x0L18uWmz6rMnPVfnZt0DcXmCJBZPMvguUnQjRTEpiUvqyKtLb"},{"x":36,"y":13,"i":"fGdaS5IiBCkyHIJMNUi5W8p6PzA56siBFmmZxCBqC7VDCOzBoQPTSgfMcLHO","l":"wVZrOYGcznggZbXO2UfNEuYdLmZOlzPmrw0LyPQ1uiwpRqpm3OHEEUUkmSpLLfdy6AcyXBGVHGEqI8ls9GuFFnhHnPbS63w8aW2u"},{"x":12,"y":33,"i":"sIjpZbRB3w7pP8Bsnnq0lGo5PYATOrEJOBd5ur1wUvd4rgUf8R26e78fZJ0P","l":"IKJqPEDeQp9DJWVJj7yF02b2vxxl4FBKsbUiuKq5WUi3zbFRc778EDyNTH4sDUgOMfxFS0MC1dquuC9xegH9hPqr9sVPLZ6qfAww"},{"x":44,"y":29,"i":"j5IZhS8nB0ZReHkaouf4ZPRvyKYjwoX0STwtpRe5NuXwU3rVY7m60FoxbKHM","l":"tMd5asPewQjbwityeKgfjBxgKhrJojZVPSXpLbxpUkYrTaBOgnoEY0nXZ7Enw2QLLnnEDi9WsrzxbMz0SBd8lBbFs8047JL5s5fg"},{"x":16,"y":30,"i":"EHecvucZ6dsjJrrtuwlB3jJS8Ws0n7Y1nsVMAZJgv4ZPuvP1XxYQjGhyvRkA","l":"x8tmRF8VBBH53ieDGSPtQif5fnkB5Szrz8hMK8paltBdaR2cQK5AMPE3luHgIDEV4xbikqjdCuHcxlmQxOuEbxrXiZUnZ3q6xYPD"},{"x":23,"y":18,"i":"eWVFeeVdQ4HB37qc9HdY9wry5py52QzvlSSI1hDyUcuc5oKIxewe1Tbw2SDR","l":"wDlgeXPGb8MDIPVkpHikcpNwtL9MDjlNyPAtHD93Xfbf6LCEaXKxOkbGDfeZpqfxYNU2PNq3KtNWfs8vXPN2Xk4a3bitSJZbtLnM"},{"x":7,"y":0,"i":"o0qWX3m12MalL2XMmRRDmiIkcprvouJ0ygQUl7bXI9tpsS0E74ZLs2BL9oI3","l":"3CG3HqUKov7M4VmIJeejC6KrtjaKuBrGGllxBg1JeQb9bJUgaCOgrP2OmdpeLxNiLoU6UbhRMtaSX24VZJwPAlvqZuz6vLnLnvWf"},{"x":3,"y":41,"i":"I7cuQ0u8keoxfBtZOQRc5hz9P8HW1E2ZnYc3bKGZn1ATrvME8qE0qNfyMZyS","l":"Mrzdm3Ush8Uh5D9ZmsWMfBEFiHOKnA76GVUGlIBNx4xOD9QJ4XQnNqTvEkw69uIkinDmu1zWaN9TavIcHssZdTtXGzzOgwSkj8dX"},{"x":15,"y":46,"i":"7RSqiM5ZXrWpps9hv1jpfgWvEC3puxOwytGBX5K7eU2uWnj7Z96v48NFHBuW","l":"yDscI8tteZ5C5JLcJgmpDfYNmj9TEAWKCppKl3ignVgZeVNq3dWvTpSpCYHEZDLo02WmCIiEtzO6zSEgET6IGZ4V9EiNFMQm9iv1"},{"x":30,"y":18,"i":"7VPpABHeO2JCeg1YPQPoGVoWhWUuKKZQ3Orusug6iyRuof1e4r10I53Uug17","l":"Ywt5y7pdH9IynMj6zauEe08DFTLZDJPGl1k6aRd3KGFnD62AUYBiDf1bE8pOFqxVAQbiYE2Y0NSY5dCw3l2itedGUI02tzKcF1Pn"},{"x":20,"y":5,"i":"p9t6zLYgjkIlU9AtgoKSa8CHBWupo9yfrkFJyY585fbZbo53iOfoojXxLPdi","l":"9wMBjbJE2eXnF57f1yEFNDgtbSKdoPVOuGdaWejk3SLMow7TtHZFcrpUx8zjwHIeP7rraRd8HoyhjYMOeyT6S62CHPJjldO3lq2S"},{"x":35,"y":14,"i":"540Of6NuXgIYyhDTSpKBTKzXJyYDB9CvsUBPPtY59h6MHokGk3fw1DdW2jff","l":"H0YndxnwXG0AzYXmxPjtPtzRtA5Jk9HTRC8LPNXdkYqBS3TvH0PbzuFg0wVqJFvSDR4096s7YkjT74uMNEIlOIrgVQbjuC1JBwrB"},{"x":21,"y":13,"i":"JiP9CW4bwolOD45tRUqUS8ovaEpYTGBRTho7QXzPmWU2bAR5M2C2RS0RbnBt","l":"nC6k5dlU58z0XY86I8lX6eQi5KOcM1SMX3KIW2XTBnrg1o20W4WQ8ZQnn24oWAHKBXiBq5XjWUxSbbX7w35YB338RxqeZAFb5pJC"},{"x":4,"y":39,"i":"2OSGGPzcFISH37VNx3XJxuVelFKNgMLSVQLimgEcLvBWjhSJe7CDuEmUOzpp","l":"ceRLDTB13j5zRDJzIokBudH9J3UkzU9FrPYpfKGaMK1E3GZIfaHc4NumxaoGzYLy74FJ882uh6bGyOTmtiyp9GcQLkSFgqa2tQhA"},{"x":35,"y":0,"i":"LQab7OwPGQHrSBYLVA5JHUBoaZKJID0Wrkr9Od1I1sDJOnz7i8F2ixLlkr3n","l":"eEVAc99Lf33C3uwHH4Woku5N4e07h3B2uBilgW2jflFXqyKDup0KG8Ur98IgGixXouyegyOaD6aREmJ8lBGdrvFjNh6NfoWn1ok3"},{"x":18,"y":47,"i":"i2pdH8ZO8ICM0jrgu9WXoVvwYNM6GKkRPCbAalO5sxg20sx5gi01MA3sIzMX","l":"IQP2D10IwWq5325CpHl3Tj9ciArJGm959OeFQ27OJT7RhuTvJfYh6mgTsXE2bmMvMgoKTBdhJSMHP7zd66LILMpkGhDeRejHkhNl"},{"x":7,"y":35,"i":"v3oIg8mAodCNPS1Ev83m9wGlm3Yn42eC108edUeCo1d9WnrgJzfrYYB5eckz","l":"sWCu0EQtKXjwYwC8qI5aZG17Fm7JrHe4ntUHIWLpQTeEBcLQFrBdkGJnIcpZrmrx03EZrgKPFjBs8rzfq1zJlJ3FoW89PQ3OsjQW"},{"x":49,"y":36,"i":"ttP1J3y2ndik4Sg4lpGeSST4hHE3oxOlPOd80l0V37ajFGUT9P7mBEd8dsOF","l":"q0IpFB8j8bg1Q2RSmbWdcEZwDcoJWLzkUqtxm5D5P6mNvMvCW9P6uSQiMFqwKxaOLNkSCScALQlcrvV5KOLJNMvp3CZQkLlfc0Yh"},{"x":9,"y":47,"i":"BnE4o1xFgOrsu7qBfzoVJwendPjT1Zp1jIpYYiXkX5bTW1TPqFUa6clT05QA","l":"XMCszkym5EKdYXXyTgLXA3eAykVJPlUYxetjFk7RBnUk68w29ZrLr9X7aN6wBnvfknlLfpeUrYnglPNdO8qsbU8nV1YR5vvK0XLi"},{"x":29,"y":9,"i":"gN4ObbFcIy7KSHCne8uuu2Xr6K5UvvgVaxsWyGrrsKEbHE9248qOaFchaU4g","l":"jchwL8FjBjLqu52Euyq0t9rnUnIDgsKnIq08TkOh95UR67kcoHfs6lJR07aE9HCoHAf9YVOsOBE9j0xbJQ6bh7at5MCBxrj6tSTB"},{"x":49,"y":31,"i":"FmW0cLr7FrtrfbLvppbFTdhQvNKImozMTT8iLukiRDRahfWhASJdgxWysjSU","l":"ILYRLWvnS64jDfllukU6Zntq9skXRy1XOwS6hsXMfx4wJ5IlfXzPxeAG3XdIRjaB6PkAWwLu81Q2x1YI3GwDyeUhk5wsRSezSZuf"},{"x":31,"y":31,"i":"jjXzAgfbQ67WyOULfxwHMefz1h6mM50JQlZjRAIgDJsTlHl6mb1YGQLGThZd","l":"NGwN3MQelVRKq9x5bwwgVcSeyZfKqPydVnOoI55wPRUtx0GPUxjdDLcunWe2PFOavSzG3hVt7HSkcTrNyT7nnQNbyfqZqwoOOndL"},{"x":3,"y":46,"i":"ep53xbPwfE50IrY4QX9IRMFlKvkGM0T3roONOEg0MRrJOEttB9aPxRlP9A5j","l":"wsJwCh1P9hUF0ZXF9wj9hjnxX1D40MjFnySMUEuZ67R0gxRcRhX5IseQftZtom8zl0Li63jlLjvqvYS5uxm4SNdpeZin7aCbptgW"},{"x":33,"y":18,"i":"VjXXYAAuMRBfcM8g5DEhigrC6To3H6ycLySDIftMhHI9BAXhWJHqZOKNF4wT","l":"0szIvvxsi7STK64Hwcu21KbSe8s1PiIta3lznGSVoh8uuhX1L85kDVU3Zk2mVJnbRRrW0rmKfYWlDclrRWL5UP7BLGQ3ZX7fYQIh"},{"x":13,"y":45,"i":"0qXKltb4387Jq8SZB3Ch7QGrtGVCTrQlidEChsBnUbzgmT1GNc3hh3GgSdAn","l":"nfye90DAsYhacaiXYSyiytiqY7YM4IVI7cdPqqRRVrmX0LgFD56QwRcPhP4CizJHTdpr85CCto8EKJz68UzmYCNjxPtXk01kWE2i"},{"x":42,"y":45,"i":"WLa39l0rCZBb54b6RxMAXx3cVs1cZaNwqhrGnFsgMQLSBoe0UWOYsaQbJDB7","l":"UMIALYHgliikw2tf4lhWJP7fozDqZ7PqMm5gRWdkxppkVlSk2ZbqzxvReGfOdxQx6KU35CUXrADykz5oNdw3GSNFXZR9t0yEfLxN"},{"x":37,"y":41,"i":"PTEQN9f6EwEQvTOVxVYmaqMGYFScVCXimV7Qc97z2TrX0xsCzEsR7dxPHrtI","l":"gU5G2ZwPkPDWwt3j32gP0QmJoKrFTndReSblNY58ui05cPSjA9QKmuz267USvZ2JPUqK6tv0HtjiExyratcHjJu31iXv5bbIRVnB"},{"x":30,"y":29,"i":"ulIozcknhtCgEGjft7wXUFe03ivXKEsXAz7BGnMNvWjoeRloKdF8K41PcKiC","l":"1YbgVj3lRSEREBmcvHKcwQDaET4JHKL5JRPzGOiOayTV0h4VvwOFVLaVOOOFu95EMyYViZJsbhcpzsKLWG8XRxbccSBB6cHooVs9"},{"x":22,"y":29,"i":"WuPyXPEiTtHKM5usUB126MA3cMFafJlew4ucI7Ngms0w76aNr3TGWpO5vaHT","l":"qT5XGwJv10Wh8uhqNo80GlJ2W6BYXhx96s3YkpOYwajH6jxZpbZ4n6jBiAADdnTuSPtxojbR9fGgK5yriCSAMxX0LvUOnLj0ttnP"},{"x":2,"y":0,"i":"3yt0WSrUsaHsDTi4RL55nErHbNQLqUXVjNkA3RjEYiug1tQD8dVdAL9a9pjD","l":"YbY78gFBx349WpWWiq3Pc1mZvLqquKgHGxaUH67BDwrXuNiAouWUBgFx011um4pJ2HP3bKTx3FdiVOkp84vhrKCOtwDyBp1oFs4P"},{"x":29,"y":17,"i":"p7nwLuILsb9mJUSb1KrS89EYsIZKNQLrVcnE2RLfKKUcD5fYVdByp4eK940B","l":"IMZgBclScCOsMhBv71wRzihqiXgAKYSAn232V8evbkavms0d4cg6DvFdTv4x5An82gRMnd8OqeMn2mQAFIruHYPeqH9J5Pf9hEMi"},{"x":33,"y":14,"i":"eSBI47Cnu8lAFZ6Y2DUqzm5UTrwDT2pOQonIo2vavt9c3OCMk3erWYZiUnkI","l":"iBnycbYSSnmIzynNV74gGr6FcSiZWlNFl5ojbq413Vy3yfrsVtEnYWbvnINvURrVYKEqfFKquIFnuRzT8DGTiadD50aYFbKZ9nPe"},{"x":9,"y":44,"i":"Ai278PbOcrT3kVDr2P03ig5plOfsaNY3tNaplWQiZ72ToIjnHwnSp35PuDVm","l":"4o1rhEs4vvxtQwozrGTtWpHv3fuNplxQT3sTLGNz3bhFvyqU6sJfD2Vuorq3mmJLxDvwUhgli7msgsEPamCaTJiBZI7VIZAV6JZS"},{"x":11,"y":14,"i":"oYdQywTfC9droDtmXu4FqrA6dLduiKNR1H4iRX20Os3m509chTrjtyPuMQ9B","l":"cJbjJKBwO99ocDIDdf3aphGdhMxjO86xFititFUhhD2ZgtTAz1SUKkVffkh4593X9DtNxUskP7J0LkzuZwtrN59yCVAP6hs8BALY"},{"x":31,"y":20,"i":"yDoBl1rw65t3t1EMUUGqXi6uYm0oVeRXWgj5dIJu8IFPB2VBLmvOf81ep0Bp","l":"jP5SXU9rjedeMHotxurFzjgNwT7wBE98w13qMIzgw5AF0keiT9lGNoDm5jH2aEKpWQPfmtM3dlE4JYiGsImX2aplaEIjtpXNheH3"},{"x":26,"y":33,"i":"Xs4ovCLIuBcnKSCbpUK2lKYpEDLFCs8Us0Muw6r6qJZUf4jxDYtB9d6b67VZ","l":"hzaMoW8tCgGyvOw5hUjBOBdUylan5hFw8qjfK2vpVkFaJHG8QBNxV0QVQdnpTqnBtBYaZF4vgw0RXO4ZljnX7kLir8i8luphCuvV"},{"x":22,"y":48,"i":"tJ4e3FQKIV3ad6d0XMhETHFo2MlvgYLNUrN2r6f1KsWET4R9bd449QFRIY2S","l":"Yk8qyfJlR1mgUNIM6l3VpGryxogUcAIAatWXm30mwXnB61bBh3RIBe6dBi4xgcd528Tsq80Hgwdftgm5HdbQgAl0nbkXcIAp4k9p"},{"x":19,"y":49,"i":"FgEHix1UmyKqYDxOcTHKwtVUbAGbhN9ztiTsRAC36eV7jFNih071Vd2yxRvv","l":"hiZQ7IDRSYFegJZfF9hsmnJJcWboCTx3rBQnWEwwIuBRDgUqJTZV0FRqKP1lctEX0oUqh5TRqG1eiKotaxIdtYtFOcxwf8pCQ29R"},{"x":30,"y":3,"i":"7kipy4MPQds7QPGhpzJnzi7ipHU5aZHvyE5WXaCZ0rvFLxl63y5foRgbZnIp","l":"KQjXUX0HuAqxP5tJuSSvAFctkAZii6AcFZKETUwUtKFeacgShWK5HMeo57Wzzcf92rfQK8ELjHRYKCQYuS7odPWi6iSoEPUUIIPq"},{"x":29,"y":22,"i":"jaPa9uwP5tUZ1OE5CoCUaKKmnT9QPQodaWGmEepO3L70i3cZn0ugn0Npun24","l":"sOWP880HotD4YBtfRkW7mAsqIEnBNXPgRo1AkVu2i5AIYFTFsUtAq5QNNXAVwXAumHVf6cPUx02JaEjelQVk7MKkdtxrYC0dORjf"},{"x":37,"y":5,"i":"U8jE6D0o7zX5nOcsTI5a79IP6n9T9ssHBR4CROY2kUKLiKnFKCq2KAJ8zACU","l":"LYBPcZLefH1d6ADrXpMwquXX8BBRa9XgOc20T3UWGbrHzhLbhs4k5qfILR4ZhUpJszFSLd3q57Xben0LLHdYwKW899Vj8cDJgBDZ"},{"x":41,"y":34,"i":"hD2885sB0Gh8XHucBBDIhdxkVsDmodpORCafJdCla4bUB4HIYj5z5LhN035P","l":"ZGB9XXH67yPhHPuQyZzBHz04E1Kj4AQPJCDK1adHruxiJ8KcpGdFjgefLxoLWzBZB6bVzW6rUpAYlXHxrcvNhSAcdFr5wkhBYo4s"},{"x":43,"y":7,"i":"a4OjmDcWKW21s40TyDjSmeNssuqW1I7O20Mbk6qaK947zrGKvWdx8BFXJRCy","l":"ePUKa7JBJRFygnaYPa08wYGfZFAG6efgPptFWx1H2GqjOyNYx7UU3WXEH18nw21Is2pyS0m336xEzH4Z6iratlVVQTDXzBasE8gh"},{"x":1,"y":38,"i":"1jPa0YaKtrKOqF06E2k856gtsUsFUhzzZliWUPBNyaqyoW359DnKZWH0hRWf","l":"dW59DiwmiUdx40fPRrpsKCSIKssQPJvpZTdT6rafqjNIazCblHtwpKFcTmpcadYhbuaSainCo7RarGCW88WVHInRH8pMhjucTnc8"},{"x":6,"y":0,"i":"ewuvfz3asPY8QbCtKaBCEkvC0ndgBRQtEdMmOiX4sY8a8WCplGHHD9KMPrNV","l":"JuqcnG2oahlC3bE4CMqo2LNtEhIASS1q6UCammruu3rH2RYBjxQKeEL8AD1oTuelgqhOpr7NAkhcE4e4H9kWAgTw59jLz3RZBLdT"},{"x":29,"y":12,"i":"DHG7qqnMuG3H04MnnNBQGzSn10ZysGdcaEQnkd7VGq9mozsb6sodCwLmhqRn","l":"a3M789Wnqdjh5DRDGBC4dMlTaL3PgJSmFmNC27X0WMp3hiySnXS0aROnuinN5AAPGNQv114AMii1riHFjNC6KwVUXd9TnZgePq8N"},{"x":26,"y":24,"i":"4LK4qdu7I3DoBE6sEghyOJtPRgzUspQf8jkjtMrX67FBsgwW3cOyitnVKxge","l":"Q5bjrIW00PSV3PewYmZr1TRIezNN1TWarZK3ElnmYxUTTRygiiE9rCxTHhSU8AyZAlKptl6o03TdnVdZKCpXrQYPor0v6ThITUcU"},{"x":11,"y":24,"i":"jjq9HsnbtnbgXrXFbT8QN5RkFLwZyNkP02jfzCLv0Les54gJg09XyqoMEZWA","l":"uq8TFVlx4lBf7J9Q1TNnLamYETgDE2v0WdkqRqunmEYsLH1iIh2qNAOWUK6mTL4MC0sgYriFSqCPf4YOWupoywakihak0T47DAeA"},{"x":1,"y":26,"i":"2qdtw5w4ZOMrAMAeZ0iioiYvWAyx37MqUAviTduAReqofbUZ5xCY0gjrqJJQ","l":"aSf1QCOfgo3VllWJqBucomgMwIxN3ms5a2lMiKlXSieWSRa15eZqXcDkczaTvBaHd8oR1ll9N4jSaxc5frD8RxiZQcxcr9mWistf"},{"x":10,"y":22,"i":"FeM7j08LLpVzScMdAhOrxAcCWWOdEPpy1Zbs2e6bJFY3GPm5Y7LG4CJWUn69","l":"mtanf8VWgzuhmSnoKbru1SNL0JfqDK3DPtfKp2O6hkENDpxGXcDuoV6leWZuvtpU8XrOYhqYcOvICUh7jOe3ljnsfkjXqqVXwY3X"},{"x":26,"y":16,"i":"Oirth4boPRJyl0IECvH7ljt5PQ8AknYojhsmGO900MiQfGfLQeYNaqKQG6hX","l":"WQdngEzOsEzHXtOPqsaKKQkupgjIRVekdSgSdAXyNuyMOjlkk1R1DNUMIdgcVcsPvORAK2LzWjQ06tWsPKP8HamlNZOrQ5WH8igA"},{"x":40,"y":40,"i":"zY6x1CeiWxcqzgetehEgpC6OQQ16q2bUWRdgxTQe2a9v1gd0BnomThKs6mqP","l":"7x3NIzjicuKQuaansOjrYNlDFquBFnV3RdOVBFRoRvJSwhPeu8ICP9SxiQ2rmDRelJKuDIN1C4pYzyW5YSUfIIiWY0ZV1TZmW4kc"},{"x":10,"y":20,"i":"6EIxjMF7IuWvlBKtnqwh293QteaN0JeF2YSgw5306KRSd9RzaeGZZvNG3Edd","l":"iV8dcp9JnBTg9EQ02a0aTZYNc5kNnV3wBRjm2aacY8aAvIGxwOXlyoQZjnGVcd5vWdU5OJNPuqHtXAqWCpSIeeIMCmX5Sha6e2CA"},{"x":21,"y":49,"i":"E66a1swh9kgu0wt5xflu0cLtoyMXjVaO2thO9kPhs4lGsof7q4OW40Z7PHIk","l":"Lh51HN8JTBzmJLbvoQRHCfEFjGpA6xE4Voi78OowU6p5HbQnKCRu0t9EuLmBz0Hdqq5bKhQt1qWpOw4kV3AmIQ7qXDfwCi34nmKr"},{"x":20,"y":30,"i":"eAQhzyOeQzglourTf2powNrU8x4rHlVoMVr6LSv78YgBuyaKbkGMk1aYUnD2","l":"hyNO9ogLLpBpyVblOvILmuT081zC1rvZJOSeplKd62MsV3JSWCnjiR2BymZZgvLivQPvxAFQ7ECXneWMVOYC3eDUxKJT1CDFWygy"},{"x":21,"y":21,"i":"rxYF7Qeef9Y3m5J8qrQGNhDPTpLbMenDpUiEJISudUgHivtahKIdS8cx8Etc","l":"90a3pZkHRNw1uVz9nQFhYoTmRzZjAtrUiPSIvaTta3joG7KVNfMIVSV8y22t3nu3psH7c3uCoo0kcSThOoy6Ufmg7caaYES31ruW"},{"x":3,"y":2,"i":"ihuNE0OcMnkYBmtG0xDt8TkqS6clNMYHbMe60Zbh8vBuR8axSa5dq0eTJz0C","l":"LSbKh9huMCICrWZdPCVTg6IDExrbZ1hdCsaUddRdGl9bzLykmiA3CBs3F4ugNSfrftXDSVaHrLifQWoXItNotGLB59hP3cYo9zTA"},{"x":47,"y":29,"i":"F7crhbXlsNp8HHeh99E3afXPzjFSEks9sgWts7I9dWyvR1XruNQMCDFelG9c","l":"dQzK3nV7CXheMTTalXuPhB6Q7704D6qnoEqpdOKpR79bHOCDqfWOhA5B5mI5NPdN0eAM2SBSnjfWWgm3roaTCIOpxhKpSpWQODLD"}]}