{"results":[{"x":15,"y":32,"i":"4yQOQsmW3bBtbj2rUyRdIX1e6F3iMqJga2B5Lvp6XbI2fEDnWa8fjQV7mNSV","l":"WqkozUHEIYdO7bBLdpfsKASzd92OYobQI3QvzeIpH1ONeaePVdtm54exSgX9Nl0Rxd4NNHeCuuPHisxqJoYZ3l2oJ9bIWNsSNc8G"},{"x":43,"y":23,"i":"bVOUMNRPvCi5hinDjH0M40nPRFnAUC0dNVURJYpykNVhsik2ye9BRPsJpjQA","l":"XnFHjv30o0M9RPVvCocJsrwseD8sklGgtNahMzfUANL8d2K6Ta0uQ1DpDV3LJZGv1iKeoq9Z3xLgXTYDUer3iFceYKDu9o23Mn6v"},{"x":34,"y":38,"i":"wuOLG7X4oZm4Huu1rR88gbJ9E3Or0py1C7hdnYuCuAzcoWHiBSDpScMyBcDE","l":"YDsyzBpXUIVPVasbQkFxPuti7Hspbzn9YqSYzi0iRPvM8yaL6R1e88Jjak7VsF2lwArNbKV7nLSxFSVHuo4F2UBzFusOLVkfjAXK"},{"x":20,"y":36,"i":"34qVx7vG8GVMu9dGsCM71dHTTtqoo6a14zwHGbGJCssxWgxRPumDVz11sY9Z","l":"T4hGFtsarb1v2OGOhCSO7K2xZI67IbXhvz1ztuZ42lub32Sz7NNGoDLVLVGMWir4hm0Q0wa1yOtrRm0QGNhN1ztJyJ5SrzCuyoeU"},{"x":48,"y":4,"i":"cM3VFYs4peya48319qSP7HAzR3fmWh336WqB9dswjGRSw6mwcwRwlSVlc9ht","l":"eDoWxTEUmxcqduOYZtR4xihKnAI3BdjSQ4Axzy9Fn01ylExlGQa5j7TLHRV4A1ckoegTbXajPLpKUVqzCRYXxWBgrLVkL4AzNwPU"},{"x":1,"y":20,"i":"rn6fhzlp0MOjBBg6GE6sJaTa7QHrsNxHwU6UmgRiE1mrCYamRXmuJwXGSkZ6","l":"KY1PdtDXMVgb2cUvN4Zr7De2C2lyAZjtIXbQ54zNlClGU3CH22Ne62X8qUsusLOveR50SxWkcM25p9AFfSOGIWztVoIu61EpG0I7"},{"x":46,"y":12,"i":"m9KMASjJjhCOZhalarqbVJTE84qkOoERZMzqdEFn2k7W2eIhX9SXormrw3St","l":"4w5aS5fBGqDSYJP8wBssRBviNkZNH8UxWciu9KYZxjT4BD2yrEsICaC8DIoYLihhmsKewMwvbfphtujcqRx1J6f6VF4W8d2m8LuZ"},{"x":27,"y":33,"i":"EUjWUDOEvolAFEgwcaLc9X9WAKuT3xF1RhfUFjl81J3sSzZ5cObG2EWj3geE","l":"wu5xxqAb3skeV7R26Cjum0VY9bBGoKZvOX7xzljIinhkpnmBMqVi1i13Si4pF54nZinZNlTxCZxnkRJc0iJP0IC4MhuiJ9UyC7aa"},{"x":39,"y":32,"i":"5ARXVJJkxSqjnxoveCPze4IciKjBxpPNJ3rLS29qnWHwmpZbkeAHaNnX2juf","l":"uQaxMbNwfeKV8mdG17lk3V4dEEv0K109BEHlV7EHT1wkk2HYqYNUIA9Egb2w44tNLItXWzEopkghoc8B3vQfUq5DdBWKpuHa5RU5"},{"x":22,"y":37,"i":"yxnSjUKgNdydkHGehr6OIx1bBWJUQjZ9UUJFRzYmP5FpDJTm8iLFy6A2ouBd","l":"3yrIizHXfoPX9EX01cO2vCT1trLnxWSED74UiWQBFo8KvEWklRXNBmzyjyb3WJ0qtqP7bhKi5s6EQx7F8BKqgo5AilHE18rHVOBd"},{"x":26,"y":12,"i":"NYCi0RrG7p5sokNdo4UTDnOofKcC6ahfuIMbYKxzCpg3djVsOCtaD9ORwy2F","l":"NFhyeCmW87vdRDPtRSudWJ7egrpP37MWNV0xEG4hLeauEvFIxuQTa6lW4BlUzpklgQNTPkrcd6Oy7WCceiww2BbqfdHsWRk4HWCi"},{"x":46,"y":39,"i":"aCziDJK2NLFKeBiM9agaGn2CFYQpKTb2vhQnY63sVH5tcESRzzCiRUvavKi4","l":"83KdtCgizAWMPAu7m64wheW1MrJnJnJxIgBRRaVP54IZh3Zm3lE6Zwv93JishdpTjeXAs8kmY78KTE7MLnL9JN3Eo3VkabWG5kG3"},{"x":18,"y":32,"i":"jG5lFZpZL38fS2BgoBgLweAE2NCHNE8CuLnZ4w29N3L2x4uvimTCG1GwlvSQ","l":"VV02hya0CowasLg4yQ8sQ0alSbvAMvsjDcv7HnE6pfd1Hl4VchQZDpRcturllLNXTDoAqlymuFptEW6lpkYfadQ870HA4VAD0JuN"},{"x":21,"y":28,"i":"sWp6jjPbglUBNhZBR2bAvo3Udi2xjAliVAwo9BMGRStuXIxgirpJYY6bMwuB","l":"ZwfgnBmSSBhofKgPJfq8aZo1mfLtacTh2wz1M944aOeqoDAlPOtVETkVE4BxLTqfmLWZwJpTTuObsNGOo9bNbw13KqLkXxvG51It"},{"x":34,"y":22,"i":"ynyInGxpRDkJmYQP3vLsieJvPW0ou32gBqkRsSVZMnwuOwwxjujdh1XIqRgK","l":"n1u45m2UIFMweMC1td32jVPVkywx4joKBz5kcZEWRoP66vZEfNINeOMwyFNClFA7XacwTqjh7FS66pwe8ONWLEJbT1joRNH7iG6h"},{"x":46,"y":5,"i":"87p8O9G0IJhINn9rbqR8h4SCcfTaO9CiLNJw8bUI25JzB7OklKtKZTfB0xDX","l":"SNtCodcxzHJ5fbijyONfnHwiKOnlcLnM5km7h98bNOcEHfCNgLgkMJOEJYhAeFuNuurtFIbrH9t4b9v0BSTh6sYuVcO1WlO393Nu"},{"x":43,"y":47,"i":"hI0ycQvQgB0rQDuViwjgVQUVUivVQQkTVq45SFLnEKrdWvpMyujzWsung170","l":"bquXR6AY1X7ISXPClCZJbkSrvbeNxrmfWFNhvt15OvWkpudpFacyzxWAuSf0n3CmblBNIbY6TNlQ9n5y7bBS6yciLM5ZO9JUm1Wd"},{"x":34,"y":28,"i":"EPFTO6G0wMCKkw654QWWDOqGv33OeBRE0TjalIxhKQVKjpwXGv0SM7fvWlZr","l":"oJz0dKazJ16vnZEK6X8PRaI9U5TvaTKt3tQWoJfw0yOYXRekVBaxwWUWSfJyciRrjs5DpQ1CMq6X3zxokE0PydUl2QiEOJbARm3B"},{"x":0,"y":16,"i":"mkad4IGeCF2Ubc27MmE97vB1RdIEICijSiKFg0u8bKuQJPnAviu9xeqgzn1S","l":"k0xuuPx8eBQWrXbYFIOGwiRLM5KezUyVj4FueV5N1eqhyjPjIUkqHrP68ePDoqJd5GYgqDaRrjDU1WHCWmWd35THop0D9xnzBUvW"},{"x":20,"y":43,"i":"czyiIuWvt9ien76PgzTE7njhWxtIufGoE90Yxo94ROjZAzB2tsWRFSB3FfTm","l":"WavUb9TLnmyepSahvUuYqSChmBQn2XekZwDwUizvpcTl6XPWVyZfKhSmn7GSEe4Y1IMGHPkSNjn9rMsQP5SjUwp6bmO6E84DUB2U"},{"x":37,"y":26,"i":"CUT3dj7jkq1YL0OdlJtNE30AvIzUQhEFpVlJGAm2YPaAPLAIZ6qLC6VDxnl1","l":"EPdS88KyRQc5WG9n8dsqHC56lddWs4owLQDbT5kEp4XWcS6By5s1xktuE4haMu1auK1uLV94gZbgMbahvmKd6PXdm120UdgDfjsL"},{"x":2,"y":27,"i":"ZaUW29ipZxzVwvnYsRFeFxfzYdUgTok0PlB6oi3fdhjEMDGRr1uWrXZgvTMS","l":"ha11AuEypOPEqb6xcNxH1fiWk5Uy5tt8tslmmA3SapzjCO0tg45KQZjv9um1UGpnDnuTyzNG7uM0VrYFplXbkhRjgEUTrYQIixhF"},{"x":19,"y":21,"i":"6cmIlPZjpwoIpwUyIK9naz8Xpv3mAVF5rZgRgoSmGVUwqryQoGfCoFTJT42r","l":"StpvxzjOBZjYPTA6lIlmMGbO4J3NPp5ZU9fk1YR8SIfTaayGT337exbsKmIadMrehm5pxo3m1AYD3vIBZn3OijDq4tGCpzmA43Ap"},{"x":38,"y":45,"i":"DOwVSdgtGlwiOu6t7MBRMWxwHEpEmpIho4km0drgdMhbQ3ipzNlqkkuHekqz","l":"gEqLJa9tzMpy28nMiFRN1XwFx32XoDIiZYRqrjUEdPWz0cGNXPSt9tqUBCZLXjKsMROW7UxzZ2wlrgJnkAkwLv9NdEseg3FGlk3x"},{"x":43,"y":28,"i":"HWG1m5D7491RwK3gXxk4dSZKfOFvzYtqjqZDWhTWuDFeI3IKQjec9PkAaHcH","l":"r4cGCTofeugmRGPPJyib5w3bw71hadNt4VkcZjOyQqPzbtK02rn2QQBQ4FhVqPoSp8XU8g6DevdDVY36dhdUA0N2c5VZoZDWeo5f"},{"x":23,"y":1,"i":"eZqDy1gUHzpcYAzyMztq3h3KKDasnJavBRDvGdelDdCQNZlYk88OwGYBAWtv","l":"2J4UwD67WPcjNwemJTSQDCFr100MevBA6GDg5QY6WODfem0DhkcWixP5DosHMH6eVmcZyUsqZPyxItRbGoC1QnHF4P4Ut08qw2zw"},{"x":4,"y":22,"i":"vZFCTPuHoFDiKwCsEdCszRmUTzPgwgLSHeUe3myX2sUrLLGqqsWqUc3DS6Fg","l":"47SWDLQA13FqOAYjHW1KQd8gwFZRzR6oWVGu4oQVhAZGHv6vzRw33fvl9NhEnnYsIRcwg6BTqYKvx5UzuZmHrwocu0RIaGkCAQtS"},{"x":23,"y":13,"i":"qAS9OD1I1lWDi5ePkVG7WjPL74eDzhnQenhbCazjSYbVhk0k61ev4otz9mfJ","l":"YhuNPV0k08RjQ0ClV3FCShVsYDN2QBXPo2lG6oF5NTLCn9zmXG4gPAf3G9RZHO8VnfKsRF5DJnzcBLQSMMqDwXhrc4I2175Q7odC"},{"x":33,"y":16,"i":"Q5TiYfsONRVcussETeS4RXqyb758D5LpX1hipFlvZE2yAOobZPdUPYM0NFsW","l":"20SOTM56XLiKLKP0UMAMM3NWqEJ0bDKyDk56Ib86eig3ZXtn3eqAwoQ2JQlLSg3etYpudvcaI5oyX2mcpaE0WtVfAS5QhreKIX45"},{"x":14,"y":18,"i":"k1cgECaEjdLUGbrX3hkUyldhBA6XzN293IL8wn2zgoMxgNVS0zmoKhKOOS6o","l":"4TrjCaoLmEzNVU6gK2FwvC2aqa8M1aRRKhxJrm0Kb6ioUfzHAgkeaAolk3WLfiS0ThEpG8DaqBeB8fReCXzvXwCV89qfxB0V6EjW"},{"x":17,"y":4,"i":"bOBCmuW5o4csgLCgZDNrVSKg1p9qxS1Jp8bdMt5PZRPJrkpnStM3uK1DZgkC","l":"tmTtIoEBL7Y7jGCMuBjMKJLp8qwfzDappUIjLauNTbPawIk1lnXkdVj4bk5ZPGDZvuLtBofz4vOJnNzEt7cgjUJSWQHcaXmCfew9"},{"x":37,"y":25,"i":"yvZLJu2LA8mWbHyQH6Evx0Nnd9osulMoJEO6bGxBzHl1AesxhgjdKIGr6q5T","l":"zBtJpJAIBiG7a5kYrGdiY0ppAuWZsOvWJIl1PDvqERjl7hWjSqTVetn2zX3s8hQUJZpLwVm3OF2kIDcja7eroTJqzZGrLLrU6Lfs"},{"x":45,"y":43,"i":"AIbraEfP84HuG4UBMtDVYPo56tYvx44msPebGBPfsDBktNVKdrxkkVZ4okSY","l":"fhCdJtnEfkBE9PO3VxRoJHivGHxz4uv4zC97DQ44XYuSEmJ3DZcPIKKDsQeEhzsFZT9kHa4AprA3Rovp9lSqKoI0V5QS6W7fh5AO"},{"x":42,"y":6,"i":"jk9vePEosN0DMwhSZIDCrLKxvmJnO0wfpbBIbQzx0DvRpjvzlnmUA6d6wOFh","l":"NDkQUTw3fHeSbZq7vbshZykEJMzlfTAWrDAQjjEKd0BdBf0HoUQAn5PqKy9rLRg8GI8Py83X8VT0vA75P9wU1vpqNyavuBVpsi7P"},{"x":45,"y":21,"i":"zebrGLwiEIQJ9gkZxxVOQVOdSpUJlnunA7d2fLPm3CuXnrrExYVELdSXgtAm","l":"nYAP4TVt1DZnAWDL8rLTUZuDHFqKlvwumOkFmUVTLFUzClkYXWDpPrjoO4WSsecL6wkSUOJ71a8hqfFrR6s0WJP55TjEpYZPuy8c"},{"x":44,"y":15,"i":"xDyyWQ4yzXOOFFIwVoSvQBC9pG8BfwRxmDil3PKx37s6GKc4BbZ9B0OXnIy6","l":"aoCAd8y3aMCp0gnPusy5BIZM368aoQMi6TrQvFl8XjLljbqGaDDBtfNNh8ruyuagI1EWSYlKop4yQFIetXA8fcSJzHzvyLYLq1Tv"},{"x":39,"y":30,"i":"uranvS9Um3aXwduRVfd1jqQHnItTyv2HPb5n8ZsxeV4Tc3fbYOpUsjgoLSgv","l":"Ouh1giKogJpVfBTN2BnCf9fXRpqTBjxWx1Uec5K0Ydnojs2t3WmKe0LtoIF2JfCKHg0AI06tObXEZLjOh6GYlWZXRi4FYkMNC6zk"},{"x":5,"y":39,"i":"8qLUtp5YDM9AzSEFFjEEhEAfOgLeavpR1qVHLtYL6gXWBMV1lMWzrZStb4Ga","l":"cOZZNkJi9ecwaRDa96PQbQmq6tUYF9jsL8ZZcNwgkZof6HC4FiTGXDCaDt4NvU2MU0HoRMbwT0KsO1djaMLyOVBPw4414StpEtud"},{"x":43,"y":8,"i":"5MTIbLM2Xk5UOmaWw4pJnHOc3u0ki28oK9PUDrkqL0kjienKZVrJ7VZO9mbk","l":"xXtw6V100238x4OfPbmjoKAyWU4vIJp284Wnv2DzQTHym9y4DVyeiP1h6bz7FtCGYKAqrdZyDfbLi535uBHNZSITvllXXvr8uZo3"},{"x":48,"y":49,"i":"8of6YknTlPx88PT1uaFZLgUsYcYqxDeIa1wyZlv05537x6cvu1i8SDnaRxPH","l":"UkrBVGU4AdIl5mHqz2wz6jZmlO8WVk3HGCulN8oqTPqgm6m682I0hxzNLB9k9FjEvOH5JM8cAOW8OAucCPUhQet2marUNb4GUKvP"},{"x":8,"y":46,"i":"DFLP9wczLO63mB5pICtIR1c5GmBhvOEp92oDf9im7tcn6MB5h66Ooumsph6I","l":"CrkwRR9qutakRwgMfwjJITxZAbHuPPXmuzdc5oFoPD0ymmuN7a7SuTpJrEiURwW0okYFx6ag8v6H6gygr18rKixmnkffa7g5E2K5"},{"x":27,"y":11,"i":"ZAPIsBSRMaz7GaqKJUzBkkmILN2AsO65B9QkuMcjizVhPRVP8IOJwJiqzeHh","l":"2ZaU8SKTZTDvseU206ef4RSPS5Sj0PZHB2Xbz2arBEF8PfNX0Mz3LOCWiO3bATrw6ZEnhFF9zbXEnQh5W37KQhM12lzgmaW4RsTe"},{"x":0,"y":24,"i":"MHtcDOUGe1ebdxmXSgLW02MIWxJX7jo1sJysFDf7axKrhJvKbCTgCneGETvU","l":"lwgGlQMblmPl2ZSRAkmvFeix7sU9CdKNYmYiflnWKjwpmTjG127jPppbdBEP7tCZZfiY49ZwlESPvotRvCZeppGut1dtepcZB40s"},{"x":38,"y":6,"i":"2ceaCOg2M3oFIkXmMMp5lGyzSgPl2sXaTDWk4O1SKD2oyombb1V91dWJNDuw","l":"D2Nar5EmM3FBrS53Kqag7TlXFlZdmTWXXmwZiaeHzW4cbPDdUx9umuvL9QIsBYp4ciCKG2tC0AfpKJI3x8unpvKBKNXIca4ZowpO"},{"x":38,"y":8,"i":"Nx2wsFn0t7eYv14YYzGKqHJJa6kdjcIaks3sSwYBw3urX18LbQwQINWhYqaO","l":"cK3EZ748KLRTxFIqfhBim2KqrCnxX5wAOhKYWlKHaLfF4Z1ldlMiXtYRC13nYPOy9jwPyJKz6ZWPfA5fqSpx0D6hholOVJaTjjJa"},{"x":43,"y":12,"i":"LHQ4PFgRzfdR69UFLCMK8PDwvtlZ0zxmivC8vtWdn6xWSUXaTA5gOAmmDI5s","l":"Udjm4wCObRAnZydoRGF7wgDBzGXrC3ka8YvwjXfcOVJi72NwMNQkO2S8dfRc5to0B1wtfq8QGgbWHCROfkb8hqYkjqSMGxnjJl53"},{"x":40,"y":3,"i":"F4y2pO3ymkwVvRxDnr5iaSicCKEv2Emtp6Xy6usJBET4hPLSiFJpUZkbzQcJ","l":"Wm8zO7lf68MI7qREZVUqk60bOm7MasoewN5UUSylsgvDz0ChmyAvtxmmkK8wcBaPx2wN2bt4Qns0SWPLIsPU6sWVnmImGZ4rN4gv"},{"x":28,"y":4,"i":"2tG0HPeWLi3A72IQsNF5pDW5vckowLpAet2krpAyuF9Lvy7eIVqjtcRST9KN","l":"J0L9uzaqO641BgOMlXMrnXeZkkH2y2LoG1APzWUfXSmnrLsk9K08gpKv7zZcljnT3PdWD4kmVCHH7RKcDVEJsIWGjCINhl7ec4Rj"},{"x":20,"y":6,"i":"atNJChe1azW9bVuhskQW6Tf2NYs69docrCFvtMsAxXqLEoKJtKj1oiwhHRXT","l":"GF1SEaVXgwhS8ZWF14Tqma1q0oYiZzzcaAm78qQHHQLVIizjcjOMi2jao47s7c7eINJcHFjNa19c8bJ0nroPPfAhm86s8Y1CVRN5"},{"x":16,"y":1,"i":"EEBrP3383eQFlVq8UANzJC0h6lV5nZE9Obkk05ULOfIMGmiOiWtUwsbcoSz9","l":"1dM4bBMS8CMfWwSGIt7eJqnBIM5ERVPKbO4WKXjf5NHudLglziSdPKq4xpMQkOtX38l39Vlt2ajNATAlMVXLQMNkdXtmWDVycUC5"},{"x":9,"y":1,"i":"wld0OvhzlHPV9QLG0rwwba0k3BwDPAB65b4GYYKYj1Iju1Z12KmGIzuYqKXf","l":"fAcEfXGqkcCmKk4FjqqazvvLbdCndo3EFE1hlXpJO67i1uc01AOW6GaTza2912o9jCHFZRpTMJwbgqT2gX9q3t04mXYmxJW4DN0n"},{"x":21,"y":6,"i":"RLjVNIJ9lPblXxE7NJFQGpCIk7198C2REthHUYvu1hkdPKGSPFVz740bs72i","l":"pTbKO8U85SHrxPJgDNCnV1J1hFsZMT3bIEpG7GQLExNBWDgQvTtclfSI1h8mGG0cmvQ1mAMOkShQZ4crjmodnwleESRaWkqJnzhI"},{"x":13,"y":35,"i":"rLTFtRGRPph9XoS82vreoQhcsFhqMEPjm0mlTQY3iDKUtUpeWh0KT2FxDekF","l":"h9p6iY5aEKWwgjkrzFcNVhCkau8h6Hgvxt8InzkObjtlMHN2dnEEJYF7qxgWi9cVF93TATz0mRnSxIZBGK14EkyMlJBMpMsoxyv4"},{"x":38,"y":34,"i":"HnpwX8U0hMb86LMCBIDeZiqsrz9gO6oCDmEkd9TsZ8qFLWJQXqYwAdX0G8bo","l":"9ooKcCI9wcDUWhLZqmoqHHtRgGOHS5Qw77BJulwfsJU6ecGWVal9rd7My7MOOsQbVX6iAB0bnMTaeDdqqLpkEW4zZn7T6rTNkB62"},{"x":31,"y":41,"i":"KZf3yXFVyICJFpiDzH7RVewYxW70VH4yceAvtqpoxcj5k8xaI5pnTChMGv5H","l":"1uZ7htM6cCGd8YUITPuJxy5eJ8UtkRdObax1EmDwk4F9qac6oLUE2clDQxt4WAVRpa5PE1NPTJEBohuFQ9gKjVLST9P9N78ryCKF"},{"x":41,"y":47,"i":"Ulrl2kViYKjx0pNoQYJE4pBM6pU5cLGrbBXlQb3M1uyKyyfYaAvoQaXYFdhA","l":"IuDEUbMnt2uesCSFFJX8reig1VafvcjQXQWrr8C8C4zmoiOugQ5DWVm7ZY18skpsmiIWRpdIURAxrSyBX2vMKJaeipNpHd4e50Li"},{"x":27,"y":14,"i":"JrJSzFQ2ctzr7PllYIkdCOJ9s6oGmrIhMlUnGpmXcHNcprOdYeqrIlYsXlW2","l":"8U4D75fKfR9G5ypmv1wo09sS7WVFRtOwTccfk44AmqpR4gaBB0mSly7LoQTxb3NBRMLEGYnrB02GHvbwt7Jx2FPuwna2ljsjOGoD"},{"x":35,"y":19,"i":"QeDrSo6LB81L91hUFmPM54mKfkdbYAj8DCkVUKvUF5Zbu0cKwWbT82QHUORq","l":"Ir0hjwcYp0FQ7h8CtA3J6xvqC9PbRd99DoQFj75eHlTOSep7eAkhIBJGg7jIDq9EqXMQxLUVoN29m6cIQWeiYrQahwLNVyWCYhXg"},{"x":25,"y":49,"i":"To93NCZOvNC8J9G8UrKMS1p2QBnzcaFpHbuwH5EOZOeDIkogtQKEPJO7jRUy","l":"v80NqlREN0zBkq04yyEHkgakQZXta8gaAMzNXf7GGlQUh0ukLL42ZkS4UE6TU3R7yKzjCdkS1QMVfxz2BN4dHNss5uiGZJDTQsdF"},{"x":10,"y":48,"i":"K3oogznRXFWWYnBS4Yu1vTUjxVITQKdg4T953tm2phC84GRWPlNLbQU8EQ7B","l":"uKzPpWCnVrihLEtYqlvYmpGEyFdAt34eOtQB6RC4PzitT5ob5VuUXCqe3CnPy570ki7akGNAYaV1oDDrCYeOEpS4FVlIFPQtd4kS"},{"x":27,"y":48,"i":"V71Duwog6zGBfqbx1PvwCo1Yb78D3bv4LOyOKOzNMW9YglsqTN2jclICN487","l":"w2X2SBLcemWd47v5h0j9eWsyYSdZWyxKG4B3bDnTTvjHPfrdq1RGi5vPWPlUBReokCxRUdANrzTtxPsXyKhTgS09OLQUZ3HzXq2o"},{"x":39,"y":12,"i":"2EHxUPD5ovtfY1mpDTnfnl4zoYRbOXdLHAcHHJTFRogFsdrT2bFlwV3hSbEb","l":"bxMeEirDwltSyV8bOE6duUscsooWcCPWW7NH7DFOIbDwbDhF3rkjiI1FbPhtlUSI0O2sX2fq9U8AVx1l3B2YbslfxpaWs7NpmYIo"},{"x":24,"y":48,"i":"Z8net1HMe3hMKbxGiQxg82f7z5FAJkRX2WfayFdZzT8ca3kAAfByOAaXWE5N","l":"KnH8Jes5eMN8Bel5WwHBPyBvfvRFuCEkfPJbf1LLVT5J9YYzdWFmAfPLMMwALQn1VYVsmytCiNaG3g8bcHtEAGvq1iEjN7TXXrco"},{"x":4,"y":46,"i":"nhazbKpthgjFhQlGOaIakzoIqTTAz0fHKIStQRWl29b8aHlENV20V8tYuRmY","l":"TKfXzRlqPIJWgIYZWe9B22bX0THbNvIadZ2dsB3QecKnXoOZIfzQUUgRnI0tEkq6rQ7q3sSOfW2usssMFqTSPqKIWkZA1Y9gPNaa"},{"x":45,"y":0,"i":"Wf79WOOH35WYHJK5okV66w7TU4JwhfZthCz3dUOpoA1rgLkDGnHZZ39CniTR","l":"CaPP5zfnolltrhJcDbQYLfzE6q8eeGgzMTVkVoRLXAB5MFjh11FItkbUg1C2Gho014UqnJHVlUfJtQbhtTCNOZYjOnuQWMiDsaTJ"},{"x":35,"y":2,"i":"0n41IG5KPDLuuyq4d7MWWZompRRToYZcUucodCeNrtGmywUelC9xSUxo6Geq","l":"9YRNrnKy83XWMvPLABQroNJHJortguSKLx8YJiJwSUYttu4gN7BfbNCKvLvcW8XOxAQWsH0SnNpGIUtknwzkbsTgcoK4vF89P1Na"},{"x":9,"y":14,"i":"jnc10AEqBKv4PMKTXrAxjZn1v3bD9l4u3e5pJMLB79ODfhON6InVyd5YEarV","l":"vrAJiD34u1cS51qep2bPsPxd8uowPHTUhyrDkbbjGSsrMvFX8tRFs37B0Ubv3nYrcZeUpIVYg5jzvZNuZ7gRkDcCJOQX9CJ69DyK"},{"x":39,"y":14,"i":"DYCNzQgXLvdoBqfLvNYwAXeXm49J4CL4wPVHUsMTe2pkdSQl2r6MaMhDvWHT","l":"CQZzZIT2Jf6wxOrl6bgApXFKDCuMwfJhjc9dta6VzXCVnpUB6QqXQtHUW8YHXrXM3vDtwm284T4W1Y7AwVyD2DHexRW1IWBV2m6S"},{"x":46,"y":43,"i":"G8Y8x3QlXHm27K1Nq48NEB52MgvycF7NUULAQebQTg6fP1uYx0klRrbXZ8rL","l":"0DHwSQQReQo6QfHG2VJFnYIuJLVeTEpFmr6vp9MbzlPbxvWG4XMv2D76WrXGMVLV3T3aTRoc9KIDYCpdGUjFgwyWA0bm5F9STtxt"},{"x":45,"y":2,"i":"fkBKUttsyNdorUeihvq5RcjIggwLbt6DrRRn6rozLz6FWmyrjWNAa1cweIB0","l":"iy4vWf76sK9Z7WtSF9LiDcpKNBVReDkOy5uiGNXkPwqXtQ8HVkhVBgp2L1RLpP3W4pCiiV9DrTqQwYijj60ml2RKhg9sk0lcQAJo"},{"x":0,"y":3,"i":"3KH8ifmH5kEJqkRlEo56C0A7MM4yYUGGbPeevJl99KQ1sTXps5Dl40yYEaEG","l":"QmlGyNpehQ8PkfeWTJW9SHr1mGSHnlkOlmJMhCHsNeAAV3zveSp8mKHkLGkVVoQyyMZUu4TjDANS0jqVWIw7stchVgRA5yTU0Ade"},{"x":14,"y":5,"i":"ss4ypg3N1dXqW9PHrRwgTFjXs6vDuE3Lo3MV9IkVjFCjUuCY9EHpusrDt3yM","l":"EsFzt7EXTGuREgj0TpzSB2z0jXPllEd1MT3IR4ErSjX1njPwNW5uG6F8XD4VMrnZvuyXvoe5KZhmKvqH24rajFARWcBJiY0k7LAD"},{"x":25,"y":32,"i":"bb1Tyeddq60J7tW4vg4mkV69EAqYL9GU3TeV3Le2JVvyNRGLIkYRO0RRR2Rr","l":"8gwJyaVOgJNMJOwUJhzV8CYhRVgch3ZFP6mRrsxfFGoOneRr46UeQIXFfnNav0S9KdJRzvePGhJdjNCpyJQMAra2Fh7CrdJt3pvr"},{"x":4,"y":20,"i":"8AFjpPtkQ9MNvNKpVH3Dhqfw67uSDDQUkbcVwuMutzxUZ9Z2yUvWAKDrPQdX","l":"evtTRhw1ZzbbUilr5JfZEFzNWt59km69jXGXIFp9LWxzjSq9RWwGSGyyVWk9SXVQRNZrwYoE3sziUytTKwCnmx31VAzDKsWHdYXG"},{"x":2,"y":10,"i":"gFYyXrak8pU5sDy590LxfcCBPKQitptBncN1pj9DHRHrpc20ouJcCFOcgu16","l":"Ivwe4Ce6qvXtMu9OBKwGiRvb53jqsrN38Q9uBCegvsjXKITgYQMCG7aD75zDKbWhKFx9YWcAFw5ZcvGxuITZuEAbNZ53totkEoMl"},{"x":28,"y":23,"i":"oIOrBE4ChfkVjf3ZYtJnaMogqEr2UwvaS7Etzh3fY0n6UsVRsfblKSWxm1z4","l":"kWUqf6RoynoTeXC8x9xlYbV2V21Rfzssr2sjoaQkfPfBc1VdHsDf6qvRl5erpLUakoGzZivbLZVPso1sb9UK3kvjGSZjjFaDoVeU"},{"x":30,"y":10,"i":"uVhz5igNNj90NTjeWoe346wnRk5AhhXJnDNqkw5R5l1Y7rNToWTrRAi96EON","l":"Uo6g5SLPfzdHC6dFFc96Id3A35yL4ZqnTk6XMRCQGRbIAqDEM8dLXXpifIWQfnGbaerGtDGDseYxConzqM9DpIAT5z2ViOgKPBCz"},{"x":16,"y":16,"i":"5cDMqpFJyaSCM3eaLF47bmNBRrYZQ4P3keMk9FSRCuvcK0ZWl72EQTKm8xSg","l":"i2ZlolFWO5Myf2fMZkoE1rJElJFPUOmksxHeUwS9yvGHu5jqKKxEQjt0TCKVTWlK6NC3ofT0MWVBH14WjFyA0FsmP7JvSErq431m"},{"x":13,"y":6,"i":"vI1VbJO4WCWCsVTMryttexhZNhAToERlB6yA52BT1fXQWZzdwO61e0QWwP0w","l":"OAmsMZ4VoEiUp4l0UkInmdzqwcZN4axd9ehUCEK9inYpw0RshKI8iTOR9Q1dqMMRG47COeQKT5BcTzcFglDa8a79pQ9L4SpaMt1k"},{"x":26,"y":49,"i":"G2EATzAYQbp1g3ppzkfs4gfVf6EPJnfqFtOdoCJ5yu53MUbG1dyUva3gddS8","l":"e3NuOZBPQq7tUYzoBxNVFk4l9PAV4FYwSUIzZmvrtzodcgzlx2FKaMJc2iCy2tFIiZDgSn23QkmStyggx7yCp7NDa58iGlp4iWLq"},{"x":15,"y":4,"i":"R7nslibkrfFjX8hPTprQQ7kWbHTVizHWiAueZoI5rBE4acbWj5ARGm6JqZWn","l":"vEuBIAQtoJEjzXdMLoIPbLFPgawUPYmyPXlQonwfTtfUFE2f9JChf7nnSvIb4lc0GXC1Pi9MCdWH4cCznjoEmVejpLH6S1oTXbCA"},{"x":35,"y":8,"i":"Jj4StmJUOAu6zrHqkR0po1rihoXPeulDSJSjE0nc6T4Gw3CmGf9SJOt0LHli","l":"2nIEF93XR4643jpjBVu9QAq7ofeeEBq04SE9tG06KRkyamD3aVSovzHYnbyH5wBeOHhfUoovSwGx8DpRoCXzlSchxndSypZ5cpfg"},{"x":42,"y":14,"i":"ebK6NnP3fl3RPryXzyudyLTN49l256P4ZkplJUGRvRs8YwR3ecuB9KwAvWSf","l":"LuyxBl0FRu4g5fAp25Q0eFRI5anhMFszk3kO6O5nY2RAvW2eleA6HhsmLU4yiBh286807kt7OQG1dAVbd6mcKSqy0U1CvFCBT4ev"},{"x":22,"y":46,"i":"xG0cL449mF8fpytluTnOA6d0YQyVeusq8gCDn3m34gHRn4BD3PV9IsGUs7wA","l":"TVROUjdKcLvzJF3jn8mpdJ8SHyKlnsV7hblURY2zBQfCw7ch70850CsduElGoBESC3USNsVjHuGWtOu6fvleIGFqGRvsIwbj6kn6"}]}