{"results":[{"x":12,"y":39,"i":"tndxNSJuoqpHtnLVWch6ehljmWHRXXPBjKxyNlNtX4GHqr4V0NFpx4PavR2H","l":"bS64T5aoaXxNiKcOUYbm6jRIOs3YeI58vb4M6aoJb3D28Q3i8b3HYSV0HIrF7NUiF1u0FHG99N3FmzfqWKEqg19n4FDzGOY9T9U5"},{"x":35,"y":13,"i":"3f8hvV2J37SxJL08w7JVtUIZqludhtDejpxW0ILoQmAXowHciHKOohSV34LJ","l":"tgrj1rODY2fhuh7eXN8NDpdsbIJVU6XI7qHtFNTI9k3qhYk6CtUYP521LadCIFOe41IjeNkSZS9rrnxxR0Kh3U0aGkEv7Idf2sPc"},{"x":24,"y":33,"i":"R0CKCK6aL1WymVOLjyjA8pkq6WmkVodSp5ZcSj9ELS9Y4MIW1WDQRYwA1yzB","l":"P4LQrb6Le3G3TuzyiymvxWgLm5kMDyOfzYGlIA8ie0cNFr2DxvaSRVVJdHziuG3IoM9HGlYmEaJH36SjElFrbDpzJAsDnRRYJOI0"},{"x":0,"y":34,"i":"Iqzsv1PSdChpJPXM78lqyrRBiSAowcNi9wy75ENtKmrQTopRPENUhd4jlfzP","l":"Nm37Z8R31vwymK8ffWp2enMfAhVwBUXNu6jw5439S89G5fC0NJGWnpDtA0rCO4c28Xr6m8FBWKPI3oaYQnkxW3Vp76J3NjPXtqls"},{"x":28,"y":45,"i":"STvm4DIwp4ExBlKFcmtbL3XAGu5vZiid1ghY2V8CEZVV44yVRizMkstbHHGM","l":"C0esEM0ijleuR0hYKVl5d9ZHE77XPli8ftRbaaoQqv8CVxtcjCOWKmKHUwm6lg7KPzJDhrqdV8qlo5APaw9k90Q4B9LVuZxhUuIN"},{"x":38,"y":23,"i":"mLRjgTkPK1sVuUWAlHHlevhf8AgBdb40lphMwMCHoA9dXBmV3I0r2kKDxo4T","l":"G0ztnKUNO4dJcu13cVCbLNtZUZHqySNKnAR64HZD0eMUm1Bm8XIY48tBUq883wqsRi3VPKU4JPlERiUhxmXOBvhFw4ovh69uqOx8"},{"x":4,"y":4,"i":"ACsAv22mgECRPILWPPd1ObPqJFrlQHKZ4YMMaLsJvNyEUMfiN62G30oI3sIq","l":"zXzzDq2jPdlnwb61nJouyBj5MF8Oj5M8XIcRqXuBv9LHQoz0GgcmwAQu48lA1BZ1s8eA6yfXXZBnMt8IrRgTRnIHJO6B7lRJ0ZXs"},{"x":17,"y":34,"i":"zBB9IDqWP2uxfCktM3NBuK4ijaoZEDJAzT5NWojbp0FGGFSRQZGp8AdpkNcm","l":"yJAuGPjutIBSLLSFaxbzzLgKeeIfaxUFEMWZGEn0dmw4U1eA5AInHBlFkBMmIscqPm6ENJWkvfn0PgKSpSmSm0iq3p3XUHAsWqm5"},{"x":48,"y":44,"i":"BBvVWfP2WEmZCkTzfarpbSFKWf6bFpcGxPzNzUBbDCeEgx6wd8CPULfPohTO","l":"iFQkp2h8nhlEcjfYTfI2JoFOAPjg5DhvWaruA3wDABo6ePZuXFowUMWg2O47mfczySU9HHGVATSddLEfwKgaeqAz5Pzf4VD3wEaD"},{"x":10,"y":45,"i":"jY60MqPnL7I59KXSlrhEznrVSVoUffmLMRpg2iYjZfLd6AHEYSHHrdmn1BZy","l":"123OzWndrJYCFhYoaGQtuqUt2yMmjGBhmlmugP9PaTSXdrsn5RrUIVga6mrBijZ0pWJc8PVettyHnwuy0njzzU4cn2sAgbriqG5o"},{"x":49,"y":4,"i":"EiTcdOHvxjN59bDkUqP71n5rBD3rWlr0kUdDwOl7g2qhYykAiqbrHIY5vGOq","l":"7TRb1DZiVbNagI9XAFF87cBR7YVe0ooxubtelHTkC8liibq2MgjPNkVkb0baHQYwlDEWsvT75tR1Kx5YCG35VdHYF858IU1YBDGX"},{"x":12,"y":18,"i":"Eexi7RCPY7H5c8IV95hqjb4fzJtNGgxWXERSgrESKVObmCjLgxvlprD1aDEv","l":"DFregR48rUH2olaAgh3mnDcjBWWpEX90sfZiI1quraPlID4G5Lpj7GKz3QDqq1OipAIIEUXkhhmSxzQxzwqXeElIetKH58jrkBN2"},{"x":37,"y":33,"i":"1ATLNhjXmDsz0TycJx6TIR7cYNXeZccbjYlaW1M2ogcF5YiaWzWqyOwaO2gG","l":"q5pxRTCRQ4d9D87PuyVUYCxSYH9tIoLdK1IuO6eWxZCdirv3iuRs89PitaQNgSKWeYhRCa3OwVk0GpVBOFswpfg9RWaCRgGeP5JC"},{"x":5,"y":38,"i":"oFPLQF3zG4C7UCVy9JdckTZKZnh7ljHG4y9uCkyuvB89svNws3exAQSGqK5P","l":"3F187QHpzjsawOim1B3FdDqRsrWzUWZN8D9dA9eugTEBW7DKkeUtkAmBXbSANbatNxmQiDxZLqe8dfCsMjfcaOtMwuXYZ61M8HZC"},{"x":41,"y":1,"i":"W1W1oL27Jpprcxgnijl9NV1AKZGLQl2FDwiVoeF33BOPL8ZlQQj3MRJpungr","l":"LBLiDGOjRVMwTg6MXUdklz3QWSZI9ac0keGetb7l1imZlBu5RoVxMFkGwIKeCOZCWR9fag9HOH3LpoGYP2DfIPIAoLH451TnwFqI"},{"x":40,"y":1,"i":"JAjlttGclQYtw0jyO3RtIjuE1Acvk9jc7jIwklOENxDhWehtgCsMr6HitqtN","l":"89QEEBfLIPNfnKIeuAdchlPKGNiInmCLMVCC1BCH9nyct1J5MiFaNxzMnlb4amwU0e9Pm7eLeXYWdFMTu6RLnoVGnQkE9RryKmbb"},{"x":43,"y":30,"i":"j3GUg5VYRYe1YcPntgyEtSSTnQVMw7SDywdFoGiVB1ZhNf7mtJ7SPxPtL4fm","l":"VnzbVvviTYv61Vqn3dgCpUzRXC13FVEZNpsWrBH2oDMTFuwsPLzbPEadfIwVgIUBNmwQEC7eGJtUUQCbxGdTGwSYiHCk2DCG2zZO"},{"x":30,"y":43,"i":"Wgo4QzWu49381ojAEefJba4mtKz2KWNHidEDL3lslmHwEr3jQzWgshwxiKBN","l":"1oSSaxIHis1DFwILy1AAW6tSavhtZRW20PpzewsVPsbPiOykhVlfAnwqtBgHjtSB4GxzTtXA978fbM0wibRtFmuozEEgTHqUkR4i"},{"x":26,"y":27,"i":"23uqohyZ1GIPov0fdBhXkDs7ISUipgpUqLSIlXT8j0P3trpoxbJVZViSCNqI","l":"tkAzj06Uzc9XoAhgCSefyqn36ujUIiV0LIWdP5oqFQyV7o1j8wlOdEOwgt2DuGEnY9VyX3vMPrDSMeSKw5AKWyUmS5H0bn0zAFht"},{"x":11,"y":36,"i":"qM1eLrYDlVHXgMi4rN9c8uRhUewyYfj5BaUvgrXMbbajPhrwpAzGba5cnOsT","l":"dIXZ4gPvbx8nI7zh0RiSsI4eHNH2o0vcbk9Ap2PEpy1s4auBBqEM2YpQXnqXbVJT9A88OpHg9isoKoZNATQxwOA80PGj9oaaGuum"},{"x":44,"y":12,"i":"IkzhhCdu1pSBDlpJUTtbNnxEiThTQLTlcZCMd0b0CNE0cEsJSAiYmhK05loe","l":"lPynkeXjIfh8oK8ng854TQVb4PHZq5O1z987WeQxnQOLTbp1OpOkRTe2qmhq3tnvzgXTXHFYLC9jfawhceC71Le5kGwkFmgAHspZ"},{"x":19,"y":8,"i":"Htw1iJh4JinbNqpxoo2Q0jgNfCVoMqdDruEfv6nn5Hj7acMTDoEXQZTnwIs4","l":"AD6EE7emtTE6U1Q55rXpYJ9gQnAlgnMhFiMRUbTOG80dRlQiioQl5IjdirvhOzzy12vfqFQB9rkx6jvDaDJkKamdfRE6fRzN9PLy"},{"x":33,"y":36,"i":"5RsgUMoF5jKQf0b59ZTfwwiV4xARQOZhtdvlvaEiksBnsvUH9cFJsepxDcEn","l":"RDe6yQIshAEVFW25zqUwfgkEXM5YcasdtplEJI39bc0HIxIrNy8m6kVVgjavkLDNeT3lK598YefK0bFeNTHJ6jz28PiFv1NH2wTL"},{"x":43,"y":45,"i":"YxovpOCr9EOiT2j8zDGVmrUKnbpNhGUaKrPCeEAdpVq6bA1wyEEkx6LKzwX2","l":"pBNaC94nMHN42FsYKGe7dmXSmDEwPYCvmOr80MJeWCVApUq09zWUvSxs8gBmsa1bGfHv6EnaE4paU02ddoHFY7r2tjfLRsk86hdm"},{"x":46,"y":4,"i":"hUk1gZ9xYpESQ2pba02uAUZSaaOtnKFxIKVJPoMXjZ04MQ6jJMeQNSlrJDWV","l":"WZ2KH6zkQcRp5BM00Sy7uApsozq4TYHQYRmG67w3KZ5FR8ue2aoF8TNxTZYxXXbuO5VeLWCNdy8slZPMmaXOdlG6496xWDf1ikIP"},{"x":11,"y":3,"i":"9buX24K14A4j32Q0eEwBqoqg3Yji5oRuiiiacHRINQ2BRNDs18Ct3xX3qGvd","l":"CZvRIMNtDtHXaoi4Ji1561dSu7EkvEPBYVlH5Lay1dEadN2ZvmF49WU1WbMGfqTSsdgo67EnQ341QJKZgRGhMrexSjRzJVKTwDCN"},{"x":46,"y":41,"i":"S6oZdgT7tXPC5SgUYbv1PpI8GNq4re9IQXRSGutSXL47XEwIZKSDWLmUW3tk","l":"4UOhgB80jKlzXd9lOCqCKVFXhhe8qGDPBr5plAKpUQYrixagt0sdvOGmCDqIs3vwioHNmaPlgkhWP49kiTovfdGDowQE753B27fx"},{"x":31,"y":35,"i":"D5Vpd9jhgU4lyWuWa4aHjpT7GyWgUCUUqCWOUQCaaovIkeY7qsLsbRgIrQCq","l":"1414MhxbmDGnIJa0rqFRRL150VUJkQDbQ62WFEgvdeuMLydGE758jtURAnxV2mmhZ7lAz5CBCo9M3065OpMmKfkikG7bUW7ryVds"},{"x":20,"y":26,"i":"XaY51KgLz4lscHMY2cBBsrOLkP25c91EaIYs41PvHtRFRVVMwcYTxCFqOCpu","l":"UvOgVX1dtITJX2lCgYkpKywUiN7YrFfXn7Pknm8ZajUtrH2WDhyz6DY9G5rmTH5CN5p1KP2INTY5eWTXhlvMIIW9ZA1ZGYZJFPck"},{"x":34,"y":10,"i":"mEz3oDY8ER0OPJuCToJNtkjkVKjo7b6Of7T2iZAX3rn8N5KfO2AnzwJOscGs","l":"zfBMRCAgoI9MPZYkJ1j4gEcPW4dZjXybyq5Nz28YjzwWeoxSi0ZIuOD6pcIGrdDAEz3x1nJlcQO9siV4HEzr4XKaWwZJ9hD7YoSP"},{"x":33,"y":9,"i":"cIvveeh20JoW867XHbR5qn5UEQtX3UsYyuuxI39HX6MoDAQEcbpKVEDHlxGS","l":"7E7hr7HGlmTxLbhTKBEHhRGfwcK8HmlMXfegIiriLZDFhxTwjFOu2CUV3rGTnP7ZVLBKkJ8XTISMCmqTO9cO86fbOTYJr7TfFtbX"},{"x":26,"y":41,"i":"htiQ2fOZuJc2djBBtCDxRVCAjCcqNwPstj8EgI7RDWAlkulDdCdZz7oXN7Bf","l":"iCMpyaXb2Ee8DUh4mJhzpqvcULeKifb9CXXKhYUjfNjvXL6jlR9CCBzRtVsdzj5pBq1MzDmoncjdei9LyevBmoJAE6zCBcK95xOA"},{"x":21,"y":25,"i":"JxOAaMQhhR1jms0n4UCtCUozb3kbS7pRNMh2XkJzSNfY0Mrtnd0cpgsD3xJZ","l":"pJHh07HR8SRXWP7RpOhi3fnTtJ1b3M5A7Cb25SrySnJzCfRT8ychzmmwJ06wTRlmSNnQWktLHU6rf8HL75d9OcckKIjVHXVtbr8g"},{"x":28,"y":46,"i":"eTDXT2o0KP6X2gySjiM2z3diNVRCUl8oPNG5BmCZDj9nThH6PbIvpctyR7tj","l":"nUh9pwNnLoJvNIPEm3GSvbfI3DSullMMNRKuMXDVbXA7IaFxVpR8VBgT0jTdBgjAFy3614yRc9VzWO14QUyPbs2SoY2jrnqnxSua"},{"x":16,"y":9,"i":"9SPLeWRziqUQj3wNB00d3PqxMF0ljOISXjTd4QZRy3IBto0SXWYXT3CdZOky","l":"svnqmU7q3GIj0oy8FnyKrwaEGYbnhZMnqVajYL8F4bm5svfncP9O2mAMLrtDGJwkJsiiNKdjQxSpGijBKtLZC6PG5ADDTlYGfwug"},{"x":41,"y":35,"i":"b2Pc7r5tPcvuluD4RHzzFnanx02dFAEzYVYvyQN6heHnxLYFcXdqCuoHeJMs","l":"cLhC1NvxwEE7bJKpf7zDuk9ygzyihuAmiVzwjjmShuhdajBnWzTJfptg7SjGl63HckZcc1t8xzbNiYpNOeWM1NUNhBfjE0SswZe9"},{"x":25,"y":29,"i":"zKZCinYXfC8s5RIYW4PYBGOV86sj5ckv3j9jbuPBL0VDCoWueNZhRjQCvrcZ","l":"r2qolHX9X27Pt0jzrDnp757JGvHo188PkczV20dQlNX2mKfTUBsglSufjQ1Zh22u0FLmIpLlM0FY93IzAyig1WAypn5SePYiMQ6m"},{"x":41,"y":28,"i":"kbpZOoNaM2FFxbXAN4LB1IGjiMsltpDVwyEo08fUIRvcZHwc9Yy3odgYRzBc","l":"eNbASwvY31t20q2qmHaQxieMvwImbKMKQKFlVmzOsWgyUsYctSn85Qa0sbsgiQt0KoROIbyObWLxv1AryODY6W4IP6lgRCdJJuo4"},{"x":19,"y":25,"i":"RV44rHm7nmVYAS9GsuAt5bRZRwd7TsA8rQH73DoJgtbVbzt0QZt57gJCkdbx","l":"B94inCjGin2fQlyXTaO6U7SXEm4fddOXTl7RwZzJvJ4BfqCyMSPduGQzRQvebNBXfNiQaJKCREdkR6KkzSvRPmdJmeA9SrGTIaZH"},{"x":40,"y":42,"i":"MCq5245Uweeei0PvLj2KwV3lMYv8fl1d4Tkfqoklfz94N3IcXaOd71dWNnOv","l":"t0eqZm0tYm0Y335u1RD7QVL8S6KJvP8R849GoDdlpd2rze2iLZV9xviq69DfYEZjR2Hh11sv4aehHgSQHGBiXLz6FEmQZ8aMvSPq"},{"x":10,"y":4,"i":"4IOSY4Ds1jk5lgWFXdyxwUrpO8JEGofvHJtvfJJ3txQuS6nNNwhIK62QSEv6","l":"qOcTy4PgTR3jYhAodoj2btRthOJpw6LVoJGRor25fUTCwswksqSmrsFNkzaYzKaP417OkITDkTAhyG4l8eqsLeLzIr9RcIhFsXPQ"},{"x":12,"y":19,"i":"RuqvMNGSEMh8AW9TZSLhqsoiqxZyaQ1eclNGrbMXNL9omZAFZaRFaSASCCR6","l":"YYGHf8lnDEocdRrWe8Pt7oVoRu2u6XyPMVAvGilEwgvSqwNFXXa2XjuWSy48yR3sNN45AZXwzB2Q9YnTcq7CWLv8UToCWmxKTE1v"},{"x":18,"y":14,"i":"mBiTqvN8VDsJGvKV68z8k9J2Km20CmP78N4BkgFPsMdD82CsXpjqhhRF5lUe","l":"c9hmfamlnDntcReduWB9AKTQEW6JS5owMYCpCghHyEWmCTkrBHM4SBI98MGaZ1NdzeGXl2LULCI6dbf9jQv7YdZvo6FjC5GxPfWk"},{"x":29,"y":48,"i":"uPN05nBnvxUc4OEh2NOAxrzXxaoX0kdduHWGNRI23tG9K259bHqlDo7L9gIQ","l":"68PHWvvRUVaeMwbTTYmjH0K41t9WCPILd48i7MpmDSxihJun3BKLCB3qM5Gydt2bUtLHQPdC449zV8zwQREw9PuKG5GcdEqJIK61"},{"x":40,"y":17,"i":"tM85D2xLGIBCNZjAqt4lGGM3IqrPBaHyR4yTGX7jCSB4ZGgLyqYaiEqd3KRq","l":"8Iy5WTpn2J34Pj5kimmTYJd5sqF6CUuJwhsG0a8gb5ikYhIn8NVdBXW6Cjt8d2vp25j8FgN8QpO2GUgHolYPeUVAObmGhhoa1s13"},{"x":32,"y":28,"i":"NbioLGEkPsy9d4Jz1aUn8Ztyv4oPoMNpENBI64Bbs5WgfW3vq7r0OqZjCuqY","l":"T1eaiIOQqBreyZNTNb82t19ijKFFNZDNjavrCKKXUscqXXjDsyIupob10LjxWlf6gx6UMWYf7CxTykUVPLxCo1LQUAgo6h60UEgx"},{"x":32,"y":41,"i":"3mJ23aUlN50ZMyw9O8lAYO8UxZtdHhD8kLvL3I5ttWDp9dG1dYy5D8fDTvO8","l":"DbKtGtmTTkBmGYqHiQqY8YdjTxSSPDkpAJujsmkMjDoSr9uBsNN8MIwgoQq5gB0HTI5XtqIEX8it693CXthdi7qJwBHoq1BRFCl4"},{"x":33,"y":33,"i":"TaA24VR2FnWZRKHZ4ZvlpT3VlFskB4mr4QQshkvbDhsWg7Zm2H1iEV7Y3unU","l":"MQvD122V3CKY2g1rXj3C0fSIgzig7sPQM5FMoNTQFs9S2WfQ6Hv04UPWu1QB6nE8DUYRP0DDLZlgf9ENq0OsrzR7lcMAtCta38LZ"},{"x":30,"y":47,"i":"BU3FmD930n5NlSiPLgzGgd1cLdzdwgR9QbCOwoZtAoxLEwoSTTaeB5tYCDTG","l":"VLrJzxDIijdzGgJz3tXcG6HiXUDTeFbNKcrIMWitKobqEfnquRh41rFI6Ch4hdAQUagWyR1Yz5PHfHRfyhpcFFlOTwPfnNqFWQBe"},{"x":25,"y":42,"i":"41VmLOQZwL9HLcqa4eKHVtycHXJvrgPmMeO2Smy0fMIDUWzrnY06DxYXQc4Z","l":"5VCuNQl3uEQDAG0cu4jgoLdG4PdDhXYZ8qPxUrsw3BeHkSxdnoycQsAby8L4joVuNhutgea5iCLyUchVrL0GlCi9bTPevB9ycLzW"},{"x":16,"y":17,"i":"B0DPdmLUYtCE535nyfm3RlldrCLY6u4cvBoR51No6rv23ElzAk15uR2LzAn5","l":"sEWdWCw1HSrRmZ1KevqfhSqHjb4YKKwUV63ux4TvMZ3B1Q7Wz7Zms62ihRVXsCy79DMRK3wJiXqmCCHP1S1acNmuLIaxgmK5uI3P"},{"x":26,"y":47,"i":"7FhOm0rWSiL93jzdVetBv0CZ92L5ClZLZqDdw4Zp3hZKF3j5zb0ss9y3E5IO","l":"SPWek8odd7Ep6LLWalorFcb1gtRsW2BuGqXlyid2n3pZX8G9oUpH8ecOTcZUUmi3lV5GgAf7MVuTkC8isHn4J4bZD3COWMsznlRI"},{"x":14,"y":23,"i":"BRr4uQueoBxFQxvQYqfoiWMBdKFKoKcHiwCknBp0L63tSKGD3QQSip95CGAC","l":"J1s0E5PxVQecTCmQl2h8762vfhkCH9CZSLboFFReFyjOC1i6KqDdDYlFW9i75cqNPI4SY1bkhIlddPe1BAQvXnsPFHzI3jdoVoGG"},{"x":37,"y":9,"i":"bDEV3h9BOvaO938XBgKN8oRub6jZqFfpj8nYroesl90YzCPyblAacs0TJpcz","l":"i0FEZmwJqlGqQA8AgEAoqA7VfScIM5WjxWgeKbWFgNM3b1AVG5zk3gEkIf4uvWcp4UDsuIyr6BVUXy2pvMInPNduyZDB72WViQ1l"},{"x":4,"y":41,"i":"Clwjj8ZIQg4zx7rS89f3WrKB5Il88lte5mfkNS9RPFXmJtSepF8Wz8e3ck1o","l":"KOGSBZX8CXEa1RFiTAM4VYsaaxCLLoqKlq5ak3j53GG0zxWhaVizPgTQ4xq7QynT6gCywdR5zkv5CdzM5Cag6uActOd0JuY9TUXM"},{"x":39,"y":8,"i":"ncq0CskPZQb8LFDB8bbPAg1pl0TumnSWjcqX1L1SiHFiRkyLSjHUCHI3UlK7","l":"ztUL1G9ICjdAYQEirSq0RHO8sxc9liPasN4y51VMj5pV15rc4OA3ephyz3kIB1PTMXsWW6rgZCCoXPvecMJ0BliQlxeKjh8ySdaY"},{"x":11,"y":26,"i":"A1Gz8dMQvuciQbN2ai492sTRfCRP5K3EbC91HFahPCdWCVLmQo1rvoYtDJnD","l":"BykENk7c4zWK3BPbsOg3OvC1w8lMAvIOEDF9AtlZ4VxUOPOhVVct1IXcxPJESIhFD3ZbMDpUy65S5VaoQQbO724ffW3fO8L1qLJP"},{"x":44,"y":33,"i":"5PVqNTLNjAfukqAv5DFXq2G06bp87Rnsutb2TfrZ6dRPdTOIqfh1EW4DNOnv","l":"Eu4ubJsA9TheKaP2Y6E8cXdaSZLbL3sEolGHhVMxz8PYYg17AqqUfjL41yHR36N5qfJtU6PALCkpVUnta7qKMC6PmDKyEBWuyveP"},{"x":39,"y":0,"i":"hyjP6GPPDAiCrE0KlBrQTeMvJ520ztSAP8pe6gYQXp1n3W0TugDWLornsrY8","l":"PqOWw34wZHG7vMWGVs3TcvEtJK8K4WSMoiLuHabscyrGEAtlB3Du3jXet1LS29Sqr7BSvz4hsW0fPvrmwQrRp8R68UV2dpXzhzho"},{"x":15,"y":47,"i":"bxUeAxJOwx5NQwUjc1dODASLGXMgSjH7ItPmZf2Raw0sP5Vo5fRpAumQMlcd","l":"vtnWuaw578Z72Mueb3nTSHecodxIslF0EY6eFCc6CH8yYxGLfOujHLEzdXrbotylGzkBR92WnlghylqcuJp3iinCAq3PbsW4cRfw"},{"x":47,"y":25,"i":"B2y9J6dZYK1t2UGrq46EPDFR4qgEJEl8Mve7tmj2foAWmuVjxV1I9DQ4OTNi","l":"6kgXpyZXh03md3NtSMOX2RyQaGcACCNnIH1TiiMdCjnZLcgXSHF4EThcK39OoS9p414dyP1xXZkwisj9sif9qzr72GjVZTSeIwIb"},{"x":34,"y":15,"i":"NvDVqC79Z7iXEtDRTp7XO2MzWCE8q1EfQUK23aIg33Sf4GLbF9NZZQ0loPxa","l":"I5rBTaoz2KK4KAbyrZftOp3L3IUU5Xg4yvmTeF3R00FGHJjcxhaGppFsuVs5sy52GUEnSbAgKVWgKzPLwOdy7RTQshaNRtfvttgX"},{"x":10,"y":8,"i":"aWWXmozUQuvyJeCZXQcsY4umHrmKvLyYk8Ens9cb7qETDSnb4FA8fOwH2qh1","l":"j49zRrJGvAauCLc68jfeCkQtYeQ1T6pLONo3WMcrSLCbbAopEvC1BT733eF3scbnSTBUUftFy2NZ8WgAdBx5ISP9KNpTNjJlXaqn"},{"x":10,"y":20,"i":"GWQgHMHTGwcmNsrxTCPYS0fokII3CyJ3JhGVqG30CfGjES96s8o2XnYnHM3A","l":"YLJAvuXlqjInzEVcDndaLCUbFcf43Od0seqYvYqlK8tHsDgijqNIJnq1OrRhryS3O6CX94Tq8Z3bIjybxcJaQHLoqnLhW5KH1zRZ"},{"x":47,"y":31,"i":"NAqxYbOWlD8BVLcT8fq6H9OTujMzHBY18WIKjpZnfgGlGU7vc9AWkF3ayP8g","l":"FFdraYQ0DutGut9BhzcOrnexzOOkA6cHs4UUdUaTnMlsNJG6AslY1tn2nUdoNP0sOHalzn9iAB3qYDlzP3l3L5cjIEH80jqdTbxF"},{"x":28,"y":43,"i":"eJ0zGK5OBev0zrYeBSlkozUMkVb3aX1NdvXjpWa6EaxyplB6D76yxZO7B2pG","l":"r9cpeMGO9uwVb5ovilZ8SlT2nAf5z4q7IMD5fsx2AD50MVl4kXS4XuHpJiLBH5KMYDrch2bL89GGiqOO8yK3C2FKs5BUyxTN7nsA"},{"x":22,"y":2,"i":"uhgOZgqzM2oI8JHGFO6EU5bBVpNFfWff7Dxk4zyaRiDliHKBcLBEW3ia6wuH","l":"SpIVKlZe5fQT9SGoedA0CGMNokixXcTpd4dYDQglSyq4czP6hxk8hzCztJ80U4FFGcIYLKSni4wO85IANelq1MjMM5POfaE971br"},{"x":9,"y":19,"i":"4u3sbqwwr2X3ItvyBQ89zOBdkunZpR3kaBKqyf25uzWzK8awmnuQPdvmCi8w","l":"tCgj1ERSigCZhO4TNx9TqEIQG1ec7lRUeouUwl9P2rQXtynM1yxM2wf6cTpfO4QrjiWeDvyXU3Od0tcNTMv2EMM9nf4uHcTS3kUr"},{"x":1,"y":27,"i":"rKgXRKn4TwfqZqmHdmCoJOxm1T4UC5P1MqaGzNI46EZuBIdCDZdXvARNVSRu","l":"vg5Q7hm0yG4X2mfTDrJSfH2Z87YIuSQfA7p7P8pLC8nNfrjiNaY3FwuZ4a6JShQRvsdT4E7SAOQwuRIypMlcYxWAQqSVKXjsC3ga"},{"x":24,"y":10,"i":"MK1cAkbbJl2IjEIieYDzHcuwT88hXVjRnnREeaX6zu6k6SGP4c4EOSC8jAXZ","l":"FdDKxMFydVGK8ZRX89MyYRZIJ0dKxHaACBDXUYjVyL2Y0BwASMsqsRKN6I8ZlmVpWW8VZfQjeu9v2PIeCM91UiUZ2OGrb2kPbHFk"},{"x":14,"y":14,"i":"rKUw74Zduu7ZZ4jQdoXbx691fZfZ6G82cDlDZl8oUMg8pMgvnfKyJkLIzxTq","l":"FzfeXOEFUlwqfAztxsHZqzfIHXOKR0Zplxxcxw3jkfft1zvLAP9hyHLIVROkTAPgowQOxb3QNKOHOQV3469HuGj8hWAAKOhYcnHM"},{"x":44,"y":2,"i":"w6EY1FUc5M7wkobRjg4q9fx1KJ4Scm3h6nhFmoxvCZ4LEUo8aTKO7Ow9Hz8B","l":"XqOTHuEnxDuUBt8IMTggZpdvSsOrYCGjSPMY3qPn6xqoigTNvarwYN55BQu9g4dXSlc6gVS1QgAkiIQdsBts8DhQ8aeVDW3UYjdq"},{"x":8,"y":23,"i":"3Pn7luAMFgEJAveHWy6DBL4RNNBuIwNX02kWCqnsBFNidMhYf22aIjt6Cz3o","l":"eR8ZBwuCwJ4SRzNTncf5R0iONUuBCFTrqoOngOxTR9zwFNNnjRmJcNFBoYuHPZZ17q5v2WyicPmWpaYdLaRCKGM5N1QSOhou981b"},{"x":31,"y":12,"i":"pdIhZ4hXpuWq1UNfRF8omLFmRYrQaySLX3CTY7rugl4qfFjuL3998PQi71II","l":"sOI7ERHe3FSUqecvTPEIJXUg8vAjaRcMXX8Vdk24NnvKTTtPSD9KAyZPaDZbzlC79XAlN0uR06Fni6aCldozhT4nZctWBdue7DL4"},{"x":34,"y":45,"i":"RqvEo3E1CTmQqiqqCSult4vOONtTdwwI1THio7rf969f3eH1kOQcuUmYuPBk","l":"CQLwl5T3fDr3wc6hkD12iDWexyDo7GpKvj4kkWUsOYs87kIugf7xYgSB9MWg5rHNvCoJ03VuyggroaBawUj4jy4RkwnuGPO4dPHB"},{"x":22,"y":49,"i":"femEbEBclHdhfxJqAyqDPBKyjU3KFKRuiUa2uSxL1f59VJde9I12r84eyt3V","l":"rHABOsmQOKaBMJWy1GYWPJ2nQ0YWOVMYJGgRXeCRGTmsALcn1QY0rbmrdoJNWL6Lsa9E5O8As9PrTQsmce3SDyRmppGPsLIoZM5u"},{"x":18,"y":46,"i":"aXxPnZ4rEMNZbVMjb6KiK9pbKmdVO1BHqz2tWIhcbxQq39zryEC1ZiS2EzEv","l":"heMrORqvT4U4QyFTjMlDO1jT8IOGTXLNs47ZkhwfXc49UXvfBBw598jzdfdqJgMv8qeRJu7b43i4FCSpxtaTnjoojMl6mJPDrA32"},{"x":36,"y":7,"i":"RDEM2qcujoyZviBREmvWgygWpjMSHgV7DyeIaGQYtnE5f5DX3V3jM0KrtOwE","l":"egPPo4yIYZgJXpvFM4TS8kLKs0UFO0i3Ufeq2Sw9b0V7oMy9bXRvT0LhNFRMwTzFDayVTudhH7GQUsMsMe6ZFsWKNkhulnxYpxgG"},{"x":22,"y":11,"i":"SyLqaAexNHBxm6T6dZzzxcsDvq8akM0Mcq1fNRJMBOJFfYW8ch1eGsUYQsjs","l":"vGfiUxIk6vCAz5rjNwEVLsrmPwVBQrNWUkcmsgGWmAMqHUeew41zKWhmZCtFExzyvejJDUmQZ0OVkFoXvIzml0kfGKpc7cGz6GDp"},{"x":17,"y":18,"i":"WBXHU3U4hipHK18Ym5MmrgA3vSTN2shyFTcCKp9yIbtlsG4wrLX8Go1tPAwh","l":"EeJGdi9f9DeZJtqjNJuJ9hgVMGhlP022WcVoaciz3lN7CGFiBLVJkYeEfIJpAjxZPBhlSzoIVmgmJjs4FGWrtnxVlRBe1g1lDwUU"},{"x":16,"y":22,"i":"fO0c4IshnWvGHoNUBjCrwChOIOmT6HcxEDXCOzqNL9BZuenmHfYA6qI3pfY5","l":"QltZASMrIpArBG9naAyrRIqtX6JjZbP36nmCBnisiiJjslHNMWqAegrXOYJlq6DQ63iPXuKLUoPhuIu8TkuJ3IlgPjjMGBpKvg03"},{"x":26,"y":2,"i":"BBjmmwQZd2Ovn3aOjE4cUDvJ1FGUpQE2s3FK97nhJ8IraPMefC8Au2IlhgAX","l":"CCxfmcTHqfHqvLfNOSiYm4EVvDG65IfRncPjxgoxJIkR6o6wWwxAzsUx1tTPHPUmi2Z8DMYfl1BSlHU2GAUdkWuAKN394Pu2Y024"},{"x":7,"y":41,"i":"4GJ5CDjwCaVJQfA40mEmufZtvENv4RQlu70ajwcC6I4xfZ1NRkcQ078FLiHN","l":"bqtCc7fyaQMYoXImaQqqa66IKQwAN1NBXvE7lPxRfnkXaz8wXZUS2UAFsJZMgycAnVigTRA0EKFoOS78wBrPnRwNuTddz4mOyvBX"},{"x":17,"y":24,"i":"xpbBbVCXU0fDVcTVw9Jhp5b8p4f3WAJYZUtrrD0BNV5gnQJW0voCTwJPnUmP","l":"XTNYjklTnAWqAkn5Q0exbr9kiSH3bfaHBxPmbGIEMHplWlwMe8lBEt1EBUuT8edFSCGpheuD6NwOcY42GKN3mkpvGpEOUDLSeV0C"},{"x":21,"y":37,"i":"Oyxhas4OcfHjrtVpTNkIjbhxkd0bp7x3iTiUFI68f7hX5M1G5fRoWqcGgm8W","l":"OAqpqueSaOsWRaD4ateyDqcS5tURrg7cbHYab6YpDA0n4VLw5lNqbw5xO8jSKmMAfDDzbxamtg8fnWFjcS1gIKmC9buGR2rxOI2e"},{"x":6,"y":7,"i":"7XNUvzHqxX8mgdX1F296fqe66BzYUuVAb7NPbWFqxYDGj8ZDwYfxWI3MoOQh","l":"RMFSPGZ93wd0KEwCM7eQEMWzf3Q8eDTLEk17yBpRlzCFL1qjKdz0ksjAOyfMUb8Jxhu2qwP34jEPWDzjAurTLH343LpzE6KFMyok"},{"x":21,"y":23,"i":"lWet1MD3DwJUa8A5J1CYpsHzlNdtnGUPnjawxAtkRN7EpQSv8TtiqQ5q499J","l":"lPFVk3PVTVrNmcZzygCIsRQQ3IqydIovuny2NsYielX3FEEOMZHzTRSQS0H5IvsjIpp7zjN2A6fL1JEgKntvTupPntyPlVaOk00T"},{"x":0,"y":24,"i":"VObRJNt8vjMzfYNBuByLDNjRWd3xMyCzNUImBsBe3yIlMZnY8ExopBhtSygG","l":"7PNivSZpcNZBsGYtQyYw8eIN8xNO3wtc1kCnC14vTxjrVmIwOfq53MumBM9orDOWOuKD5k6rEx2BwZNgLb2CuwdqjOlT30ygmoLt"},{"x":29,"y":36,"i":"7IYTxnP2syo0LxyWi7QAcbd94a7s3AcZ0prFvEhlq5MHEd4ixUACdyuVUclq","l":"qvHyAAuzakYJYMzDlnf0SzG1E5gA3B85d9RAEM4u9fV4FuXJpmTFTcDVDsSAnxHZJSLQPXgmt9uARUXzx49p5Z1xuJTe2CcTRrFK"},{"x":21,"y":33,"i":"4nmVUW8wgvrj0Vt4wXjZttdLFLlpJxqzuKcNEx0cFaIhpbfru2FnCCNJ3763","l":"Xwpglg8irYtio4Bo3LxJg06sXSEgMUpwurglNCNJjGb14wiKm4KJ816Ci0RnmsREvCScFzeV7ck4PB9chCMaXs4r9J4SrTXH03SQ"},{"x":12,"y":28,"i":"574fM4XC0N0Lz6qo21GaFNnwy75JIQfWo50Tu7yfdCJD1y3n5wurQFUqEkkC","l":"sR5sq3B0aNUMQxoSg0fc0X5kYX0Jk2UcgeUBX2vzbjR7rZtCDUhMSzScIU5d0S6SCFo5Kzy9u4vhC97V2l5WfchkPnIXTiKqGkBU"},{"x":33,"y":2,"i":"Ow7coiDtz9GiPPZ1vPoMGgjH9umgcutv0Ko60WCMUDSxMQOB1soQzvPsvn2N","l":"R1iHJ8oRfCP2DqclcqVh1GpCLtdKhSTmYOTbJcUpV8MmjAuwJTxDgTqwp155OLj9WilTcdtyHgOGkiWKukVBCYTfkOW7RhdUhrHU"},{"x":27,"y":5,"i":"j6vjE6FBGavTYizs3uxiy72oMzfevYpiVmUIvmYYvHgIXyesoA4KIkW0pTeR","l":"2dHMOHgCUPVrYWjUn5JQKQdCeiHx7sdJ71ANhG8uAcIZa6WMiTw82eJdgbMjtRYJ4MDt2JvwRnPyERPo7rfVPDEDxLNxrPKjgCf0"},{"x":41,"y":23,"i":"2zuGHZiji72ZlgCKBNsQtOWKkIQstb9cENmdonRN7yOcLUnG72gKcpalQuIM","l":"nvteCZRtp7mtPuu0hLmik1h515pUQcYj0lab0sc3sdHlbb8wME515Futx8zdADmiwidlPrdiRqCDaWOSpttz2oFHWZIKlArywDYV"},{"x":43,"y":34,"i":"Ec6poBfBQSaQAfq0dDUufPSy17C4BdeGQwdvtRz3f9glYcHvPztsAKhPpmiD","l":"S04BtRnjmcDuuSkUYllZUYeaYl0pSl7NAtQt7wiqvLIksW5plk6mDLraYB1MWjXvJpaTEEliuE5rKdZpwGmC85bScWT2pfdVOoLn"},{"x":35,"y":31,"i":"FfZ9tuyofGwmFfHISJ4CEZaifTqF3Fqr9tNIkkpzrIaenru6qSAkWj21ZelL","l":"WUhrF1ChAz0VlsAasn0hXZTFh00MiFmvMpWL0rWWnX26StaVwanYpyb2Jz6CKL64PvHT6czoCYkjHQrqAK7Pz1KniGY8MjIAk32y"},{"x":45,"y":7,"i":"I0pWftGDV4uADy4FToNTf27r7UvCi2rvynCTkTCKchVCt5U1DRDdBWvXD47D","l":"TneXps3UYaCTODb6wOptTqi1uRDR8hPTxpMTCe3LtzbbvosrvqJwjQXsc7UavA6JcOPgEeh8VK1MxUfD0rfrwwxwiGcBXE5Prg5k"},{"x":25,"y":46,"i":"SEKxloPUkV37IEdYTVZvVosnTN7e8VwvACfCQXigxSRkBd9KUi5pI5UQUrIF","l":"3akol4ca2rRNuHvDmAqnK2ax1SHYZlNyVmQwb5ndbzMaAY9zH65v0vhX3efeZtaMw414axTVjoLkZp8V3lXwJJELkH0wczDAwgru"}]}