{"results":[{"x":38,"y":24,"i":"jRWZpkJ5mD5BLePuQSpeFGIT7Z01YC1QIKOI3iiOmRvLC9SOAhahyhN6fC2i","l":"iQ0nqa5cNSdGOTvXWYLWpOslmiquUt1StTMletrsVzDzK04i68i86lo308fgItDCJWVsvx553Pv8f5uSxQUrTfammfZHfBaKrhce"},{"x":8,"y":43,"i":"2auYnZ1CA00deROdj6R7jdBRV7d1QkZ8VVLGgnt9k1OyRlCdEOiCc5S0Ctac","l":"mX6SeymrUqAchoCXC6zCrYl12dV70SxZkyQR39RNt1jMn49cmcbsSN9h3DMqu7B1g7FkXUP7eY3BIE335p2xIqpM6uMSAoLqpNKL"},{"x":8,"y":10,"i":"bEmYv8qBh0qsu9i8KVwt5VOs6nOZiR4RxPsBBOKKbQbSFsnxjkPAwFkWA82e","l":"9BT7cn5uAAUb6lGNVniiqanM4uUF9cHlLtqW3GImqYRJBogUhODoNpwTaLOdB8aANCgnruDIY8h2vLTf0Om103XPnmxPr3T02gqg"},{"x":33,"y":11,"i":"g7jTCCOpI62KHp8JOnh6HQyrMpF4hjRZSJRpm2sVcinCZKrLn2bJv9fpxqfU","l":"ZtJrZ06h5VYeCJuJkjrUZWLYamzxH416znAntwNPfMZVC5FrzJhYmj5ovF3fD8XAwfykghJ0tbaLaqOJV9QNVXD2AKr8lbIsp6XI"},{"x":20,"y":48,"i":"mdxOvjT4eYporjCTmSUyGGfAwvlU8bzHsjAhAjzg9MpIkhIOpKjDF6yS2kQT","l":"NVrgJNYK8mMSPt12al58l7cGIS01wbHXTuksfhRixV8MVuBzY8QznS1BbaUHw0eGT42WtDm8Zop2NUDa3412O4aQByUKoLFaE5eV"},{"x":11,"y":10,"i":"j6j4OZRAeqFosB3gGdNow2o5IDja3K1ifxds14HxvdCNX1RcmgWxFnYQSVCR","l":"qCofBoVzwkBSj01siVM5KFTpSsVEyQCUiBMM3ULhXt5NyfuT4p3Dzb0wMztHUU3lOTxgXQxYVwzgJ5BVjTUuk0N8iX4EcE7wOvxB"},{"x":20,"y":46,"i":"77QiSRVZAPGKpfPlN94qGwRraAiXGHqzcF5xEAva3M9unj0YIutrYxU7ztzs","l":"ZmsHWgrFj5jKbmmKRr50nfm6PuXzYnlkYB7xH350CQraLUNGAcEj27SeEeM91rVMOyPPgE5HeQRTRFUVD81Y0PKGiT3Au5qQJVf7"},{"x":11,"y":7,"i":"GmQcny54KKbUdsqbtbNOfKOjrIDR1Qbl0DvJtwSshebnYQjgaC6Im2W9SeBr","l":"Z8VrwudNcK191qE2kV3dHuIzLNviIdEwU0QZyN7CIjFcO7TFfSMDXxk1XzZH9gwGC8CBGeemKZypPlLVwoKvcEZZ6el3NUeoS8wa"},{"x":9,"y":44,"i":"f2tlbL4ugk8klMG5DL9Acsv5VV0OjjZB47S4qcbQ3y3Z37mdlCEu4eVZkBZ6","l":"hZq4wmZtfMKbkBmuFvlvNR25lqqLMp8FJBtASGFHfnL7BinsKeqkaEmFhTiPNqYuHUa20olhER6vjdlZc2BAdzncGIJcxXpf4gbN"},{"x":38,"y":0,"i":"OvA6UROed9COmfeMVOhXk1xJ9XahFZYZn1lobIxdAfwxsiI2EUs8eFzDrf6K","l":"DkJk6sWyhcMdeqrGKXIcntVKhJb0Mb5j2lEUq8MthZSq2blkLF0c2lrMW8nxwfeLncCU2EJdP9sgFsuWAwRCpS9JG3V7zSEstcy6"},{"x":37,"y":34,"i":"3J9TtjI19zaHvhOxDBQTxDfFe2pcKqQknOEV8d4udbksyu6tRVB4jlhJRlpt","l":"qFWeDtUTpF7iogJw9ApkOzaNM90t8hLCZWKKjkYwCHB9PUEFuHMjiOkJxOmNHFAEXI0JCHIykIROzn0xB1k14CmLYqnFLdZdWb94"},{"x":18,"y":17,"i":"kBYuBK3kXP4JpG6LG3gE4VGIr9e6BAActjYkIPDmnm6csCx3tlwmygJUADVS","l":"tVXjtbVRvdotRDcdIUxGopFkFDjP1TohBlV14VbQ4gKcEmAyl8qvwo1BkOMQTuwLRoAZDtAbJ9qcArE17Y4uz2QUKjYMpjwzK6TA"},{"x":40,"y":30,"i":"Jkaxny408xUhcI0DAiNhUhngYAHhqYyIrW9JLdBsAoIciUcu692nufINpgy4","l":"QJozpi8eBMswEQntNMe3rMoX6obtLZgdYMext3lzMBaSepLpBiH4bvNBdFofd4H4F5sr5dufxYx2tZjxLl43J2nMfr9uY12hLaOw"},{"x":15,"y":28,"i":"zizbm9g5GLnekOjYymSvMXqtkdrfGxd3gZoMkLLPMxOTn3sacxvE2GUifA2m","l":"dzsp2twJInr8FAhNpXoGKwXKEnWwWzDayUELqdtEvtnSF7GyPJS6fPrl2pi69bZOH0wEqQ2qEU3oRJKInqOfc13A92ETL3xOWX4H"},{"x":39,"y":20,"i":"ArH6BMCfRhPVMISqwv9PnqtbbpgDCsvIO5sSfInY5VO0NMGddaNoR6JUuAPn","l":"7PJCuErfbv3cu0MTh6KA3iNHPcdPEY67BNVXW1xO5fs6MRN8Z9SdFI7pNpuuXvkwc2Yu0ZBxMLZxkflr6h5OqCkPqFnt0DYLujWE"},{"x":35,"y":2,"i":"RTdwtfE6bfPpPrLK59YZtFlny8HKeUtSqdGEVYoqqzoBlwCxQK9bPpUKJtT2","l":"g2B97nfm4iJrjp9LO9LbG5ilg64gChiZdVNuF4uqJZs5g5ZM0RZRRN4EZ5PiGlhCo2BxU7WWK9CQIUjGMXa8iHXM7BBvYWciyBX6"},{"x":11,"y":41,"i":"63tXMYelEcWdTUOZTHkA0ABW95NPcIREPB31SbGlBrQRcd9YmdseN3Idsp7s","l":"MyO34qAZikmyJ44ArxTpxljFZbNb3ub4I2e6MOvn5VHmvEBgQ13PTiW4ycYmqYW7rxw6AXYS7SipWFaAXpRHSnC2iyPtId8XGebD"},{"x":42,"y":7,"i":"78AEtMdX9ucCmE4jkv055ruk4uG9IHZSvoqFrCwWwvbOqVm1KrrQdeVXCFUB","l":"UgLcRtkxR0mArkP9c6TDdg4MDjcvaLxOlMzyqASk0sBWaaIozr8TH21bvvSoZ0CuymW3QUcE4MCBYf9cNpek3JLd1OhkkZmkAQaX"},{"x":44,"y":21,"i":"1VvewoocIdjpBhCYmNCFHEQZKZ7iYT0tTouVI2FfAFl8SgAp8KekGktnV3tw","l":"NFRl9u4OGTrzS9sZxl9m7PWO7SEwhbVbIAFe6oRPdLiETXDHa99ToB2LHYi7fIkYY1WfLOjdzCk3ja2LERtOjStraBeyeXO6cSIM"},{"x":23,"y":23,"i":"CAXCaoKNoW2GPbuAEqo20VIODaNyIgcnx7y1PItajXS6kIFijVh8Vct20ci7","l":"aSxUTU01EpAeWGWIqXT4fSYMg9bWMFPWShsxhdTv7DZhp5IUDCCEHXaCcm5pI5K4f55XGMQWn1bLaib4Lh3rRnNj5uUOkgTIhc0V"},{"x":28,"y":4,"i":"1GgfqBTZbzd7e3Mz39MqD6VzKHfx49ndlZgnr1nrkYGlwEBVMfQDzbWKPMZI","l":"SG4PLlS5VPfs3kn8Sx4maHSbnVGu50HTZYRXnmAZYsybfUm6TNJf0KBOHsejBJBm9l3tRxGipH6yD8GpOwJBRb8LWTz3wpt666AG"},{"x":33,"y":43,"i":"bjHzQfLPLF3CLuyR6MeL3Gm3OBUjyCVsmhKhbxNTcQk1GFiz2G3d6ALFWzyQ","l":"Pwy5fjeeJPGdyyJ5WoHsy3owi7MDiLD3hovYUSYBRAGnd0rCY6tUQ61TvRbYOSusW3M2rb18Y1zGSrSUWBo3c1vptR0feiMkOYLh"},{"x":28,"y":32,"i":"F5BzjZFi5hMqSrvATVhYiKHfW7M6u4DuK1zEKd6JIO3TWvdSBUCvkl2Vk9p0","l":"VZhb4RaBEIBk6YxKlztdeDKEFGyHJdQOZhDUeEo3Q25dm3iKcO6GJdYZHID74N3fxqkDC2WfxaMeSlnrAmqG0g1bU3pdiFD6Ozdg"},{"x":38,"y":27,"i":"aHPPWsSrrLQaH8DrQniuHKH3z1AWd1xMY2SDu1IM4AE1h8FvdIZ3w28kncCk","l":"eEEtEaVXfigiwRYhTAocvMQXMcWkkMafKsYLcGKiYHeOuUDfNLxvzQJzyo812iRuNh5SGdmjOQEEUMkubTks42hJLnGzha20hzmT"},{"x":2,"y":45,"i":"Y9OcSjUDkDloJUaLfAy8pWUv5x5d1H188ZomPj9fs8h6Sk0F0Y3lUsuQxehB","l":"KfSIt0pWgwHmud72j3MrsuLZzvrly7HNv9j50ywJywp9hs17ME8InWL4JUGmlEaUjxTZ3SfqhLrAYoSD4NK6inlY6Rd7yHkAvRVh"},{"x":0,"y":22,"i":"AsgsHmBW9sYtRP92kKTewSSGBPNWUBvh4oTln4k53RrHEsH84oedEpEYzS21","l":"a8JJtSddqgQP58fcEBSwvLBZrPZ6ixBPG1QNPUKrSQexszju0PkSueqArc4ARVdorDSPFgQcOtuARd3DJgJMUPIZBix3K1uOn3P9"},{"x":31,"y":10,"i":"1z240B6QrHs0ROIdyIwDH9tCpEpghuoMoiGvhZu0hfTGFC8jECHfYJI93iQc","l":"OnhnkPLto8Ipj7BuYOyEIAv99XLEsRnrRbv4S5Qvx5dPnTQoXYA3aPEky0Sl3RYaZyJ9P6dE4A7BALAH8ytkUGqMRRV1bCOXAKO4"},{"x":27,"y":43,"i":"1gaE57fXyb0TvQ4yZ7QQgKJnKbGFybQWV91ArvpgkAStoPYSJ4FYXnukEFBw","l":"H7ErCQgT9y23tZn0hUdZpi9Ziiz7E8ag2uMZUH7lp90VwtwaVA79KWEGP5dC0E1pvraFrBiLQNBPRbTbVSqPe34HDRpNL4dNKq1x"},{"x":44,"y":11,"i":"XbtN6kO60yTbOksHvdSV8TRTLbo4oHHZdBXM9XBSSsq7pra7Bu2sHhJzpUGB","l":"DljwawVlMVLDMqjFbqHlfUl0rhzmBMMOfxDmeXf31E0Gr31RcCLjuvmRSTmn3sM2gXrSwV86usU0iBcthPXwYj10Xx1rc7CUkR5W"},{"x":49,"y":28,"i":"MnGss13I4Z06W2mQaAqotMxQkvrIi9G5bUaZuHU5QWdejt64IMOOzAUQkqCw","l":"X6kfBeaqC437bqnPVjq4DM12LaSXswCQw60Z8NphzHRPvImRz5FHcpTUqDHKElEQPkR83Jd7TAPom79MZbZW9gJsLvq7ZxGCQa32"},{"x":28,"y":17,"i":"75RiF8JwDOkueLeRchfy8ZBEfGryNQpVdDnZwXU7vO3KXvxRhChy6zp6oQu6","l":"ZnFiKTKCjmTlhpgaM1ZMUJlwomxiKkrRamHFOqyUTd1tQRlyWKsyQpnzmXXgL8dzYNl0LVoTgigeZLlh6FdSYrKEXwB2Ro94KRz1"},{"x":48,"y":44,"i":"f1IuzlRQ96IXb3AWKQyQik68ZPefCAocm0CovEibL5NuZmb5EjYbrm6vGNOr","l":"RP1yRNe0OeX2CXq86CaPOUhntgybo8ettM0WTRdyu1jLpN2K2Y1khlbmig6CfFYnBWJXEgGWf1C1irDtUi7b2yDfN3x5jbyFKFvP"},{"x":38,"y":42,"i":"AYrjl2Ya4B4ICq23T8GBF8yc9qU4Rpn266X9Hy1itm9v1ciBgRGqjbATUsCo","l":"TBpm80RoLS9KsrPBBoFOgMUvHsB5hHAbgzO8JbxEaugqvrZSAAisCiV2VbppeQx7xpkPaxhxebYkjGVGCRhPZb04qzNtQ3KkQo8c"},{"x":0,"y":36,"i":"FF8s4K6oDtExQnzse7ev6Vs3OMnsPyHLjNPei4WLulT9CvRCbMrvBqGyndhC","l":"xv3hgGvOMQKEGrlmcDZe1Wxl5fhsqMxyxzumuRW6LnCsIuSFlGlYawGFIah9dr02236RJglBCGPevwOKTQEXVMSc2MOWHuZxjzxi"},{"x":9,"y":24,"i":"svc2fbEzcRk4rfVtFLrrp6Xl3KZ0SqVYMYZEwmio8PP2ny2T08LVyfU49EVf","l":"szQMUGZ4YNhrFOieYyipqwyyENUOXnqIPtk2T9nNkkzpvLGe68wioW8Fu8o97InHMTEZLzFsZIzbPnuEVocGf03h6mnwdG9NiLrc"},{"x":41,"y":32,"i":"WmWxzFsut2bY0CZRKnFgaLgFqULGoFiVyw16WtZNepz7W8L1cY3KMAGRaWFV","l":"ZriBkTmtbtLIkIYwtwU3wIDYydaOO5rvLlLxLUrscybGs3RoI3NWu600raToyVGIIPZuDSlMC8lzlzKswxvhADPakANam6YrWEjv"},{"x":25,"y":7,"i":"eUJaHlQVgHm9tPhTrJV2cP5WnXUD4cPtq4s4nLfwsUfdSd0TdSAZ3XH3dnVZ","l":"q963dWBtbNRk8BytPjxQQkVokppi513J7xbt7txK4HRzrF1ROQgXeLLfCOgefoDScDNfVaxFkepaRcyrz42sP1Mli0PW10rfDAvO"},{"x":29,"y":45,"i":"BKe84jpDhvyF2ZtJK0sPQrev0Xx2ABkrKmKl0f5is5rVPtF14pTWIOlICIez","l":"ZaC3AvkfVwGynrXpiqu0oF6PIZD2ssA56LmSEDGiX4ga0eaNJUK0xpCze3dBNAy8Q8VoazWdxzbznt71MIYufGztnBRrl7ir6D3f"},{"x":0,"y":35,"i":"hXWC3kVgJXD6o8wlhzcv5jBINwkkned7yfnv9nJYfTWRZQujJsdbVNCJQB19","l":"mNHkCpPfCc3PpEALDq58Wx74GKL6iPUXlsq1iJXs4Mo0wtQwmVJkrKLLCCCqom5g4Dg8PaDpPDRnUk50STMLbCw19qodNXr72Syx"},{"x":9,"y":38,"i":"q4QVgSJgyZlQD0X3vNGCJoyisK49yOc85aSJEj48PCef7fkyBx2LrWVD1qjE","l":"kRBXsN9icYGlYQ3dTOsbUdDP8hn9RLc2kp54OWuZRQehpPWtfvi2IZVMr27wikKJVSq11hpbpMEPyoMeWJprHLciPofJQJgRlSai"},{"x":19,"y":25,"i":"0KoS9bmr3OriwCUaWSAQPIXUqnHM8MxcoUPB8FPp6lE9U5BBk4QXwqupsFHl","l":"YHp5T4cOQzbIsxqZEN147WwL5OAWfCjGuWlrsadvKMrSKbkSte210yDCzmqoYklsmv1qWMJD4bwVE4pe0114TIhgscI6NPl2NnPd"},{"x":21,"y":27,"i":"Sh376RA1oDw2RgmXAZnVRuoIj2bJlbD9ZdP64ueMxzdJVX4oMweY6XInaUa8","l":"wCQCjwzKImGVnfjINVxGyKRwOCKf5xM7jOpXiw7um7Dz0tDxcBy714z0V1N0GbL77ShitqYMYXtjNc0j2pnbu2aoYUVFhL4Er0tT"},{"x":14,"y":46,"i":"fuzZjRoRRgGGjuUVqOV5IzwCXEIVsypv4YfT1ODojPDe4w8uxVf3hD4EU5Ji","l":"nrQZ9kilGNpTw9FEtdf5bMSXbnNS5vUE9IKXRGvceuFIwpgKFCdGny2yn0YbZohIVOna0EgeeRH38wRg5y54pE8P7je2ynS8npw0"},{"x":18,"y":3,"i":"DHUspyj530B2ats3yzbAfh7iyAaOSNdUkKg57sQ94pQYOokCDCfiYXilpUnw","l":"HV9MhwguvdZfZUURVEfusEvXHqiolcRpksyzCBNdSuoNt6F537503kfnH8EAgCDVuNwvUDrKwWGNuAIfSjnCo7Npsv9KVoi2f0fs"},{"x":29,"y":18,"i":"r9iB3I5DhsAX6PvUWghIuzLU8A1rrZEvGsMiAbFCGpUovoyV9TTU5N2OpO9G","l":"Sb3PUCvB16diiALm5pMekTbnkMlipI155PjNs7xUvLViWomZq3joaavWBslTKdAT05SP8EUCC26OPcFyFO2dyrfsTmTa7UYwbbDx"},{"x":0,"y":8,"i":"shd0oUVv1pjUe0Qcxzhw1fhNZ43EVPDRj72YH4NMOLAwKZzaXvWGPZVLNfvs","l":"3IrgA0IyQaeAwv0IsO9npd9YqJXkYQo2pqKTncn2CTt3xmY4hlTXteD9z8DFXKkZjpztOhxhlJ30U3kBjQvA2ndBqTxvA1pgyNOS"},{"x":48,"y":29,"i":"xEU3dgTzJ3mM7xhZbTmq8X2mBMbRBhL0nJzROxEtIDhzfHTgzEwM7pvbgFBE","l":"NphMO3cr8rmsA6uwXXL9WeQauKCteIjc25My2e937TiDLLnluYvolf9MmtPe1iKpl321wVNkZdVg1sTuVswNbkeUYS2oXCbOtLcK"},{"x":26,"y":38,"i":"WKrJ2ke6Gtny8ulCwMpIh20uB49gxTF0ew4JduNOk44zfDUE4LYqoRy6WHNT","l":"EkRcwIQyILWdxO5AAfkXQgZmiFAfNMzZyESngF0V7Pe4fVJckyWzLlL33laCDLqLhaEEVHFG4VzVZk9OwnXHdf2UZdg4FlIG9VK5"},{"x":23,"y":16,"i":"TfgoU2rrZ3REKSAzSqFWIdaZbQwwgwe5T1sxVlsTCtzxdyNoOeZIwlGRhCGr","l":"91gpXVIAigOBywCVCrUessCvzxSxZ1It8ehFmaanogEra4N6bvGOeb9CZvnqomQm6zO95f0zTgrESOOg34Q8wIytb3mH8vbjavol"},{"x":22,"y":46,"i":"tSYlENF9FW8fwLWVePvH9SwpITLj39xxuLl1t5OSeyYppFz3wMntwl8o45xN","l":"WYdPW7u1hUNamY1uuaTal54E5bCHCOTEPoe0btuMx8BecSGPcikN61jmFSxwt37XfTXVJe9mCK5dvWzNqGhZyu9H4Eq6Qk8j73Ki"},{"x":48,"y":20,"i":"xDAKiRlqBEBxtrFBu52DUBcIY14bF2gCoSTqoklwTAEZeiBvLd5kP3QNDLdS","l":"X1L1re0bkRmKfkvYXEfsIgnuXhMhKbQxqEnesTHKMZk9v6MvojLuPFYOzNIQRwNVQ0yOMYt4aQ3EX5FY6N5YhhnTkFm2ZV3zJ7WE"},{"x":21,"y":36,"i":"VlLnnY5ZUFTztVpaawzJnTZczkePL3MA8ntmc6nvaXGJToMwduuQ1IVGff27","l":"9dP5MA13ZRYjtPc8O47489N8YB68IJGiYAhFUn8Y5o6aCoSUt55ElFWvgoi99H14u4FQiufRzw5xlULt2O7G4umB8R69fj1Z9VhV"},{"x":22,"y":10,"i":"MgvdZUJv2ORtOgABf1ev5Vo397oiOenfL9YnQPqSZCHC4Ga8D94BlZn9Bfcu","l":"mHDgiDIzvhnQGgPqUNg1ksDxvreXYPzZP1YWh8oWTs5jC3HD6Iuyj5SoC4wLmgCCI2NRHXxVoTjD2LCsCnvwg8y0zEB4uj6kQDZB"},{"x":38,"y":8,"i":"keskfsrmPuZNMRG8faXc00tZkS466WOB5d83Lls1bev7cLqoQEAR6EpN8NEG","l":"vtNGQtUhDeOXi3am9sIWANVpuLQFDWinKaRnOpm4SE2d932smfoovJHPVPSgr8p8AANATO3yaMN9cQOOuZRKOKSY7K5RifiuR5K0"},{"x":42,"y":38,"i":"SI8Up1IUBP4XAUpQwveEu5OAalO5pgx40ekB3aQlUpI7BRtTcyhEmk5gOceC","l":"wRva0DE8Rl598rKhlh6owF9xsDBH54sofW6tPRtOGwXR1jMiq3oSCr5NVC3X4HaJIVym3eAXfG1raQOtjwT8fj3n6Jkg22ZXOewO"},{"x":39,"y":27,"i":"dvnLbBzM31d9fl7H1ryPRgv2zBgww5pXosRNz0pPr1j1Ykwpd8CA1NMQwIhp","l":"HpMOOeGHw9w0CBwS5ZOF9I8ZMRbKFao3NSUFh50veNAWxjBIaKXz1jPADVPGNOdNffRv9FNlinUxIZV7lu9w326p0kPcwbXXsz2L"},{"x":36,"y":33,"i":"DRsgJTyd31Rqe7mUm7JmjCZaipzLQZU9OsqvJGC4FCgIKOc49uAiYVmTmWDW","l":"JEnSx5i7j3w8IlWADY58hhF6em6NnTRqFKzKyMHpNCpr76YnkqsKfFuKjaAw0uQXrik76V8sfcHSsDueQrVp1smlOC4JkSy2nkSH"},{"x":2,"y":37,"i":"2nNSuxPkWCCNQl33PsSigU3d1u5FzcKXtqIB9qhMEEWlcdUPwHhDl0xq3oFd","l":"cWFamrxc569TJSZKKOqDHn0Rir7uVaPNnXyKIBHT9XcER6bxjD9DynmHU6W7ssVmGkPtZ35r0xQLwcpB7VSM4FTbNl9JrHmhXG5w"},{"x":26,"y":35,"i":"04dFjAL0hhKSqwls3wadjlIbTJOYnUAn6XJcF7p3iaZV7WVcF4HcRYTzJD7l","l":"RmjnGrrkHMCDovGxSfkO6aay37VvqvVjFuPEudA61esJLbxWrL6XzmnAfzD2s2I1kqX1EyBUv3XGmaWbaF8MXat47NgURQRLtbYz"},{"x":37,"y":25,"i":"1y3JxAfJDeHelvgDgCmzDBp5wRMc0Tq8seV94J8U0UAYv2Sx9vRdnc5Ctvbm","l":"oB7TSTeBKAJ9xRG4yNLfqMuZ2jLgE7RGI2LgbwRUTAl2dXA3sjEXRzpomnDnWgdKlVPwyria6SmiyxqSmFfkNBpKgfOYD3bFLHNj"},{"x":22,"y":17,"i":"y0k6hTrSSltWgvRdJIkumIgk9oGuNWeWfxBbMXjBRmEpjSyO0J1gMmLzOjLg","l":"vkmrfrwBBbtJZ8YCAIpJEQAgxqiaIadg6KWg773IrXOCuncAhRnqusup2zwCyHhJqDI7DyjmeMQKOIE6LZ2YW3xbNTP8aY7MgWHJ"},{"x":33,"y":45,"i":"nKTJ5wx3bFbxzYlCFK7woMhzxCsBYnibBf7rbYbdC7WtyLZbQQFCcguuwTRo","l":"InaFkjIvfAemfOlSpcunyCLb8mSZDmfpLJeTdIlm6RopGaDKaNque9ano0F2komybeWpKSVNXroq7nRxQbILQgLRlMa1qGuWboHS"},{"x":21,"y":38,"i":"PASGrbYeShKrtX28wUGX836PxsPjbojop0A5KPGN3LjoussK1GGeail8exVt","l":"9ZK5eqdQaRlqIDtP8Z6NlCnxWiVJOiHPGVMhZR7fEqPQ0sLaCn72ZeRtoCwczOniC25394PcOW3gix2Hs16CDr9URWJX6eQdiKok"},{"x":11,"y":16,"i":"MUPaL8aChB2hmazyVu0eK57pM1Gfu5qjwmh3mIm0y96zYoRcBn7TpGo7FUnF","l":"oeTFoJi5qm0noJdjipP3vQWH0IRlt2963Fchp9Z60ufBpLQKSjD3nya6FZhxjwo1VitFMUPrGlTKoYnpxeYcPXrvcMBV4oGRtwze"},{"x":11,"y":43,"i":"qzMk2uYO7yVmNwBvNANzbemK9ltZk8uIMlEeeJCcaZrReEPUXN2zMng9RRad","l":"7kpidobAw3XnY1XSaYwJxftuY24Km0O2umw8V2F4DDRlYc7Hwa5Y0boTNGYh02Z7fQOdPrtUVHFwWt0ArtuxGeOwMEOFdbDXYFKl"},{"x":5,"y":5,"i":"dRpw2TG0jACKZHlA0pFNXpDBvwKZTjVzUuxdWD6yQgxzOmjpqyCYYdBSyOOo","l":"Qp3hep5R73aO5jrg1NlNL9Mb0KQ8seThFOtFSk7ZuXU2i0DZBQzn8LniRXiiy2TFMA0HoNjaRB7mP7WeLssA4BIdeVbVy8ZwI5Ad"},{"x":18,"y":43,"i":"DR7qQUJg9s69tXfqWN9slrKbCadl5sy4lo4we3s4M8ND8BtzU1hORTDkknbi","l":"Q0kBPyIgvr0xSYObus3rTkLdOkqxUbSIsEw1Vm9WvLPUa53484SFdmiP8iIW6eQf26pfNUHM0NTAgCHhrfNgW0MuLFOe8Jeltzlm"},{"x":27,"y":13,"i":"rqtNiCr1yqrrfyShedZEFUsTYPOMoy8jl96RNIl46wY25gw2xt00IhCEwqTZ","l":"zMnG0NaJyHfbuXT8OLG41Oj937tk4PYOn3JKA9aU3KdN9sukyiqvNzUc6pVN7LoxKhMgV4Z3eb3IWFfxmS87TZmnvCpq4yW7E3gC"},{"x":34,"y":44,"i":"ygh4oSkHUoDSIwAwa4RGvTTd5BuoEMG3rsbzZIoFc78n8GyduWEGf86UpJsj","l":"zIOvwAGjYn02OYY2Ws9E4QAK9jYBdZliGvP2TpVzOrYRvy4cmFNsa0ZP5LvCD8JbsS1Ljk0rv6RiK6zP3eSieXU65OK9UR2LsURu"},{"x":44,"y":2,"i":"S9zRsIhh7zhAb85HBvABeqpTnRcwkN5GoRU3cq3B2y1oZViqGGyBgeWZ6EVr","l":"gOnajxahmBsgweptqMYJr0SumSwij7fZ2fuEFUsDSo0CDVNeyxBs5SVI0ArI4HLpJ8AB7CS8kxJF7BMXKveGewZLJBX3icRPKuGG"},{"x":2,"y":34,"i":"f7P3CY09xVogklUeJ95vZs4O9AE2gPsBVqLpuKjk9H7kv9wJaaRDwlWpcmM3","l":"penubhT8tiFzebtpyh6AhQIvOw5RvjWpnB7kwq1bLQAjpgnsNzLH2NsfXczCVZPpI4LOa7pZ7H9soThHfc85HrQYuKBIPUW92PtW"},{"x":13,"y":24,"i":"G03aKlypYKGkgifiB8F93wi8ccBXVWtZNuFSU3ra9gRfcmzBe9ULSGf92E6H","l":"EG2L4uq0vtvYOmJcyHdDQ9oeVFrvxcMJ3shwCTYywsdnCt7cry4nVJxoN6c5gZlFMmFXJ4pqY37X1SbIm6dWxvzHZuww79Sf975n"},{"x":21,"y":26,"i":"KfwtiRdx9gTj2qDwJxHs02PSAr1HOSHZ4cqSGZoGGltfO9YtPbDkAHU1B0R8","l":"Or8xKdNZpd18LaXp74euf3GDtOZsuLhiuvQMRZ79aHurjeCaJ84atX8xOkLPOrqaRDLn7Dk4kO8Ty2ZliheAjYMnSTaK5NkGOXbx"},{"x":28,"y":47,"i":"jarugDPqGMSNyJasPMbRYEwvF0lYJvsr2fPeAMaSdRyupFsYVSMxbXEBZxEw","l":"FKWIZOaF4SmssPCjsm4heSxnJnDgy93XkT3yIqozz3GwM8NC1H7rN0jJsZltEsaMIsgkrzDAo8Xu2bOaCkYXX5c1ZbATz0o2nEWZ"},{"x":13,"y":21,"i":"RP9oL4G7rV5dcKuvhoqRrYbAAQ3Wg5EAHBaWGFUgu4BjovAadlBflkTKqCk6","l":"qmLUdqhTLhkrQ96apkFBQ7zfNxO2C2pXyLnJ050AXMq1uyq5yQRuVyRK6cIZqB5w9eWT6Y45XqbloIDQshCvoXNLT8wfLOovrraX"},{"x":15,"y":33,"i":"auKYT8Irb9t1gQqCGqImKNs2KNPUpVRZ6vWGDNfJyxIpBsxYTrLSYIMINdK2","l":"buNsRKHsE5qIXeYQLBWETiZvfhmJhCOVIa8iexXXuemcMCq0YCWvqkADDpG6Cg9NnZQKKpVcuwm7yWUP2qSCKmLkbxJGRqCL9Jkq"},{"x":34,"y":1,"i":"0LeenE5kUEUH0ZJ61SLsxdE7qFz1dQ0aiD30eNoZrHQQ8OR4jbxi9HpfoTCK","l":"zkZy4fysOZAP8tGcGXRoyIJAcSldkyF1cBf0H6dbAQ4l3FSoPySEpgiBoTLUFwYDur0890dV69V0De8jaAHUJ6RZVWlxjnq7Kc5l"},{"x":13,"y":28,"i":"JiSZyqT7nBNQOrHFFQMj8BnGqmB1lbgWpRUnmWIYu6y9g2iIx68CM2EaYKtM","l":"iKYQn4cg7mGvCh1jlkBq7w1fz9zJepiSJE62uvmYdpd9UG7OwWsN2yYJD1oCepvElrXTMsmkz6VLj7Tf6VwMlreDhc6aJu6Cza0f"},{"x":36,"y":19,"i":"iiR8lR1vyQIXA0GBv8euZGkXsUULCWvSybHfNUBAkTInw9a1Dem58TC2xaru","l":"NGpcq031WUQmChNy1H2RTzofWzNhznQGFML97hTe3VtOskHtqAIfAoYJ8kYAkhoHUoZ7pLfnJBO8xmMUVlPLRqsTRmazaX9MX35o"},{"x":28,"y":49,"i":"l8NQF4bRS1uOkKMthxhzU6DTFkJ5lnmGPaXsFTrGzZbf3KwKVhbCUvHjcfEw","l":"MuVjsyRz8XYUDkMfQnWXcEnsUCk90KEoyW2KNHjbhp4qfBhwMsHygX1qoZnhISA3j35TjTKk3fgre7YWkpre7ZdrQWEJy9sZ13jn"},{"x":28,"y":34,"i":"W05MrZRZVI4mhCayuRlj9L1QlHBOjxMNTGUmOJ9gLF9wo25LDvVPD0KnCA4p","l":"XuJLJUl4EMShoP5I9wqYMZlWJhYbKmOtTkJb0FGYmDnDKuBw3VPtWP9qFgbtnH7WKaEErC8kbhzEvYob15PydmhKR0pavexdLgBV"},{"x":38,"y":1,"i":"YJM8xTzwj4eSsRax6NaHbXZ274hMLtDCmpmb3GqqyX5CXqdpXLkMZCexf9V0","l":"S0cspC5GzsfqXG8eiBJtmVO7brAAVtRapOLhvjMMFYIdM23jdontlQ4kr2DiMkBheGDSr64yGYfnNMwJlGI3ocjYL4OKPRNXnjeb"},{"x":34,"y":17,"i":"mMEBgoCeNEU3oXxseQ5lW0RNky2K5FeNjXHkPG5YrSRTKxMLP4peA25o9Kkl","l":"icST1KZGmS0x69HCfDQak9LycDILReFq1VTRtXsgW6vp9Md6pvpB8o56betLZrOdkbBzEgws2JCFILkEsOhSjpnwateILp5KTEG1"},{"x":27,"y":35,"i":"WeSsvTLpG332tGueSXlJtN2KurVqNM7uRi7V6dSXFd5vn9rYbrj2Kah8Nzcb","l":"9jhzn8sCQAuwZz2jKYrVDnJq6pmpDRPN9PBVQrVrw4W5datlq9aZTGAxu9flyJOcIwtgKzQMzIGHun6ggA5zLhOgO707SmXiqsqv"},{"x":47,"y":45,"i":"B3VrjpOhXdFGeJ5Vd1wp3Tb8e9D09JrpKVu1W5gQ1KS9lgGOQYhfcbl678Ec","l":"YNGhdUhXDLdlkMhZ04y9TaMkp3wEazUIeD1Nss2JKXYtUnI8AopPoHx6tI324s0v5hirKq6QGwTgo7sY5awtXOH4VcvDcf71pThI"},{"x":8,"y":3,"i":"v3s6ibU4kStDWH8D2Ky2ntbDfKx2cswHbJ4xqfDTuh36vJCdvhU43VyVMTbO","l":"fxdIZdpdcy5hIn0HYdxRUvs510XZ0qJsT9KDZ6R6T2MbuwgLKXPHCBDu45z87LRrsiWTEBaPoY2QVNDUo1aAxLfcK9rv7ASoh32p"},{"x":42,"y":26,"i":"TdAHUnxnxLqeECicdvf0ECQMEds2Df5lzsJyHSFBjVvEhf0hZi6W8qLAgzl4","l":"qrJEY91PHMNYwKi8lFw2ClvCYZvkoShshYxWGGCYh2DqblCgVIRIKGgqYtUjPVkZzPGse3NV6v4zbXUuabi4tuRiMt0PTl8dr78Y"},{"x":12,"y":34,"i":"rySKqZ1JZ5WS83tChwL3ogu4i58zwyE8lgGpexxbt5O2w1RHvC0rlQzAOyyT","l":"44JIrIMAMkCA18LG3wEB1OpIRwi03OYiFhkzCG9nzqc0uF6uimb0wK55fbpa5pKZBX3CYvzzdqJed2hzMckJsxdiutHw4WpXzjl9"},{"x":46,"y":9,"i":"TibJFrqmBfkPmN9T8AUdfuXl78NtOBVHlTq6nnef2BmvMkmRA4oBRq3cZ5Oz","l":"gQ685w0bVrvVsKSlbd1DTsookuPixwQ4C5y3NaS7pbgXeILxOvU0kZRIreuPoMpJd9b2chfoyvaSIQ1S40jzQTmVZglEzQ3QTft8"}]}