{"results":[{"x":34,"y":32,"i":"s9Fq1agA9EFrSQKWplYGks9wsYRSxrdw4pY1RznJqGNgYMGXwFq0w8NUyk2h","l":"c8vchzdmr9remcUBcDsg9QXBzgqLPX64oVY7jbxiks6EMZwC6iuaY3wHI5HjX9WiuhvfyZafcMpBrCgNGYc0wQxMFwtn68wPiATq"},{"x":49,"y":47,"i":"2jL3mwQxKNrUhbw6C1JTmR6Lr5cG7KwYk29JRYnSAwdKYx61zPuBTmKHyEf8","l":"Gw74B2XyoiHfTbEH09GP4hjl8gYKikWALomstTWhanV8wPEYKYArSv24yRhVvAyltdO4Y388A2N83Hgwm8otLpCQuATclWZm6VJz"},{"x":6,"y":30,"i":"2ndhsmspvk4FuQ1rhQHmZ7ouTSklE5bMJXEts6DTgRKGT6kTBJn5C8wF5GHO","l":"fPeDBdQR5TaHneHmGpelELwAiPMxlnPmJn7R7KNVO6XXrvL9xrwMMCBsgPfV7dBJiY6BXr8uWSCQhP5jCC4dTjZg3F3f5zgjVz68"},{"x":0,"y":24,"i":"sKdWOl6epA888kJ6p9TZx83npvRlmgJ1OeTatNO3h9RJUVZmn4DRgupyE8AG","l":"92bGmjummtYAHn26V9XaKYvTOsZsaQNHhmMOzb3vJqVm4cxL4nor273aSc6hYuEczLMvCTxNMeKv5rMplvq5EheHL3JHRYxQXtMR"},{"x":15,"y":45,"i":"myY67fhPSbT4OJy7iUsRTQhMuKsMlCX54ZMZijJbbEbGtz1iefVeC38xQgiH","l":"7QfLwN6IOXNrSI6yTW4DCkxVWurn5X9Z5y0p3UAQMnL5fIUTxCsrClmNVFiifO9SRsPRIuIhrthQGCsnEKpr0fHvY6HvF4o6xDJh"},{"x":42,"y":16,"i":"aJ12sKnqoeB43as7TYlpDgww0kPspWvVcIH0aLEjvbEy8zOVtkohxBF2LPtW","l":"feRlekU5cBH3WuWnclE6vuCKCIe3eFV8nzZVyazHbpQKIwgz79JtzauTd62AlcKTyJst1cXteZHFM3x2mgLP1Mq3nFEzpokcYwkL"},{"x":47,"y":20,"i":"b2gQ9xMbbZTHnwNC7Oappf5AndcvXRNS6C7z0DzlFTzZqYuP9Hmzb7Fe7MoW","l":"1KyXXTy20IoZr4HeR8asRMk1hSQeIkHTwVjsbDDl960rYGCMjojw0DFdBUwK09D9tN8Avm11PRo46sX0OQpk0LhwM4xfLlJZqGiZ"},{"x":24,"y":42,"i":"ac7pobgaBsY2rXuKiNxw2abmSID7KF06vFVRqywjIlXcH7UaTzJSwaJs9YO8","l":"R0wVQvTYIMYJzHWCsV7qoDiBXtpStwEjkTOmP7FjecDzT11XPT2KJrn0579oPZnLDVU97HcVzxDIjH1urgM2y9Xw4kwdMUXXIEVY"},{"x":26,"y":38,"i":"ai20YGpJ81yBTH7w85W3aEUqm8mSG9S9fFiHFZxNKNZnH1jprFusczrdz8AR","l":"h0fY6i3p4wVmE4pL8gIWvJ4dLsqtZEB21JFUfI9wl8ssuYCaF0qNHT7OuvvOKsk3aCCyV7eQSvE7IU40Ww4R3Tj9dygvN9uftfju"},{"x":42,"y":37,"i":"jZn4hjFL0ObRH4QGQEp2iE6EeP7VAnNWdH7URqvzZwSP9eoFrDuAsQGeVNDO","l":"OulDQdit2x2scWtJ09qSNY441GJcjkKFU2XGu14wPSZLWSyARs07j09MzHo6g6nC8d8coJg7mI96wjApSjFDC7lhW2A4EvFmgDm2"},{"x":37,"y":43,"i":"cBkCBeDJE3uWk87qt4nY6NTVhx0xn3AWe7AUGYOpDOEfWfYlugMKX0F11FIp","l":"n7n34KyKXFgLHceD8surUK22HrzrcSu12dSsezGNxceFQMIskBOvEYLBHYtIMBiNqUqzg6CJvkZBZodg5givkvSIUFvH6gjbEWIN"},{"x":45,"y":42,"i":"YAwiyBknwCQ1I5IEx11wcXHxizBXGfBsVUQ17YjFSbC2gkHix6Q3JFUx7m7J","l":"pbudveM5SHnRvdQBpeBPcUqwZj6asJh5fwK20scBfZ6dDbtkOGnsvnu5fFP7ra2NJkNkmkEfOtr2lDAtQH2xx0op5aV4JtZkdIxI"},{"x":17,"y":0,"i":"9nefRFZ2poMq6wiY0aX8D7jHU0vI8bPlQoJMbMk6DhNWE40kTdUvGfc1NvM3","l":"Brfg19KGgXzmWlgZNGHKEI3iubagB095hgBjSswIHTnBT2R2reSW3zYtqiTWqTR3LJXMfUp9jOoiX5fiwoKGatSlBnMcGM7swuUk"},{"x":12,"y":24,"i":"ZuJ65nhPcCI03ayx6jJMtG2m0px6tFuYuULdN76ywqymvyn2uJQTeNMqBSCA","l":"2x1Rn4y55bpijzBnkQuKXcYwv4usPH3kVJHHdsU63WLZ6DTrSnhx1RnwHxFmGy9Qw9pOjArTkGRc4ZC0ROMvFHFFugiWq9GoAWGI"},{"x":38,"y":49,"i":"uJO9mptSxmn1oP9pCDisAofR6v9a0Jw07HD2a2xkfiRc21JkQCLYb6crOqEe","l":"1bmd8Xvtle82JolA1Tz3MGDAkIqlxCmoLJKwaP0BS9fcMFCgDlEExDeipRXxD8XKHdZaxBCZfiR8lZ3WNnjh6hV14F7cqyesFcrl"},{"x":45,"y":4,"i":"LMueYSC0ibqvUxRQtEcVHJ3N823pUk7V6ZGSj1MlM4Jlp2NUZpQaHPDSVNhe","l":"S38teSr5flYtFyiIO0UgrDEAkN3ij7VJmisbpOjgHdLB4YL26w4OBZpxGIDdFMW6I7DzsNxZTOCCYBCtE2PUVdKMT7vZJ4xhxijK"},{"x":27,"y":23,"i":"aDtWCrFtXmaHr0aeDknuYbrAoH8huzgfdB5an7emTyMy35QqHRmfh2s400gQ","l":"rwaqqtLeRKTExFBS6DsSibT8MtsHrFxRe3Bw2ceaifIarSVfmSVAOhz47rvCR6aqH2yvJ3o9vtRgwKDcvfYnQVYkNGSqJD2mgOuQ"},{"x":49,"y":46,"i":"n0QSmIexveFfGcO0jAcB7mR5ucELDXEmvXuuMDTMuNbeIAi7XbGwuMRq0B0M","l":"ysJV5LoVaEkThYUdey7wXcvOGxwAmnbH14Avkc0IQQMG7sSvkPB83kRYTrm0S5OopUh95WZc0AYJ7jbgQfi2lxfwiHQdjnL9XxRy"},{"x":11,"y":40,"i":"R6eGLY0w2pNDhFE6YczpFzYd1EfMNdN61JftTkvLkVrUvB3LIaCbmeRdNVuN","l":"rFYT245BxpfwaaFlITHmIdpt2kDTorn12IW2NQjtjuzW9a8fyOk1SNtBNaJrTT0UBS9Cqj2XyERJHz2sYnm22zdfuzySlcrR6MuZ"},{"x":26,"y":11,"i":"uw6fZygqUfU8NhaMl7sDDGkRfmB3RelzxdlFrxyqpBcueUOyQbgeGcehWxjT","l":"84um74tfWlr8dei6wKoI0Pe5szljpV6uvS6AThSHPqxpceu95zXolciUab3mhGOAh5vYoM3vcsPgwodEjszW0uxCaArzd6m9B2cc"},{"x":34,"y":1,"i":"2GXg4bMSmGioOJJEGp9rx1OiqiyQMvsP2yUtCzrBiToaOdiHez3q2KfopBuZ","l":"PjdXudXnqHKOvfkY9kdCFuBoO6Dc7ezKvUwKQXusxN4Wfv2w05pozCg1FKVoxzsyVLM0LXfGDrqjBE6oqywHinftYcrjDbQSwCxZ"},{"x":31,"y":20,"i":"v8RpcR8TsbyJtC03vgnryjdA3dcT4iVmqlTKeuTM6vygSDJc3QJcMWinmB3t","l":"wGagMX2uBapfZZEWWMlKKcR0EmmcIAsY2z9V0hH7B7kPgl3UNeHAffRnarVGtOqyN88R0atmAtUtw2ZS5nLqEVs7gNPDBCZPz6FP"},{"x":39,"y":48,"i":"fTVZu8HIn8aOZ8uRgAtOaujP97UAAYivIdg6LSmo4YsGjstBgEtobxuM81uF","l":"Of6fcXKGbqNQR7KKsdSmqP9woef7rX1DWyw6wiLKLXLy9Po2ogFA8jGD8vhc5Ebvd8wVXV3wxjvnUGbPtYENRhMwEe4JGT8g1sob"},{"x":46,"y":41,"i":"RVtTqb14X79bManuPsA9m8tey5FgJzoRbNcYZJCZh7yCjbDzF46I1FnY4AXy","l":"HlqlC4By7Z7YI6ufwcJdD8jCcMs9775yuw8sgBIafVADG9EnZrOWIOjwuITgz5QBUsc0EFfKtewfPJL8dnLRF15MqKhR5rayV2e1"},{"x":1,"y":27,"i":"4VdIJAKKU9UAmhzjoRPY7Ua2E0p7u22wcinfkybLvn45X6v59JnSkj97No1W","l":"y0z0EeYFhNnCvknhwXoadPO8S8LH0e2nV6VX2CjOLrdJO08rCEkuDuCvx0MglpsbCesjYqdf8F60pgIud5eNTYCCPBPclfqErc83"},{"x":0,"y":21,"i":"bKkLW5liHQMVECIqidTyIK4E7m2Kvz9ymR7zjZlp57w551F0gZt7Le7gQDF6","l":"i6UFIGgZDEFphsfs4C4Pll3RLW3aBfj5mWJzPv7D5SSXixpvCU0OTIcDA1gHygtcl839K9o9tFlnMJBLWDcng3bmhF1a7cNQanZ0"},{"x":31,"y":46,"i":"BSpHswGPCBAQ83y4cDoAY67g5IXA5l6TFQAMhpC10KelvdSKxruODPgDNPXA","l":"viVb9um51VHkoncrLcR2Y8g8ofbHmhJppaMSXo4ExVrQ4BZlNOCqFwMl0xYbPs4dzadPKEN5CDRAotGRigqXXbmDchPc3X5PUbEn"},{"x":36,"y":48,"i":"WZnG4PlvHfkGW7kOftZahMwLlcRGga7dNOYtVQ8yqsGmVyEaVdkR9OLN141L","l":"UApQAiyCGczRsp8vI0QMxqoew4yOU7BnMEo5c9OQCx9FqzWRpLCpYqQ66Pl6MrM5WtQdxU5y0nBy2Fx8ySwDma2yBEYSv4GLV7o9"},{"x":41,"y":32,"i":"UtSCi7vTtMQBPNelPNedSpLq1RScn0Wh8wTlm4WGixfiexqmIJgjol5IZiMR","l":"Q9FXjg1vwiQXvY6hrp8PXmE4R75HqUi8ScpNhjyFBdcav8bu6Id9ffu90gFEAuI5d3uWG2a7xFz8lIJzechSifcZPqdgr6FDFdlH"},{"x":8,"y":21,"i":"pgs055ZvLJS68uncRc0Z97MSV253HOrGTfZvNYCa32bthOVgE0h7PhUDf2nP","l":"0X3vD92y0d1fuDixx4V61aMj6zOH22JZ7ziqkUuNgAwObJFEr9XTKlCMTiPAA36ZCYpDNDJ7bQ82oWZoujJIpEimoN6qh1M1aFSy"},{"x":21,"y":39,"i":"ICupbWe3cSnegzP1DMbMvi0PazZs85IwBRztNT4wOFwBSHiSAD5hkOPSSaje","l":"g1f758aRhhFS6gvSulnvK20jB1Yq1Qy7f8Lkgrha6mOtM36hH6hbFo4FPaGF322mPR4wneZdOMpHnFsEgyqj4FvGPUTSLiRiFK3h"},{"x":17,"y":7,"i":"xiZo29V2c823GP0tNj8ACqhqoXUV7IpPOnfADlNP3eANSbBfjykSk6rUtWRd","l":"MwN54bQV6qM4nFo7IYKrVHmpjbUeQ2gQIlu5IcIBd82yeXwtN8ubmiUvTwgYqoE1u860aQJDiY8rhf878d1OpCqYJp98UdyHihrA"},{"x":35,"y":13,"i":"yEvH3FaeXuKCyX61WS3HaANnWY1Fbs6C7gMp4PxVkRrUEKbJxrI42GQXaIqc","l":"6Bq2Fap2OrF9M4Yn3envOJKcQChk3jVihqqQoWHO0hc7iRii4ePicT5kFuGQ6QYX4pVinsnoJsOpx7u6FE3jJ24gmUJqcxXjM5DH"},{"x":9,"y":45,"i":"kJMtVgqvvkAjdWnF9aqNiI1wP7gRSRo9GTZ9ae9NEDIr0P5MKnH5fRHJo29l","l":"ntEg2oaBuMSx4otw6pvmFAUVIAzU56HhQ48z8wVpo96NVGcOJlunR0CgkwTZ3YwWw5FM0VP8EoH7qSvqBkntLplvG8wprtc5GxV4"},{"x":8,"y":40,"i":"Fu204ZRdjGRtdXNOWdFtkvt2QseOXX2wMLf6AzJn3zMcXu6KXEdWwjXBoeu6","l":"TXp4R7Cia83VeguaBhilHPgIyJVmqEFSAGNBTxkAgGXlDb9ONZ6vJLt92ncyTmdS4yVMoMiCD0E7SE5IlspEgkL9tpvVLPLrFXSN"},{"x":28,"y":9,"i":"aXxPfjlXYH4uqnQPos1P2XuPXKeJlF0WQaaG0ymUx7t1T1B6CO2JwHQ1J6mC","l":"OHG1UiyqVwv4D1PNfFRrrJ8DTSCa1myFbUTwIy3fNd1x8YjIOrtuGh1f11APYhZHo4PcNsnrsykt7jXQ2r3cssbQ6kcqyEsQWhIt"},{"x":30,"y":44,"i":"eg0oxloObawT7f3zFE7O7OralY8oJqXEdurxkr065TUttNwvHAjq8kzOX3Jf","l":"4wyTavAvtnnCBJBmGHr1dMAjRbzQM4Nmlo8fDrxWUpWRQm8SlFwT4JkPCZJNr3ffCJeZNSJZJMKhzQyKtYz2KhsY1DYsrsGjbMNo"},{"x":46,"y":30,"i":"BV1cvWhA1KW58lmMWKYz40QX58sPQaQsKixkaWMzrmO8JRwcTbUglTY94FTK","l":"24p5ApWfVbLcWJM4Bxf9JkNw80HNx2PqhCN0Ovg8ziFkZJQuzKzeGNHgtLaAjEWC5bgbTgeuQRbTRjwNvuMLOeoVyptzysSKcHTq"},{"x":41,"y":25,"i":"XBkCaMDPeq6lxcMpNLVJeHHg3u44zZgNcykO2QypPfVGXBqNqLWcsBYsgERY","l":"Bc1bEcALjwVfZGqK60JDkrxY2M9aHgktfij0q0LIgFlphZK4bSq96PaMBaMS6qeVjqcNHH3gm833HDE0FfoXLeuAL7I63kIHggaZ"},{"x":10,"y":24,"i":"eJdUz7NY1uiuVT1ofRUET23unMitNJInp9kMcqh0pmHwwJbUp4vN6eSj34mR","l":"lwRiBdZW52QRwBwx9JKOhLhLGwOvuWUPvXUPTA01r92sTodGSvEClPO1QsyEWaBBddHUQVCWU2HzRwZt261kAJmBwWnpF4VRzsdp"},{"x":15,"y":38,"i":"zEQi3CKnfZesdqgQJOlnAHZdTUmye72KcY8MXAdbotWkMrc6tarzd95TnFoN","l":"yuHxPgs5MfcSpFFPVuTuJav9dg9J4DQaz2Iwfueh3WGvivGe9k6eMpqd5wbxHwplokCFZwXMNngfhLIzfsK77RG8dgVqeBIExN9d"},{"x":31,"y":31,"i":"pixZRkvHGAmvm2fgOejqyI1h3be6UteumWLcLsvfehpb4WxbJKvtYNUbotMy","l":"aYNWXdtIYQliMS5vWf930Ackdd3NvOPdlItGVMtBeILeGL6Iv1CkEVgMzIc2uTdzTXHgNpfYbRcPPPSnCEQWj2xaYDP2o2tJdMQl"},{"x":16,"y":35,"i":"3pi8iQTQ2uHfsaMkAvNgFICBOHmOEpUs0OACsZmc4B1p2m1pRkHe7zhRkLFr","l":"JFdIqLi9lyTqaLcnsn27FhOTilNkeYx3Sszqrc6OwsXV9PSn7W97U0dPtwzXnCwDQkuBZZr3A44JyGDm1Y263zolZDlM1sj71PI2"},{"x":48,"y":30,"i":"MkOYrFxu2MO030vH8eBd8x9GUVqKi8zP834K4dMXF1YRebnpF6aYTvqp5kPp","l":"ZYRnbaBQcaQQbGrSNyVizPNeSp6l55c4ft7Vw0bU05GqK3JdhblfhJQBNzZZMPnHxw4VXjQ5kvOU6DLJDjN4ETQ80k6SARQjQOPB"},{"x":43,"y":0,"i":"rUIeOOIUQzS5n1Uw89G5VkfMYUFc65C8SRDNWp7Vsl26NnArielk4v1hvT7g","l":"ySO8SltmbzPJuruTc34TBMJaBNsEJHmvcqvM3WVql7tJM659Sz59WG8CmPyabKXvEPHLXyCKvZM38OfXMbWRZETPVGSLDgrRAmz0"},{"x":19,"y":6,"i":"aZyVjOQ4XDjzSAfJIUrE2Ie30OvfOgm1tVMYnv4u0KkDjP4uiZm6PIQtLz14","l":"98aHZspdhBAuLtAE8YnbcFJQvqG65COsGwmYbSXUu9CuIwurrdqg51x7o334Y4hmMrZK86f8vRqy5jDBFOC7vl0U1Gt2qBnAXjQl"},{"x":33,"y":15,"i":"Yeu5uSggvmYEFRtQjl7zvpPfCUnVG3qzyNu0VCdxnAc9UdMmn1784kVd0mq6","l":"FziUW9dXSvIHN50VCqWK3Z53z67Y2haEaSrzAhEJZl7GVJCNx50SmVfFSsKKxmPQVrJmUFDV3qC9wJOMwRneMlgvHYq0XTLL46jB"},{"x":21,"y":40,"i":"vrledkBlcEzOgGk1pyEpiELzDt8slgSB1dkhlcRNV03FYTFhGLIQ0dHociVV","l":"XnS6lUGFCzNKb2rygiyNDDLYAj9dQvztp1JTEDHfNIczWQO470YLnCr14Z28erk8UWEA76g8abmYR0UpN1xKUyDk7UGe94voJmAU"},{"x":20,"y":3,"i":"JOtKTdDLOnfvzhdwa34A9A3pi7OuKTXTuzspBaZib4wdpm0pskaUiam68QHx","l":"D53i26e0z9vaOXmUvLvS6arf0ayMd1WvTbS9Y7FlGBWu1lRQHL3NIvFKE3WWhb8RALuCfejqeWSGWGdnMIikUm69fcNsv8f7Dof3"},{"x":35,"y":38,"i":"KcLl1AihL9Rj8jCne5ZrLMNxmdQAyQbaT5W9OlD2MFyCtOUjXLhN7UZ8V8UV","l":"pa9tuyAqO10B97UWYlb0sVqsuDOIaqsHUuWeNkMsJnDV39CXgdjoQIFul3vQW9NIbkp5qpxsfBXOAYZMRqZN9518xfIT8nPZ0GIs"},{"x":45,"y":8,"i":"pyMdzFQq3xePERlcQVEekjMTsltKVZL7mUNPmLDy1MHDrRmbB0PpZPMWs4zC","l":"9kfjIeAYsTZ0KZ75xm8kreI1QAG1G2HqxwyCqlNzrxB34b2An4QPghQdyhzk8Q4WeBC5oeALN7AV78AIHxwbH7VnP8u6SqoWjn4S"},{"x":2,"y":14,"i":"9YOGBB0Mhfvi8NLXbSFEjPmi6I5aoaXgPtjINqsLGaozT5efoE3w8nlMcV55","l":"GK6bpKaAuBCxzql9BVpE8ygxiA31pUy4YMa2UMAcscXRJeM4khj674ASxXJ7cC3xjPI7QyeBd66TtrUN4IdzpiIdHx1zPUtbaDFn"},{"x":35,"y":6,"i":"WbBXkmTSrwS50bE1F8fpcRCpCbU2JZMX9zQmiL3ioih3M3rVOS1heU2VvVRL","l":"KPsbIVeJRoLKxHQGJG69IV9s9ebcGTfxeWxTRDgsKcexwtcxT4Rzn1kKGozzXqgV5p0TJKvbERticFmnfjI1eMwiIk8damYmw7k4"},{"x":49,"y":48,"i":"IKh5DTtRbEJ328dWtP3i0rWKd3vyc9LxAuYuODlHB6LWA9TreGNIBEY1YUt9","l":"QHMI8E9OvsTPL2tcxrdVofgyWcWLVEFtSxvfp96IwJUy0HC9R5KIkEbUO42wn2LRk7uvbYhwmtL0R6uCL3vHhYtpaJVcvdRUyDDn"},{"x":14,"y":25,"i":"Y9c8SiAnRZwQmdbub2QrX0WBf0UIxTzj3W8dxpxxabl9i63VnISCzl0B9T3W","l":"7DA9DpPy3DZT7cIdhiNimBIRYXmY7KQsRlgEvqEKhhQMD3sFBn2Z6162y66unnVThnW54tBzd4rhBqf8ISwJMU5AtGj0IJZI6isX"},{"x":33,"y":9,"i":"NUrMq4Tqp62RPDkOC33OAgUvmliv7giCZww1mv0knnVEiHJRx6zDFFHNpCz1","l":"7R6e2YEhblcrwAxFJfMG49m9b6hJV61sRkEZaJ1A6kEV8j8p4wZX1HBbyXbOg3kEQQufwIZb9mo1BRotod6Z2L6xCSOKheSH023h"},{"x":19,"y":25,"i":"QvfiSwtIS030I85T2jedYLeavTHCuD37Ko9FGvVmhGWRopcKsZsHyvzxBjza","l":"Tpkh28Elm93ruPgU3weKj4C8wALMHpLZXWs5o8smJCb7ChKL98xXMUR9M7ITds7VgXI6PsgZNzKU8Pi55XfqgKxK5po4PSgBs8lU"},{"x":24,"y":46,"i":"FIzio1jvydMUs5q2kbXjQ4QG3UTxFXzPCGIe4340R7dO6wpDeyeuT5ySLOoG","l":"G3CiMMs0nByp0BkLCNvPAtDLIOfJKubhpMRTGequtU1hQPideIyxrj0ORqqoCHsPjh3GNVxszqiNgqXquUQ3cTDzlZnwbSfTzZKa"},{"x":45,"y":39,"i":"JaotbazISkDNDlj0g75750ZBHhlJGfrnA5SaJkWQaYo7fIwtjm6aTXaDUR0s","l":"njYv5vSkRXfJX4BssOoqlU5z2HevvuE5tYyjkhM2CDOsCT7ekTh2AMMUuMnmFONqTAPHDEaS4YCc8mYBWrG7Fvqc2pcGt9J63qTt"},{"x":14,"y":20,"i":"Mevs99MRmTiKRgY7doo1KWEbMnZ7wa7OU21pCrWjUWoXegpskINsOYavx2sr","l":"z1UQOlzJmmg3IaLtqCRszCkebowCWMrqpbpuKaRNXvhgX07HxXgiMyDpZFqomiPZ6g2iBTnugXQIed7TmRkzLmt5OnENz0mCqfRv"},{"x":23,"y":17,"i":"AM9LdGlPNwcijDyv5x9WRPd6h4qkkSsS6MAVsga2uNBuYXEewribcIQxeAWj","l":"Pxx21zldc7V1kvjSaPHMogY0Kg4SxI3yitZnTWJWim5sLCW4KOnefP4U0A6Awe19LCBSeFQdVsFB4wCunvSXR8OKweL4pS4kTvHs"},{"x":28,"y":4,"i":"7ahEtgFenPJ4ygKgXwD8wsKjQRfHUG7OtiT3gjExfL5txQ7qKbzfDLwThWSp","l":"2enwoE006qIUHTEtVu2ZEv8gaDBMyjsZDlJbIQVrzgHI21PrTdZh79FXfAfhUDcbCDA9NNtazPmCyRyuOoTTQ1kCyDJUiyRBW9i7"},{"x":17,"y":6,"i":"4xfWSVYhaRC7GHEqmTy2HsMap8ss3rjLKpet23HqMNr4QOt4zagqxtzbEBHX","l":"JRASKyQpdQOX0LtVKZlZwQnKNIS3pok5RepbWFOaqdQlH97oz7O41Yd30Dv2IpnkQSGD6SxiN6WlvfYYWihufX1gjU5GD4uDJGH2"},{"x":45,"y":11,"i":"MVwVOLxypX68Gyp9wItzLf6gtL2510kwVs9jZkGwg7NrfjSxZ7bZY8gajWNG","l":"yfGX6M0IyxPFOmNvBGbJ8KkuNzGuqDDuxyNBfndt8J7vfve4jDt3b2agqEAzjKQGvi1bC2TssbUUot8NOasoQHvtSQemGWlzowog"},{"x":34,"y":29,"i":"7oiSCY9PJKlImzJMUkmjYS9Go3MIVWM0drzSdeUD1tTVIJZ2v7mfgX7gBXlF","l":"IKjj268KiIhi3RI67MrQQBynNb9oDAv1TIkU2k6wt2oJ14kL2EAZFxjlhXNWukyLNvAPzPXexUARAa00sA723N6zrwSNEDm5rQkI"},{"x":9,"y":37,"i":"EyyaQzJuBUeHxyPEnrV2020CF3R4n5Q4O801unkM7CFU9JrG81xGehAJCDRA","l":"LrxIoeHonvRzdUXP8VYrXulseAR7mZVW507bmH7IvDMNURHE7DUJPCKXzR2TXUZhCoeZ8IlII2relnsU1aDl4IaSHMRAS5z8mO1X"},{"x":23,"y":36,"i":"8o4c4LrfnyhV59jOgvn1wyDjRIQywxOVyTB7mKLrDiBSfXTa8jjZDKxcFw2A","l":"y0JuIfNezIvfxA6fjqzxg0rl70OD2MsqrYFn8Glh0SGy8ih7T1A1dLmFBdgtlvb5nM05B2raDtjR0aCIYZX5p1Z03aDkBR9T4Xjv"},{"x":33,"y":21,"i":"W6xNnK4fPRcSxlmx21gdBXeTXnG3wijOpn4qkjQbOsns9oC7WTkCVM0Jsz2W","l":"RvLIPkiSM4mhFfMfK3VDnzMh9DE6QshVjRMR5M4rf7VdCXY3yXccVLEeHP5nSmYAiI4ScH18isbSCQzV6M7KTTHlJbkqlAu4ldQB"},{"x":28,"y":5,"i":"8cPWxGk8zke8PuHVJl39TVSFIcNtgNng2YmRpoGMUqHWjczv2gEkS5JTVjoW","l":"pOrfqcCHYI7iWtpCQPF3iYrWLnAJdDyi9BNsjBngUOo7JIxKCnsC9CFL0VCxyQT9T749vWAzMrRPLsz08grLQGYe0Osfv0Agu8la"},{"x":18,"y":44,"i":"Gmj4sdmQ4ol7OsxfhTTZFP86VFeO06iz25g8BphgFFP5fE34VuvOwxtQRkLS","l":"qASLSnQUDDgWeL7wto1WEZSFmPbr4KmEw4woUCYv8S7EekpayiVlRZwUn40X7UkWujFIcGqahDzHzMUhuMtTWmxo2WN7Z2gDXeCN"},{"x":36,"y":22,"i":"wY1hFBeJWToJuFDrNRe56pwaXhn9Bx7U5ZFOp6U0oGG1WTi2bYioYnmjdIes","l":"gI1zOMQPkvuEnVwNT2vjF5CdQEyaJl7T7qAI6i1jFO5ExikBxwokkNvRMG7YuGxtvGye7epOEmvzAFaZO99PQATz5tO16ofkqKgZ"},{"x":31,"y":0,"i":"nolMmVC9BNmXaoXh2sP9eWkZ2seZd4goDMtS0ljGkhWX9AszZOZPD82Yu0dl","l":"h8wEiSSv0w2SXQuST0W95lBzbw3bx1V6Zu3GnXiSz3QTHcPbp0MuQrUMkFLaBiWFJsSKOT5xwx4DOnrRGdsV73S4faCsGH7FoWD5"},{"x":43,"y":20,"i":"STAiHsnQyP2ZsmZNBalJBigLBgLFhqRSvVx9HTFgE3AbE7vuGg8XxWc7hQaS","l":"wyLaL5G1ORyZ1SNx8I3xorySHVBs0vcdsxO7O4OefkuvrNQVN6RaClJbR3WidP7m3qrIgB1Fl4UpBISZ8lLAURZmE0ZpTILAuoLw"},{"x":11,"y":47,"i":"Gbv0BdSrux06PvhLiZ6RjBcVv1dG1pfpZmzwQoGOkJuLgecIum8uyMr5bbJa","l":"UxvxIApThUdE7Jw076kjffS8xGEfAhtb0MeOg8eLdHq5IGqkmfrF31iCEvAVZ0s4c3X6Kth91GpD0mYMqavncOwpk0Xe8RS5PyNz"},{"x":39,"y":39,"i":"5wQhIUNHQ1N9HHSifIo8CjS0P0JM0eriBIengMw7AXIv0o8i6sMADHJTuS60","l":"TGXUUFHOJfedifPWaaficPJ3k7j1CxdSM2P8LtSnyMKhv1iN71UN6jX9wAiyyEPNXxDwfckLCjDKDhc4ByovhQK8SMwUpvHCozvs"},{"x":34,"y":38,"i":"u1m1zHa6fz7X3pRkt0xc3pwNQoPgvu5qFrizQCO8nTD9PVlMNq2OJulVC5FM","l":"lnADVZI1i1sWiM9dRmLXgaCw6UDfPm2D5YoYysXf62nwG61GgSxJt0BBoG0kUaJMZjsU40qhCJrDMQHAqnfr2z7g2Z5YSy8XX5z3"},{"x":17,"y":20,"i":"0uRAzFHX5boGFKaf5c92dwvl9vw2lvNdhlucPgjAyrRpkskpiQdvLHWBi9gE","l":"1PJdfiRmnxAb1MnySTbmPNSAPXnKRmltpOEz0QeIL8caaNVopKlNlEu6s8U6WiP74CjyYkiPFfrcou0HIPDwDwJR19mPrT5zUydz"},{"x":10,"y":43,"i":"PoDIe4A4l8S7HQa2YyyfeDuCTsfFF42htwoPjIILvXVkLWBHj8AdU348MS9p","l":"TrippH9Hm9dN4WnaDfUFGYbdjaI0TuJi0K0Zbc0qoejC64wJoBgp57aaZsZheVX8UADCMJFeNrFNogk0Y9Zhz3kipxhlKnpjon8C"},{"x":37,"y":36,"i":"lrgd9vmREVFv0RNDQWMjBLCqR4nSH32sWTChdABKkM2q4iprnpJN5d59pcYW","l":"T85TJtSmXtRje3jYYZGnWc7gyvLdXMvocNCclwCxxBC6mhYHsDv4mlBPwCLTa9ihrmiUenr7Yt4zcdraGGlqf0VOUwaeuOvWaH2T"},{"x":38,"y":32,"i":"BPoqVmjAOIyhOsp7KBmzkS7MgDU7NfoIn3dWondetNMGGmOIzJjjTBDm9oMi","l":"Ehpw6clduvbdkDw4OjnM5oLSMvTbQTJhdfxm2lECxvsOUUWUrBzqWfqLykafyZ8D7itOKOcMGKvGeEirs9paFCUZIgKBAh6bMqBT"},{"x":48,"y":21,"i":"89dHr0drPxxWWOfbiGcXCqKfVm4pizuhri4EmWip2mTKKPQeQzNLgnoqjs8P","l":"GRfKfAGTBjzI1pF5HMmkYAvCCOxQcGqMdS8zT3pCstR8ypVnCRXrqooioiYwoEUTNIYgG53mGeiBOLz4FpUnbQ5mxlHS3AqcgjSE"},{"x":0,"y":43,"i":"SXRYBHyQw8Lxxp7bMw91ckpxj6fTtXB5bTlGQZE8CdOkqNlhTBk6JfmxjPRd","l":"fAX14e0XL6VnwDp2aU14PKyLg9cY8sMWEhjwvhcNawZPYSM06mw601dIq66Ph5y0iae2s4IsMCfWVBNvAw1JWJpvK8kdgGgsb790"},{"x":44,"y":32,"i":"gNgcP0ifT3ydPsd9Sr5Jl6KajjPcQuwWw4q0uikpwNYHNBSok62EsEO2I0Hc","l":"7ghrI9v4ejT5XUiEBB9LAdTjiThupGS9UdR8uIs4oqTq4YscdM8CmvGP8Xtuh1qVmmdqzp54gEBTzsXf2miVo00KDU3qfdn1ZfIi"}]}