{"results":[{"x":33,"y":10,"i":"g6G5n9XgNnx0XRVd1miXgRq847MxaEQVfixvpmEVrlvjSgOTiLWnpDqmCLgS","l":"CVUuz9oB8rr7MluoKejdD7NIeuv3SvFFBtVwcJh2eF3AHo1QkEXOcvUt0OLbN2v7Cg2lqGZTflD0juq9oxVf7H5XjHOTg78wmOfL"},{"x":39,"y":8,"i":"7ZDTeT3VQsQNe5U90x1nf96WbtYqrIa4rYsJxpngEqXc0SYSBDH9AazDATam","l":"KVz2yDlvnorwDmQNhDiXBLyteGmGSNWAmmgVb4boMvhfKyFISMJ1eBY7RpQ6sofZD1JWkSrvWhDth8EqlRoASguM4RKM6Y8pY4qc"},{"x":37,"y":5,"i":"DP3CLsVzOguWTPlj5S7hGwZfFbKPrSw4REcku4HyvDJFZHMnLWCHJRS3bAe7","l":"OS4CJUhMKPmtm54lkepPnXxbSenqB1d3gePMD4UMhpBgQI9XIPcUvrNB0O2WtuFRoFNWVHr6o4SDIHFn86U3D8OD5M2ZQhiAC2VB"},{"x":12,"y":47,"i":"DhYQkBvzvFV8QSRjjeiUcP7EZvWK0WMj0OGODSmtstbzfHZZoXFw5BQcwWiR","l":"2Oq2L7FKRCxmKgnvad0fGTlYbyBFiMs856gwI6TjLegM3P0nbAzuj4bXytazy7piCs3DLKDbMPnvu0550BRWNYg9bX1JTMk75aZO"},{"x":36,"y":22,"i":"Pyj6CAc1Mbv0JuV8zhs7fy332mp6jDJw0OFAAvRwZc2jdtFNU8uGEd9ocqTm","l":"ZbEGEYPOXLXaxSDNXnvwCzgPdWowKf3pqC2dWnXYhwLlx8gRTBHcM5WT1zmcVolA6WISBRTtMUbPPAj5c3Sz88SZ3ffFh4ITNYdR"},{"x":14,"y":10,"i":"22bjWDfEevEpfca8ZiQ4vUrJ2L0kSR8BcjlOabkh8H3Y1SYq8S6H8YGnej5u","l":"mq3hhNLhJffWCPaZyb7Zr1rnYmhMwHTNOT34qjQhcqFu8OqLa6KmL3RVotnOhIFAjFpcc1p1HSKZatvux11viwEyy6DTIsbEVT4e"},{"x":41,"y":34,"i":"W2ULDyNHDZX54HqP6U57g8ABtGuaaMg7XoTbKKSlREgVa4LXvOaVAbaaN34M","l":"mYRUwaQi9lEID5qBVKpJJoFDbcLinpWHxuYlcjM7ikWIQWgucKGh9wMkfLIZ2PZbe5qpEV2ilqfuBMyOWslFU7a8DRkKEAOqQgP1"},{"x":35,"y":6,"i":"aTcfVuxXKqOgult5a3pxa7FjKlkZgkKd7CDkgvo5HXHQg84Vqmpf5GBkbQAb","l":"RPQet9QEpDaHwDdQHs6QxaL6nUazDht3DVqnsY1FvF2YLT0P6hZ8BbtE0K7bCPLacMgD172QVsclGQ1Phm2oBe0S5B9ZT0pXa36f"},{"x":22,"y":32,"i":"3u0GPbqslk5tNH8ng5Jz7re9degJSc7fRDpIjdMZPevlbtiIMKumaPXwQCAj","l":"l9wcAa6iSlRyFiNzrY5d8YQhjoQ9yOxR1sNlTKHGXHcAGOZ3PoNsaGlijgWCZdPFkeQXycincB0k3vfNApnrnf0caRDAkoJrvqya"},{"x":35,"y":12,"i":"jmVaZzCMwXReFSBS4FFBICRKZz4DdOhkzE3zdxYePYSSgf66MxUV3Mve8cnw","l":"yuS7JiEIB7m3XfNFOmxbH2uqcJeWDyu34sjTkhZJ1v0mfgs44PBXkMSUcKuW0YLhVEPIy3ZZwdzl0sqaOtUVfGVK2pQEZJosvqcr"},{"x":32,"y":48,"i":"qr2McAkNp8g2RzFKym6NAC1z4oF80aV7bqClc4D1jmx59bVkfkzwoi1XtBlk","l":"podEgWcD8muA0EhS7ZS5j2pjL4grTRZz87jI0tnJJcdyfNcnS28ABLIVasRJHsjaCo4GKgXTmUWfRff6XQE0ggNClCL9wlmN4C8V"},{"x":39,"y":17,"i":"4OKG51t8Kflxixp0NeXb93a5M78GF8rx6nTeWB51FSughomFVvzAaUWeV1ld","l":"yt1ikrCX8bbraHRN7KCsJ7r8eObmialVnqWRo5iSOaoGN9dNufsOmRxbL9xO2ljECY5Q0lRXxanFYivD3kimeULbi6qisZb7B96d"},{"x":17,"y":26,"i":"lDDPkqUzizOrubGH5b4W4qeZ6PmOB5RskNERTgcAEIgzMuOxbpsWr7PYsbz6","l":"oevsDwpGlq0V7SyRSyx3eu2lB0hF7zl8NikImiszUKqGUBzkeoloP4gJtSS9ygsuzWjQ2R0wwmFjkfO5raDMSZGVjVUEyWupIkTL"},{"x":44,"y":25,"i":"fQhEAWQlYtGMM59lpvA2MU3fW6DjHQvNhQRK6UBxBWwrmlIpk59RyhOyP8ih","l":"MhHzzBLQjsMjSERdTuKdPGGr0ilzmQzQNdauqUwQ36Xeepf4VAkSxJ0uGK6DwtzKXUAdUHJpVwnWchkKqtVYaAmUDjRWUlJck2Z6"},{"x":2,"y":45,"i":"Ob0f2saCtCIhQewKHu0w6EH6XKOwecuGsaeViLNHtrFFlMvVJdDFYYm8Zwej","l":"HG2tFxd7RGRtfSXs955BDEOhUUlpYUaHzbdhMcKaJ0U3Q4eJqsWpI3X3ldc8rWrNc7YPHQ5bm5U8LEgHxIn5OO5ctzwgn1S3s56d"},{"x":20,"y":7,"i":"r1TgtMiWdj6wk3OBHn6xHOE98BOAB6Ij4yQHm3S1sk47AiVYLdVoz0djafEY","l":"Fg4oIFZuzxurS3QMtnUI3YCafFpvqyveTp0HsTKx3iLvhl5zgDr8JSbpGtchB3BBeFPCyuJHanLlx8J2U25A1voJ4hqyksjocuPk"},{"x":14,"y":5,"i":"dQDezLXd5CZwr5J5eiBv17oNeMZWqQ1X6f07cxKW2HeT8cyB5hsCj912UmyC","l":"4gr31MYlcf6a3qZHeqD9WMbk7cfnLrlhkSvPqYavHXsl43bJbtXY7VShMTtbmcrY3tXvDvhix0DOMC0YDYT8QdnhsA41b2lUzv0k"},{"x":37,"y":21,"i":"kHCWPf9dSxTM9YHj2l2dF3ZPg9F0emCEJKje8pCejP2U3oxNIP6KkPiFSoj7","l":"EpIuaZOBsToKKlLJ420yJAXz0MASaVw8H7LbY8L8q9lMAdZ1SdzAQ5tDfx9TmXnw6d9kkYiSVe1vp08doGMLjbFQ6srVMY8TQjMC"},{"x":48,"y":0,"i":"eZTkSTqraQKejJfetizaGCdi9Q8ml4MXwfHx9F7ChUO8mvy5OhAR425p8FJX","l":"8S5tbNKP6KZwvGDFBrzeKuPzdBQyjfiaC6BS0UzxgM8Wnr3aiIFsp3olpre4PzpCa9DDJ6gU6BcHGhpWSTEOw0r1dbNAscNb5uez"},{"x":2,"y":47,"i":"bqc5LYqixI18svabDC1TSpJMs4zliaXRbfUvG3fT8MAB8SGGPMGqQpjgA6mg","l":"5lHKklfFAPBKt4yOtzb3coY2SbcMcbmfRbATjyWF7A0zRc9c1lwNLjSQlPz25JcAmN7gSAmxYIhoD4n7a00M6w1bojFr8GXqn8zi"},{"x":42,"y":41,"i":"eH4D0cBn42razEYAzvSivIAXr0QUcDUZCtK52TgnakDLfg4MqFrNBb1qYIMF","l":"CpmQnH10KFplk3kP6YawK3HCVEGZN5Af2pfxgv24felg6WjrwrhOZYO2JsTFTiWuHWGR9qY608J13kTpXnuT1WeLbIi7nXiQmUSB"},{"x":22,"y":34,"i":"l8IaGlNttDdxciKhRfQpFJFcrvMFTaKMeSZe7C7Ak8rEx92LYTfrpqG1Gjrf","l":"lGI3xGmD1OgjMpFDqFnRMmUnMhcYkD21vCvAYM7FvDOV9EKGWqJD2y9PHoGRfMwHW1Xw5gSWYHZOxsqlQrNWZPox1xoyXVKS6OIn"},{"x":35,"y":16,"i":"GoD6t4F8woU3wIws2nR3PjHpX088epyrTj4S0wYTTiZJ6adTauDWOYtyL3IB","l":"YSs335jxRbM5tXOEimqfz3G967Sf6HA056Nk163uVXXR4RjFLr8WS00hYEIX2PAjoIvRw2ZceWYf7Biy6OeSqQrc02wyKUQic2MP"},{"x":19,"y":34,"i":"T2NSSaIKdU1eBt7Jfns3pYUfLto9SKAAWoLzUtQyhMEKTRbMDQiNGCoAS3aI","l":"0KQCKSOQVPXcH3iwIjcGmv4QNxtUVDyU9kIcCjMTQh4ZeJ6xORHoCzdOcrg140fJ7o2y38ggPeYUStYdMf7dVdbVTyUFPTtoSkkk"},{"x":33,"y":29,"i":"BRxZWVg130IDHLefAVle3fBAHPU6JpGPnZasxarEdn4KLDX1bS2v1C8I723f","l":"OMF5U9Eu8GYakiazICFhH3pYTVKEM6RQCfIjUIo8oMNb8RimEnlhChWiKi7XOupE4yMxLNPBTTlt2vhIt9VPxCAbY1SD95NE2QrW"},{"x":10,"y":6,"i":"3nVHm0no77fob4TtyV0SFfhDdcXAmzaS4NV1BQx863zILpoklkWYlYI7Bsj8","l":"AyfBwdZh6fdPLKe49NzdBQf9OKOtwJDg7kzUKTHY7MwdwNyLxY2A1DqfvABCxYQVlLNtlGrJQjITsO3y71kDqyKakjbKmhomLQyW"},{"x":28,"y":23,"i":"WIOQMKXfle0PdvZF29oi5A7ovVyRIv9k6PYvf61pNOvWtBEZ1RCJDkljoDfF","l":"aSHGHWkUoanvAYEjKPZIAqTxA2GiA1vpHBlcvmVXKH2Ecn9FTu5bmMnvz8hJnvtPQdhRSyhEvTsnjpG8vxh3dLvfxsYlZZQ2oBEA"},{"x":32,"y":12,"i":"ssWlrjvqWtx8s7Xa037du046odGisa8GWoQH7RWzohbphB1YLxQjv9I6lESs","l":"IT9fesWg8zt19Rq1IuTlRypof0QeLCg6Ys5Bn1LwDVHqttJZmJuNr6OPe8ZC0yT67zcrUTnQTg4zklK59PA3drISjxwGX1voWHQ6"},{"x":38,"y":14,"i":"P0qbl6LVNzRF1GcJV6WXgweEuOO4IuURbwdJZDnwpA8ulA7WLxuZ3ys8vs3l","l":"2buTrlsB80XSJODp0zdtN6pk570NaVnDrZ2GGkdqTtfNVphXgzpfB1highFx1Ph4etuka6nccAiCyYS3i5IOC14Yvvn6xODS2H9a"},{"x":45,"y":20,"i":"grYrXb9cpoK2s0AxdNa3ehSvdQpEilW4JVkw6ucZ7MFzJGnmMBZvekLFRSxN","l":"T8zJt3BHYTJlF5czAdWuiNkLZmz1EpHGlOeH6xTZ332NdJ6rYvNZOb4serQuknyYEYVcBSpl3y9DH0rHaDQkQu4lJTc0mhua6byu"},{"x":27,"y":28,"i":"cTYjWN1PFdr2jRUSFhZa3eKdDmfVLaZQIAhxABgwLdeHWjvGEzFtKSF6bqcy","l":"U3mssOnCuVsm8EjmnHpz8nqlITBFs18J3g4j7rIREhqTvMiOL3J1Fx1VeBuCxSPYDvstpjPhbIOOX5OT7npfY53hpxudWnuzjaQF"},{"x":2,"y":16,"i":"IT16HQPocyHgGBOrSwHDIUAAEaTJXlmj6PP8jXIwKMGiJ5UR9wPB0aDjhyyG","l":"7KcYQv5rgSyS47Ijqsh13l4HWQlfv3m4xph0DdNfgJqHrBPzGTWBwmXyWjLCRaXNN1hJNkDLN4ORQe2UXChQs5Hy6NM2TWtsKFUJ"},{"x":15,"y":45,"i":"lYvMab1JR4FkrgnX0oZT7gYt8NRn2q0pg9RQM8gnmI4CuWluUadsvMQFFDag","l":"DYjsz6ZElZldb7sk8SiYrOOtLb1gKYqWJhqLbbGD3IV48nuT8pQ6Ebpk7z6s7mAqxwqyO6ZLdbIWbBT3X3GxWUDbCs2c0R0iToOf"},{"x":31,"y":31,"i":"fS88amE9vknPhooJo18GjgbJQKxvoIJz3UJPizHXiXW2PukB7MqUMhRp5KNX","l":"b8HFHeFVmp0h1wyAk3VyGtuSGZvF7CsH3sdQbFSIC23UOzZUXTTUo7Mwf1nk7YUtiCThDhGHxYEO8zJHnYRXeygMtM2YUSc3THQ8"},{"x":47,"y":5,"i":"WI2k5styxh8LTrQFfwDWrE8dHHC7jYFsAM0TmKeQPkqYapw4F2AfYCKuEbQJ","l":"LTksaPEksdYDzbQQQr7LSaAMXfW601uplQcCXs5PTb5cxGruEnD3R11eN5ReS78d1ZxquHVyPx8mNPNqQj5rlzZ7d26DEAVtJXS8"},{"x":27,"y":13,"i":"jZF94VI6By6Kf7fMdUCVFEWz8dFetcga62WSbKeESnkASoHUs0LHVI3fMMjg","l":"x9jUmZWpKJRNNr24lyNyAnBASBrqmDpXvwQG7650d0xYyZGsJTNQRGFYfsAOozhMeOf1AJJzJGJcsLufucpn02GNoPAhpsnHSyuI"},{"x":4,"y":41,"i":"yrtGop3vyHvj9pxBJvBJgu74leqMNRcvhoAhYCEH14srah8uPcTGkhKsW4bt","l":"pSoJdIrAK2Beloj86eOcylanilo0sbvTDbkCDjKeVABj7vfB71FfJHcUmErTf1dZxWKNaHlEaG3s6n1pQyYZ1FGFsYSU3NaI592l"},{"x":47,"y":46,"i":"qirBS8X8hJ64kdS4tPrkwZ0LJOdkqy5NaRTVVYj6xD41DJcWKBF4KPNY8D1g","l":"vfWvRSnef1EZGN8f6503AiKqPL10YZdULmlSB5tJkp8Um7tjCBHn16pdHhgz14W1gJLi3DC6M04tLmT72zChDxEg0iK3VClUETnr"},{"x":2,"y":48,"i":"fOTwXZPXHTyWuLiN6IIgIV5JPoIHBIotDoyPbfdKYDBGpexL5gV6Pa1ldpac","l":"jDG62ESUDkjHMALxkosDVb4q4AB1Vz0D1njrNuJZwLJ0xOhWlLqJLsAzRWFPufOdmBqDfdc0oTGPsSKTL44Qsi08JRkhjVp7vnrA"},{"x":44,"y":9,"i":"jISkYdKsBRdIPSc3Np0wLFHYVkHl7731HveSRFrXHfFCnH7CPvIvn8AP9TJQ","l":"Tbn1rws2Z74cIkJv8hISFQZzZkD2l9H3mLrKXnSth9EqPVZ9vGDQqPlJuJyL9XbEpg7lblelP44GmpVn3KZRnwOPHEMx9ZJ7x7Bl"},{"x":6,"y":14,"i":"PuqiEJzHBgrb4eXTx01f5AhmGRCZgcLnq3NcYIjt9ThQahW8LptIM7EhIyKi","l":"NeomIIJY5heW7ovHPGxNnNk3DhPqD8JD2IgURlx38BtsFwWiCSPgR81HuHOyveOmld4qJWffwgXQukNgH7eBKuyRM2PDhAe6YzgP"},{"x":3,"y":2,"i":"NWSJuSfAGIrwN0D9NB4gnJTAerGofjn9UXipliUabpS1bIyldKTYi6ZC4BkD","l":"cWmEqsjn90rMcuXu3yOguTCV3bqHKvqWBUaoSkUQg0jSaToUkljwtW9AGfkIy8hq4DybsgLwPJnyt9xvfe2RnVspQ93LNNpZfTBc"},{"x":11,"y":45,"i":"wPB4JffTUju0H99TUDBQFsTJV2vEHkTzrzUKKnrd9mSSlUbe6XWcqRezRfgm","l":"DUAF6n9Gfq1RvuW1fxxUb4QiFG4hdcQUWtE2aC1gj4fdfW6lZiqAkKxUWeLl2HuyrCPgJW6466P5A85HuIAOqyxLMm82cGemmNvt"},{"x":0,"y":3,"i":"uhCTU4InXZnNggq1XyVU4YgjtmuaEmpNS7Lvq24njgy6L0RpeByHhvlZM1gP","l":"kGciuhL2vSAtXRvj6wqui5EKA5faMBzPWkuLf14fLQ1hjofNdSSVhK9mFSYb6m4AK6XurjSI9AiWrCHustqD7Jrq4Vf53MbytW6k"},{"x":5,"y":49,"i":"ct3MWsAJbhGjFcUy6NRBiCfToS2vhgSvllgUcqac2CZqBWrOCUvRXXqMMOpo","l":"qFpn5Ef4sWKxE06aeh9qnNGwCYpN0CYXJs4WTXHhSVKxAEx3UOlu8V9jn3Cmp7uIo7qv4BXnP8ocvUxACoi0P4zs1H2nTGPj63ql"},{"x":12,"y":43,"i":"c2Bos54jxDWhEYoGbni0KapcqEnrSvi9I3sDTUfn08AtOq369dWlerSFxcom","l":"AP8J4vEIDGazkkegtFwKO7aihIRJOwClDAtaNaRrHnED2BYJ3aJadgBPdBhpI3sFOM3C4Vym3MIMKwomFRmhh9650l7p40YVSsJy"},{"x":22,"y":14,"i":"VbsTO2iip2ssfEhHa4e3PterRTEIbQcMjThnkQlVpsfDJO9zx30xGSIfOn9W","l":"zlHluVHaSbPMLL3yhUmxFAvLSrOk5W8Z8uJec0j02qLoHfXycgCVZGlPI6ky9jQOyAOlpwF1MzK5YjPfjV3tcpOyhrwH5yhjBIEQ"},{"x":48,"y":27,"i":"Nr6aVtIAwZZANMAw81yXdrIXGoKlfWDk8JQPIrgSCRkQXe1Q9mINutQ7ToVT","l":"MGsoUGa3sLbEmX5UYmgN5dYvTv5G8SPsie2pvxdqeQl8Dndbs4xYeKeXfKRpc7POsNpyTSm9YCMQ7N64mzyt01lxKBT4rshLMxIn"},{"x":11,"y":38,"i":"7bqx3APnPoNuI5hIYCSPkPPFnJhprqZp2CuB5Mg6RtOpCGbmTWsjnpKe06EV","l":"lZf6mRMB44tVMu7TFXYfQjvmUg1XzDWT9ndz80w41qS9uQsKnxvjnKpQVr1VtwYez0ZLb0EPMG0CQjlQHjgJLiSJgxLrmi4ClNZi"},{"x":39,"y":18,"i":"quRQfPc6g9gGbc8kZexLcuxjM04OFEO3p2GwbFdUcb2jk2stQgv46iVznZk8","l":"7Tvt1xASUKOT83txAfnP0BxJ67GXyUQijjCjeb0oF6pUdXAyL4b1Nykm2KzTYu5WcmSQN8MA0Zh83EWqwDLoAvv2d9n8RsuyCizj"},{"x":20,"y":27,"i":"Ste4D943bJJ2AUI6k3huyTnt1sLmzOduGo02sFNtKQNng1j30eDCoIjEnF9M","l":"Sgw7KMMhoIxk8bBGjOMuwu6jIqiRv0hBWyYGL4oTJ71Wg2VDDr0jBkxVYcqCBiKpFNeM4C60BUG0N7Mtxr36PfMIS4J4gq4LS7kU"},{"x":6,"y":43,"i":"t3tiCSmEjzERid8W47QhPLPGWKWTIYtT4R8eRc3ofNvncEIF2YZSy2EwuiOD","l":"3ExRIY0JrlmVosjn1YJAv3eSSHjkl3RnWQr7qGbx8fKIl2Qa2sp8sT3VFACxKvKCLsC08VJCENlC43ouV7ItWn1aLMWCfaPKuHS5"},{"x":29,"y":24,"i":"mhu4Q6cWa1YhMeDz26jknu3sb1CUMklyFBJ0SqInQ3PKlA7aPGuB7Z5q2Fye","l":"U5V9tpXacEbmOT6aRNcg6yGtLjCbbkJV7tiRZA7OjggCid9YelY659QPJYPifZdgdwL6C5sfzKkSzIbp9bQfj5qqfIZio8davz12"},{"x":16,"y":39,"i":"EiEzEwG5GjcS7RrLHzFpXFMzA5rv0de4QwzlPBZBII71MgfhsBC91d8Rri1a","l":"jIFqGLOpTAjDIXMLhO4J0OvPJOcHrlhRgbk5rtqT7H7a4Rzpzjuyjm0zcNBIEXpNeVcLf6tY3h80iEatjDIj2JsvqmQ6VlCnMjsN"},{"x":15,"y":1,"i":"sHHzTI2ZrnxTs9Bl49cB66AMRQKIDs3wueJSl0ZtxT707YLm1ap8gA8XsGVf","l":"gcrbnOKs9kZHFa8Y5vQzG77MBfY5wJAxPMJYT6uiIf8fn5QqvLKNpOPDoj9BmtwHBdAavzWtKyvO0fboIyAeBg2Mdm2isxHLIBRs"},{"x":3,"y":21,"i":"t4GTxnA5AhPCzdH3wL3IFG7vUfqRQfrqECrok0BrieRAwlaBw4ViQDEzg1Ri","l":"HXcXGRl1r9cAgRdAgnnbBArKHjnWfsUi4zXIZXqtRWEQyf88WcWBG832N4OFNS6geuRNeQTHvfvgmJs7BQNoB0Ku9ItzAb7MZwO0"},{"x":36,"y":47,"i":"HrdCkr2eaaLxxyATSr9jl70mvCh5U7ryv4KYxPZ202kPa2aCQ7gFgao3dOmi","l":"vYMJ7BCBJN7X5kRE4MOYU0VECnK1McQNjPifUzh6oxMBxQCUJ4NemmXAQIf06L97QgpwNjHtsA5OVAsSYztBB2wi0bblO7uDhux7"},{"x":42,"y":0,"i":"zQZVN1DqeuHAQ8ekQVnZiLTIBVaV0vjg0QUU0LrctXqPyQ3XRWSUhOve34C1","l":"JsxWHwCWrn6j3HrCHNZ86hpESqXYekAvQXTxLjqjkTEZtrh0xl4FyNDeG1HIFztCz69Wft8zncKxQzeO0twwyRAJ8hx9RJXOGfXt"},{"x":1,"y":37,"i":"jcuazOgtirTkl9ZV6rH0SgJrg61kDwqwsA3OKQmQjDNpcynVdh620tCzqCw5","l":"11Nsk80Gn1FcOfNLq0ujdunIQ2AWDOHbMHl4IRG9qu5pPswdLp1CwydXbvEMKvXCgetrzC0oBhaqFCN6GH873Yz33TP2Gff2eNNL"},{"x":33,"y":17,"i":"lz0BK1QoC2v6PXhRZ14rE1twyKfJLw8FBCPHurhlPLsXtNFkCiNPQkJtkvN1","l":"LR7LON39wKSBunaehvJFxGzXZ5NswgtHk8Yut9YyM8R0HroJPyv8iWmdkIjpCHqY6XOQGcleGi1cv0HSEQrrksSicbXQ0RVcfWNL"},{"x":31,"y":17,"i":"GSxnc18hvpWKSZXqVsLOQMmUBC3bs5iqvBlBJhvm0kIEn2824b9twwuD14nI","l":"azhxe09g8QpHVQllLFByQeRX4ywlpFyyAzzCezkLYSTpWjb35zR6ToDIxeEpYKftZ2UJkZR5AWhZOMPEZsl1q2wV5kue8QFIApzf"},{"x":17,"y":44,"i":"fCuIYCJeFyvYisklDcrmgBHA4lwEEitkWDVj8mYdLaqxiEhCzJVAcQdoOfAn","l":"1KTUVhYmLkurcCzM0msgG4Yky9iDMt747FpC6JQEYgYmMlHiQusDsSIR6AJxVlqMMgrB9SKCG2zKHQVSq97x0Zx1W510MRZPFruF"},{"x":27,"y":27,"i":"mzX6ZAiIK569hlvyh2T4bM1JH8If2VKVpVowMWhDkGwja6TLLn5wzXFzVaXk","l":"6obH2i1gI9NXzl4JjsMMl58x6IPUUWbfDQ8UL0APsGBWOZ9CHM8yVsoXnovVKCpX8WRz7J9R10H7F7Gb4ezuXUPuO8VNd0IL1sMk"},{"x":43,"y":43,"i":"brNdHIJEuGidQdE2Ijf7GSxFy7HqdnaMrkguMcBRjYyNtNEkx5Bu4JQpqCSx","l":"dblxXDq9331Z4qT51ok0w2nKJaUVIkPM14wda5fFWg9BQMjdUo0VfD8br7emOaznThSV5F6M17tSxNwlSSCje5Akj8qfZ60ln0Dk"},{"x":49,"y":24,"i":"rEijUvtURSAFoOVUF6T5waT81PDv8ZlUtaHJNibkUniftSm5mEBNtNHv7mcT","l":"ddshgQ6cnZqXq4zLxk8Nsmzih7QGtSLvQruAKQoVz7wN2Zm6uhkBrpj5aUmgHLuGh9blgY5k0C7f0oYUvmkT1dhArYtlVV7OsYa6"},{"x":38,"y":15,"i":"Ri6K7E2GiyOTofYaFRK5Qnn5KEthYCofszRZp74AtJ9MmDFHAHkTnPN5ibYi","l":"eBkJURI9QpioLYQkdTwd54eL3oFaPPF7MqGVpICasBXG0GyojemV0Qz6IBVWQyjhxR3gVW6GCIvZT3eorWlQ0TSbt3fo9XBN0kMR"},{"x":5,"y":41,"i":"0NxJjif8a4SsuJHk0uIzu4KCprcwh6LocWZmfllQEHOInLaZnCJY9oQS4ySj","l":"iCV8HAPiiwt2jWkZz8Gf8Cht1RYv0y7ovKRTk1466foMKenLhvERg7yY0cER3aSZDZ1q7YmxZBupWRNJOuPo7LCLnRvaFrx28QVu"},{"x":37,"y":13,"i":"czlDtMdyDyNwBSLtyyjkPiqYFwY2LFyttDOKTddedKeM2KwNGB5FKnEuq0hl","l":"O8WvlMdyxAoJFxjaeI2gb0arhmjucPGxTssyV3LnzH10Q2aGggCejPUzcToCAyk4foiadDyh8YBxd6XBJ3En3lNDgNu3D0r9en9p"},{"x":47,"y":27,"i":"aCM40RnuaLrBVbJgpDsqrZSLdLGrhiMaRl7ZoLzKGftECaFZ2yCuFBQM4rqe","l":"J1mjAcCTlXEEXbo759aHH05uiEfWzj7wbQLyClQfoQOXBVkNUGWDaFQECo696dxvICPHjpfzpCS8baoWKnfISjAWFSyI5WKS708G"},{"x":2,"y":32,"i":"e45knJBK0PmtKEKFQoCq7C94QmD6JUg6LbkSTPvFej7lF0RnNkjbKOK9yTcR","l":"dDUBVVwjhRD1eaPKFqMVzBM0CPb9gpmkRjmzIBWXNE4JS4gXtVfzqWqpPP6IJ4JE3ZOFJN2y5Enf3Me194cvo4bJBzWbX2fWj9Io"},{"x":19,"y":8,"i":"Pviu7TL0mfmhlJ7oJQILGWR00F87KLqwZttBi75W6uKgOCR3v5XJwgea1Pmo","l":"EK4fi4ZCWwFgPwUebF8nUivAYFWpnRjcJwTUDKAg5erBK42vFyExFjhoKvZRmTObD9svwFtSiCLkEJjk0woj9LL3hueT2Pm2SDBT"},{"x":46,"y":22,"i":"U6ZjnULEvL2b93vtKT5ge9wuPZKSmcRQEl17YJcCacTn9NZLMc9225uI99Se","l":"ZnCRpEYAC6HPvg8ywPa0iSnThXC4okQYT8K5PbqBmfQwLGY2dgsR2sJMvULQVbrW7C7WIqK5Y7gq8wY7tmpKCJs8H6xQjK07MQ0J"},{"x":6,"y":6,"i":"q3NoVuiFrxZh8E3sfQKmLKEe4oqtWYwubQBKEkuqzpv7QS0zh4ijaHUXFBki","l":"WHTOaHtl6RLPflhSgJqIEvaeXQr81SG8cSEXKzl1ijEjVglEgkGHZ7Ds40B1TcPBl39hL9pfEXzEolaXJtPRRCHPBnWsY4WsGRh9"},{"x":6,"y":45,"i":"lN4Dsu4bY8F6SMcD4HOPttKYNKLwA4TdsZrdOzCio5jb76DnQAspCwQP45hc","l":"MhIk7yykia1aB08BkGlJABcXHtZD6YmpiVoriXY9ckx0PhYD8LFgpAh4zeq5KcMN9Cqb2LaqDAm7Lxw7E7UDpk8rRR1HAhDtBLTH"},{"x":25,"y":39,"i":"5XfSd64Cb6VfiJfHngHZxWDg3f7Ase6jbjs4toYjjcLonsuoaU2YO9hOrxnf","l":"8DsfrLc5zcj36bPw686bK0WE2UNoIUMWQ70H8JKhJ4bFyZzXtG2kuK8PyhyD1nESbGXXVeFDiJZyDI5DZCBTh11AUCiFi6dx8pbe"},{"x":28,"y":33,"i":"QVr2jMlqelQoGuFf2aN0XESTznyhhRg6R9oI84azjXTZ3R5her2zMA6XyXqa","l":"Yo7E99rI3UW1unEPQgrhzC2gB3uXHRSKFf2272hiDr80QiObu48Qv1LJ4s6ujfu77PGx0KLh4kIIV7oNSp3m21yjXSKsNIMhBnRb"},{"x":48,"y":6,"i":"rOLZtbAzZJUs9yKBcGmDLnFn1VjwtNm0aZhKP0q7daW8fkasTfkY09u9Rybf","l":"BjXPrI6A5E7nkV7VhlTxZzHOqlX0H2cL8yuuEcxjywsd1L2eI3Oa2FuNhkV7OlIG3VvNl9jXfsybs4q0ke1ZuDu1ZeE254msa8zE"},{"x":0,"y":36,"i":"bw2tmpSuYywlt6wq0ZlRkPXA3RsvMSquVe6OrsUa4i7gp4PyDxj3Ko83yDCn","l":"bidB6P7JLBkplKMgOPiQeuDoSrDGwplgkvbPp0tezqk2EYl71CIe89Zd1NNGXqf53yCM0vkDSqq3S9TFGSGAFgghhkQsCOD9UK32"},{"x":37,"y":8,"i":"2D8FxzjkuQ9gwtn9LpwlpvfB55XXoxEre8ZOLxFKjREQlZgXnEDQ3Kl8vxko","l":"gMmzuE5VgTVXAvGUg4kZdOyARFIF8ygLqtOTj0a8lsUwuAn0CWmTmx44JvyNbXs6bl42GCQzDuNya8PZylrzYf43v3OGsXFUGqtP"},{"x":38,"y":31,"i":"OhSty1r9t1KWfTE3YKb0CU0qwOyKmAAp9uDpzNymRKViA9H5hUvRPKySZDyO","l":"Mf5VSDcadyTRksiWlqnSj6L67RmfNxoLx5Bghq3PjXu8OfhwJZ6hB0V6ZzOZqF8Rd2EKrK7XnKUXMYHMqHLtUPqT5tILjZGVjIrf"},{"x":37,"y":12,"i":"mWESoCKxcFgKH8G28ahacSR3NFubb9Q2ddg0ZYmOn6DBMBWSFnBHi6micF9y","l":"MzAx10O3afCXl6MLXNqTOB8YyXp3fMvEcQY72Rql34YRHjt73ZvYiq0skAD5CG9el9ZbS9HlWM6Ei7NJHh4fmstRU33ZnkXdfc86"},{"x":7,"y":42,"i":"YYZcSvlk1wp0uIYgMts6KzCIT6SmKKZYmT7xKQZlhoiFU2CPzVQYjhXKmSu6","l":"xvsMTsUhZWchiCQ3kIaTGM8WPZ6cTQKSfVhwVtlH3vUeoV7o6CVC5JxNsZcwCAywYhi1Y6wBEVLSd9yCURrNFaCHRy30Pfo8AgaR"},{"x":27,"y":49,"i":"MmSxGbGXdxTmCEeng43ZBRCuXBXMDu3yY9B0Li9sMGXJIDnyiTJ7fkC0ZU5t","l":"KzfX29mbYsX94X8aHWIwpxis5Q6HPhpQ9ytiJCgeD8ofV6Vb9bR2L5ZrivQ6doCOoT1HO6KT162QEC7FOvwBYupSnhJ1isiT6SpM"},{"x":15,"y":47,"i":"pGnQGHGPJC6KQ9jMqZuv858rfqaWNELu3Blp5lguOiz5DVwUSR6eKWPx3UQ3","l":"latSvdPmqbn2T59EE5OYZ5vQbN6gxuijFEFmR8PM2wfJFK1aGAEtEeDzwxzVanxvhqb4VX3GVzEheOz7WaBDmk7m34gnVuMYY3nc"},{"x":4,"y":22,"i":"KZJqet5yYs2FMl2WU6MSMtcH0qvxVVxJxfsxMXUNNveH63QISowmDo6OL5fT","l":"qZ4XqUjZzB4aMnwpHqzNiLEpelYciyFSPPQ5W4jJTvrKICT1cP5Na9YjC97TWkP1VxepdebH3OEg4md8xEqHHT6RaghehEr863hC"},{"x":32,"y":11,"i":"veptauXOKoeLpkWaTYWYoKeiT4D7C8xKAlV0JRHRKnXEMYOgM5kEMcEPDxxa","l":"mxGDingn3loumTb0aZolmA0ptuTeT4Hvq0cJz4DnQQq5mEIzD9gTixRdYIWlattCPWjHhz2bp2U5LTeD2PCTPTRVMmIwLWO4GLE9"},{"x":33,"y":1,"i":"geuvGXSz2B4ebymXmBTUU36vun3Q5ChzOlodxePWpDB2zXtIQLlK0UGkyHUv","l":"hhtoNGwpYQAjKB3yn0oCeugVXAHgJvbRkKjw1VtJUk2N3y4pu0rKPH0lYHQXyanQI2njngvaiMlWvXaip8RVJ5xiaRR4hORbIC3A"},{"x":10,"y":16,"i":"DUZrr020aeX7BKNRyKrnfSKwBZmFEWFTAEn9n1A3Hz16Baxwz8wAAXS9DerS","l":"5XI12OFpkmLIXfwDnaEDvVvGVUTePGvKkkw0DeGocIlfotci2NsBNwcT8T0GrzWpO3ZVEQE7mXpMt5WBNJNlGiG0HmeLoWxSZjEG"},{"x":26,"y":10,"i":"SxVR6T8QaAJ0EXMXqAtlkwUNkeA3MYTryW3SPDA8qmWCUPRRT0w589WDIOWQ","l":"8qEn4mlnwz0umO3Nf2GbB4mNF8YENHzdy783F4nNRGMAMvf1UfvqfC0CxqWuCAhS0dsDUWaLWx3bPTuts1QtraUguTpqLYlm2zey"},{"x":34,"y":13,"i":"mgPqJ2UKR0AOpYz1dKeZc4gIIMNCyHRHYqNoM2BZXZIstpYmnHobz7DlvhPM","l":"AuqWi66mK6XNn6lBv18Z7RmmpowXAzbtqDjh2R793yw6n60LbtPgW2fPcLQjJF0j5lOnmkbhHIkM3vkStn1qKyNjggfdDtAlpWeZ"},{"x":33,"y":35,"i":"jvfZVb77bKLHoJmKtKjHh79UbFHCRcR3vIcGQ6izaZ4yKznYhZhHG2TnSTLh","l":"z4HsQZizMAOY7SUMdmfV3lBVB7N8lt3poZcA4mRZcLH4ucAuKUtHLD23NdyeZMVx2jfZHJuHj7biDLDVyuUPA5iciXp6niQUCmUG"},{"x":18,"y":27,"i":"cicFCuxtG4UmgFA0794eaKaxbSeD0xPEfh7A88wg3VvAtonqdiXKjiWe3mHt","l":"RcC7WAL6FaPwNrKminRoicWF9EkAM3omVB6amGqO7QbvrG6tVY16fNhQLii5RfC1Ei4IWkrgoXhiBeo8PHJJCgRTFQ7dnOnp0rWa"},{"x":35,"y":20,"i":"CoIICt4a2zXWEbPHzGplK6iljtkEbQ7rG1vN4AZNDASQDxM6rJXKRpp0OSIp","l":"Eio4wIVMSjDq9agP8cVPgtO3Y5LdYFIfVRUbVgwkAuUueiKtuUHv6EunoODJSNQ8sIOa4PjgHrNBnXczySTZPIGMTsAE6uf9sdfd"}]}