{"results":[{"x":44,"y":31,"i":"yE3gQBvqfsA3cifXxxuIhJjlSBiG0yktyMDCfgKevtrpEx2pE0izkSXwb56a","l":"xFwxVHmJDzIXd9ICG1RCFGM6qC1LanZpytBDwbiHLYD9FNTo5gJVXpPwhB6WHtQpJSWdOf4JHaY6tFPHiZXA2tQxkT2kYF02Jvvm"},{"x":40,"y":25,"i":"WEDTp8SMW8OpU8RVE1uB2JUnAENTGFIEYQVAqLinNgyUHUmPIdNkYOnqihiQ","l":"sQRhg1bNIvlndUyO3JZNi0AJEOaLSrdpknG88wfDrRIts3iMmN6YNXSsyOtGsFXDONypq9XsZCcvBRvaHcS5GldQSZE6yysjIbWt"},{"x":19,"y":33,"i":"H1c14EPd4RbZF4a9BFTBBi3ElNXiovj4IBUKBwpDfsh72YnxAaKARdxiYW9N","l":"3kWh19guf7xElcHx90GFMn7LnzVjFLBAtFKI0AmPsLsCDvCESJxO3MNNY9IF3nxxvmbSPurZlGVv2pNNpmdk92QdlYPd3QI0Y1OE"},{"x":17,"y":45,"i":"9UZfCQvOs594X3uQbHzctN2sr1F1SdBuePBChS49O0BD4iswYLxXKemtH6iG","l":"fYMig382gOhlcZWPgVbx7VC4KiWcomPFB4qgqmoEtmlINUhUupuadzVCApLJqnyB1ihbj0I9FWYxULyBECHCCgNdESwHBHwyin8l"},{"x":25,"y":45,"i":"KYqKftPmgtrvT9PCYBmgQUH1AH3CFD42aCBDp6IGKPBYit2otZHYQ6GGEv0g","l":"VbxHCevnZ9BGYvl87BIGdVzGGH8EH2rC62USNMNvEeWl0iuaY3qsJMKCYTEpQDxsS2aY2SVXIQBsay0vNtZjyhMEvEhzOVslyDzU"},{"x":1,"y":40,"i":"LZ6my7Irnp4lvNNhQuYqEoFlu6ii3rSlULWLFtxIn08EH0Ddm6QsNyOLw5Me","l":"eyxsYdnuNIwSp2fI8CDnw8vMURAaOsw4xCofO0Tsse4LyKy8N6rT1mDUKQGyeyJ7DdkzN8e4EQRyBcFNt0lOGFo3BqrXDOAr10v8"},{"x":38,"y":11,"i":"q3XEtfy0o5j7DolxyirYVhDqCFpQoMAgfM6p4hbgZ3hDkxI4ZwyBb3IhdxGu","l":"5nbTdxpQBnawgpx8dP5gRwnRbJ07N9WEnKw87ooZze7cGElwnerZ5lm2As4cPMsVgtY0EEfUz9UTv7oserlNFAkUKqQCSQ1WFdVH"},{"x":17,"y":25,"i":"Qo58VC2IQ9JPsQ6eRZIs8fJgC1bgg48e6N71zapLPy4aZj1L5G5cX69kU1GU","l":"Zaakg4kxvHKAwaSlRIimyfs0p6gvpKGTk2LwMHKtJ8u7zLUyDOJcy5HONC6AP5KE0UEei3AYTmAvNVe5ED4S61tIjQBakuo3JYmT"},{"x":49,"y":30,"i":"lWARVpgHgFfZrU5bJjSVODQek1riFAGX9A7kk8QjBh7nN82Fk7gI1dFmIRn1","l":"e2CkZIyTMmVkEDbSezQm1t84HRNNGfFZ4SNMpgViWpkqy74m11E0ThaFJ8zDOO9b3SV7tlyBvfHL7lRlejX3LYLFfJphRoXuUHwL"},{"x":28,"y":32,"i":"DJeXNDYMesX94IA1VqwsuoLeKLwWzO04CpM1u0oGPKXLZyWIs9VMDU6HKGMj","l":"OWCbLUhtY8AVfMFvDMrzBZFR3LnVlw88EOXekXTctw7KmKQLgnBg9czCW8yw66sjJ0M1cymDyHeHUwQ6Bbg6zoVMhVc1IwcuBcLZ"},{"x":21,"y":46,"i":"jm5fC1xWBym1s7jupg90VwWoNPct64qE7mzhlPCGtbH9Q0J1HRgega9BxgSm","l":"WLXrIj7vPIKNVb6D95fD0L8j8FeSznAVA5I6wefFvuqV04VOi8oPB3xq2U4ewIC5HR1MdVhuNUt8bD14CwBkLQJ6SPFCj5FMmzNE"},{"x":20,"y":27,"i":"u7JsByo9azxacyquJvJrtZEXYC2EazAHP50cNs0CZyTSzp7HMuL25ISlUQtD","l":"ZiW0i6RRzh45eULwEeNudQhJJT6N0bTtRqEwZ9lpGHKntboS2GEEoAedQmu47bW4kKB9awiZB3ROdm8E8bSo60uWl68NT9s0Opnx"},{"x":10,"y":5,"i":"PCGqtNffzz3Hp21Y9zC7TWYQUuA6FJHv74190eqmu6meYAIKPAfuogmkgGNi","l":"ZX11mr841uJ7eRktonmrYvv04z7GR60gOofatVDiTh3KNHch5rUe6xI04aOOgU0XOs4FKWuTNSa2O0xRrY14IcglYkotQdsoGskB"},{"x":8,"y":29,"i":"0UDebnhvpBDLavgOGHaMBE3Sfg5golqddRVULRzlOXMltUOzqCpsKxSiSpOi","l":"J8cSm1UFB3F6KDqCA1v90vO6YApaPo4Q5E2kfgpBR5bEbRU5Y00cNYRXYC8o3SSoxX91W3k8rLdhl2Hl5Xq8a71wYmQUAxWhNCHB"},{"x":30,"y":29,"i":"yTvWzAck8W87cngbf00GqPGmf37NGd3nkfQGrzR4WCMvniPSLobh6waRd82J","l":"3ka7Ja5SbIFUWq4y9CVCPWlekj49V16KOT1SI8Ysjk5bkxlwqkFzAyZvY4q1NRIGWQEW6h1AAW2zPdGL0H7I9dHI99zXvrmErzTC"},{"x":13,"y":49,"i":"IJTVRaoHRATzH0qQVwSmRDhf29oZ84GvhdfzAIdqX6VVMT3RqhkLpn5THQR1","l":"0xVpYAvrXe59pnZnlOUHa9xUOstKoHUBIqFbb7q8oGtVSQ3TzV996iyoNGRULPUnZ5LwddokfKE1sETswwCP5s4gqYMLscocufpQ"},{"x":36,"y":34,"i":"VgTIfLfqoR7G0msx7dMtqHiNJCMcSYNUSPaNGE2vtWTHzuxudPug8RZM4FUx","l":"StbWpjDd0U7hiG36kn1aWGYo8JBzOdTYqmS6HgvUopCdBEn27HzLXwEXMpfmskROcf2VdrCMBEesjEokX3Z66zM3OhDPdGSEb7LQ"},{"x":41,"y":12,"i":"WCU3X1OXdhQ9YgX9Hek1EGg0KRQyvEvjr0AvYoukuyWkkRYZvRguuHIR9bqv","l":"qtbrtUtzJyoiASjAAQbR0VUzXLe7uNbBGeGMltH8dJ3lKEwr9WwyMwe8lT3hfuiku4HJfcjuF8ZnZTwgn1M8xplcDGQXMBa11yE3"},{"x":22,"y":46,"i":"Be6Sb4lXUberzxSPVlafV3wW1MwOm67zMZgC7hk0loGasLfgT06nsJCtvk6O","l":"LTsEquYeBp8JjAMkT6XCHV9zSq4XmlrZX28mIeiO6vQTHmt6qY6V5mCSJOUyHTKUeyOqrezBlOzekuacP5VoBgPmwJOZqQNUl4iQ"},{"x":19,"y":40,"i":"4pZfQ8JZfxPr7sTkilrDSdMByi07Bycly0SkNSei3jVtO6HTEeCUU3PtJSl0","l":"MAdsZ4smkTlyIgEpUrRCvEVmqWhAKbq0Cl5bp2Lv7VFLo3xHTMehzFFfG8eplbboAMqCHFj70usc1mxhhwgCvRIsMm7Nk6KnYMMg"},{"x":31,"y":46,"i":"85Lkgu1VMDszC3qXBy1BcrF5infAMSrJ5vdqJulr0wdWk0Z43XIsixLWuxFY","l":"N2PtJE1c0ojbUs2TbdiaBAxbVfKLkrNUFCvzjxLZeQQzw0LzzqMqEzlZVqHsxmxJjCFqGhC5RYb5Zjah87GQfKHGL4wykwoa9cOg"},{"x":15,"y":32,"i":"7o7QpqzSlEY9Hl7DO0bYqDRggVJpcUlMW9P8q58bayUB7vVcYeBUNkTvJtZO","l":"XCgytj7k8m1bjN1FCs2irYgRRGo4jIazX6RCsj4wfJ0zxZWu6UDCOx0CG3Z0s5VlMOXXVoBBxr6mKvO4k6cKM4AkR1s3WLgygMwO"},{"x":11,"y":45,"i":"2WaXvEIohz2SoVg1Ym2m4ClaWWqr6tJJlxPHdeSTtngMFAPMNZtBzcnRMcvj","l":"zursQf7lTTF1TTTVZbpFQni4hH26RGtbRphk67ZAEg47R9T1JSmKzmStgpsAANw7144jXSMFt5xb517sfQk88J8FnhvVtl5lg5g3"},{"x":37,"y":45,"i":"EZmO0yA2nfM7kRyTuL4mnqD7dhKLXIWE89Uqy0jLQIfrMDy52utLqxty1Fd6","l":"xXzc01PlaS3Duhx8QO4BjCv62PxncjCbIRCjiaXQY2GuxHqZvP4Of3GkVX9uMm70a4NFVkJhow4kwydG72zgAuyT0Sf0oamA90xz"},{"x":22,"y":29,"i":"lACjOtGUDYNLZxCSp1Fk7LigWjpA7szx57CZXEaFVoawklEzDQ5fpLs76VIr","l":"PDYgKoHtRWKTItZaKATOfVzo3Fc5lEeJYuT81iU8KnDBPtvupzzQoZi6TVuHr04WDVMblCX0ljrMwTCFECSef8MjfiXw7XVVezYA"},{"x":26,"y":2,"i":"8k5FZzhRngP8K6FTnxqDmEQXrFWCDxNVInQHFPE7oPdcEvWJR9XqvtWVjNs2","l":"2L9l2zQ03URMX7mcsQ1zKQ6cqY9yn2EBNNrxubN5DsdvMtDKtXgoZCAUChIf1NEDUtOPWuZZIGxZ53hIRJtSnJBwbUpqwyqeOKRr"},{"x":43,"y":2,"i":"ct8EHfMEJns2dgZHGSxwBlcY7anMR2Terdr7GtTETIbjV7vjM2Mn1RDALvdd","l":"SvJOb02CXWb0OziqttaSv5zWf1fIRAheDR7bIYDL895woFIAnH4EFKGMVFLojk7C175ETwa2s3OZUo19fKOYI2BQTE3VrriS3oK1"},{"x":37,"y":30,"i":"Z5Q60Vo0x3TKOJbrzU7ze8ItjlN1Sc9Bw9hT8hiQ29kw5vvtHiToEDGz5Bsh","l":"djJeddbxNyKg81OC5JJoEAxnGR6HiikApaNpBMqHZXNkZ9iUqbwJeXsn6AHYmeMBcZ6MdklPAJXShv9XYlqSciEIVDUGxgRbybbZ"},{"x":41,"y":32,"i":"YgZ4eglW4sSrE4WPERw0veTLxYcW5Wblc22V8COgsbDrjSbdsmHlYUfcVLz2","l":"bpw28p4YKGQ1ojN0D9mawNc4ADafvItRB5IsBzTX9EBaiGTgRmWbyJL75bSXeZPCMZUqwmka4tWmAvHDCir3cqpROvgmVmNjPFk6"},{"x":42,"y":9,"i":"Ysml2lRZPLk3b0T7SiUHmbJ91EJncGIXBezh4mtPrLwgxjmBIFyvaZMTx1qT","l":"TNjvwhByeq3UQU7W14gRHYzvQVYIRAtqfwZMMEhYCSEWgDN7cegq193PEhcVFpaImx7aBqbfm6Ci1jvMcEaJAVICWD6AQQOQ0HYY"},{"x":25,"y":19,"i":"ilFDws6Num1BhPcEVQHIsZZCR4PhkGwuWwFWqHftwOrgfCrSYPUTVkoQ0puW","l":"NdMGZSaXNdidOqN1rUE1HVZ8IoNOVre4Y2yn76xjBIaGcu5btVRnFbz89FLxA5mwn7ZLzwmetcYKtEXIQwpP6xbTTvkGAOHipEjP"},{"x":5,"y":20,"i":"sk8Q5rfQwy02Zb6X58OZM8sg7E2e2f84NBp0hVaOvaXvOBuzjM206VDPIBSS","l":"IMKg4PNjDJwJuvzPIDwrOozcgKUnNAWOhjZkaERbPDGRybibyZe1xSkaR9RRto0LqJc1SM5n2eRjpIEihY3PdMrK9RD48vgk2KuD"},{"x":41,"y":2,"i":"aPsbrsR61QuzsRiMNSmrsRbe4KsEaLKXGnqdR8rXFGbiUarUGnITF442DZkg","l":"gXE8lGL5Dq5uukVJjQMbsHLwrFk8tGoppQ3lQmnkxeLqWohxNtZPrpZFeUxOE5zdLnJbenrehE3gY0Dx0wCkU1WdIhCUOSxbVm4m"},{"x":23,"y":33,"i":"4fAn7R8JUGzYqWgSvls8qABkoDBnnznwcsbkvMHOpcnxarn9kcghjbJhccga","l":"IOUhcsIgiY6hUnge3pIf9mB5Yy7AKjxgQSQ2BW6gNeiEWrAn4gl4mqYhWF9yEzQRFVjgwLHmSp5HHD02jhzZJR718TvnCPkEOS2X"},{"x":44,"y":13,"i":"voNwNd8dbv3kuiNGaaK4jl31sPKuycAaxAoQSf3qwZ1a1KDypC3xT6yvT0dC","l":"RobTrf0pADBLLTQSu8XdKX7HVeTjLhDoK8ScOGg8TGbsVPCqCvP6C0knt3YQl9FFmhtGVdTrZaJnADCrWS9PKI28jYPFQTmDQ7it"},{"x":41,"y":44,"i":"r5wJRJtxqZCjhriC2oZFD74TZirFFPwHR6h7fvZXcMYW0V6BkXdWK3wL9VEs","l":"rmFFP3XNcw59eIH0YbzuUG2Kum0v44mPtlckrlczektPqeiyQtsDW2IL9O80vKh1uMoRCD7DIVjIj9jV3uMozSoh2IbH8rViAnxj"},{"x":29,"y":23,"i":"5jXmJk1HmUAuqfff43fz0FQQeVNxGYA3zZmLfEMFHGw7TFqTu9XE4MxDzZvy","l":"8EdJbyRKzKPYIDrn0XuDWih8eX9AiMge04Y0CuqBJeb1NIhWkliBZijfK1WQku6zsBheofBlKw4kBQVulrZ04u0P3qU3Vjyhz3k9"},{"x":13,"y":3,"i":"caCRBOC9AGuSi6RDLe8c5kQldulmOrOpi2HqVpuBVr1dJrVBVXvKnuDtsTqM","l":"1as7tQyw3n3BMkwckZyWcfVyXW8PwaAfjcEUNzwsJaPjfP5tjmTDKXd5UQ7iWS3nWlP1wVBlUHJSzLP5e8i4vBtrtQJUpHyC1yNF"},{"x":14,"y":43,"i":"SKMghjh2vWUfZgA8Ua8iRty3ng4euC2tOOXoWqWsOWGVflz0ruiqf4IaVUCf","l":"IXCX37jwoIfzJYit6k1h0jCpTOtviJwFRDFAV0exHqxuIG5zEV3qoA7qyRAndrY59b7u1gbNbSQsBmEkJNPVH8iEE07iPxEXhO1d"},{"x":20,"y":38,"i":"lkeCQ3SoF81JmKPAAtZwZEw38M1M1gXcLs7cCvvrOkxJDl7yG3yTrpf4TIl4","l":"qdWgMUtpmFyt6BtIIAbBiNgSFa2LQSJGo3G4nXrmpSTztuX0nbo95LjPJuVfKgDqx0MSCg2NjEMeiDc3mLz4yM3ortdg6ko1n5u7"},{"x":26,"y":0,"i":"b8YmNCygNp2dQOzbpCULAmFrfTeBriUxN85JQhCYfWJVnknUY2KkrUwa8iTK","l":"oO0SpmP4BXTPqgRcCitFAjVCn0YcECkvsr7CxUEkTSrn4sSldt3CmwSDlT4O9TzY9ymOkanHK0TufW1eLSgWd2QByqC6xdnnfCIa"},{"x":49,"y":3,"i":"NlOEiUhAMtlaQrVPtmaXhjMXRNfyjA57fZ3M9oOWFSk1UnfNpTRF2gSF6jRn","l":"8TxWnhAD3HujOAx98N29mD1sgvdK0EpJn26ZujLOLTOsV9YhO4qs61fa9MqSa5gB5PyLZN22iT8r7OzQJIMRDTWKXzMoSh8nniMt"},{"x":49,"y":43,"i":"O35QDRfoYuSwqqI7e1AL30V5Fei8zR1cR8a9S4pQvLgN6bBpRvld8URRNXtf","l":"nvbZrGbFdCdmG89I1ah8MV1Fz99yKKe2qTnPIu3YN3ccLmoKe0HoxIOuQ6qWOb147RgJQoatUKTJeV3Pbxc85AZBiAgucjC9GCeg"},{"x":27,"y":44,"i":"Jocjh05ebO27YFiowMIMhyKlHeJUSCWNW8s3wNrouhGfuTjcU6FJhJaU1dn4","l":"B7CmoyXj1IHzV88QjZR3q32ME7AvnADDwThtcLrnc7ikpnB4MCHF2urXhiRCCySjaxNfcRNDXU72zHhCbWDM69C5bSjmvkPAvTbG"},{"x":15,"y":29,"i":"VBzWNxAYPEF19nraTtLRtI4F7cz0PdKs7iOdDgcw81ON31ipH74NazE7SqAu","l":"KZkCk7gw68UbxzKSQNYpMRiYcrO8ugXsaxLkiWD3eI9UNQQ3bssmh7jr6SmNcqQW8sqQWrlorU5nJYg1No2PkIZF2zcR21RlTtgN"},{"x":11,"y":4,"i":"QxTUhvc7HeobImnp43TmYSNkUHyOw3mSf47EtKIUMj9gjOzvRnGN5uQwWXFu","l":"w7dDzV91UEbde1BdRuXjhPDSExVqpxiDQH7xaHkSI1ObVWXiJ2BYAMmY2TUjozcIbyjuhPmAtkrFTfka1WYAP6W0dCGlwUZiQilR"},{"x":45,"y":15,"i":"4KKQQ2ZKuc0z7xoSQyceDW6EhPLVQynUAsGAu7iUr76qGLLoifLHqxLJEwK4","l":"dafRECOB1XsOOQCOiYMHngU8iKeZqbGwHZpf1Z3Q8rCsgPYXM97bX32anu1RcrH5oG381UlYsQb1YOZv9VwL9P7w9PTFY1gqDPVg"},{"x":42,"y":22,"i":"AmDnKcXVNuCJr2Aj7MS0PB18ZUPnVTYwYPGZa7o4jcnAq3E9xadrkX3VD5u6","l":"HiM2l2pp9jfjH4wiVtSnF7mEoM6pstHGp36j2qJh92WnM1yCaBAeN1c98GngCpnTdaJH8GSpNo01WWF9vb0RRaeu7HiIsxDN9bkJ"},{"x":35,"y":31,"i":"H4z9p36KPDGS4P43jIBtbQmKxo7h0cgorTXwpKsRkNpd1HNUVPZuHHCHCB0T","l":"DRqvJsgDqOK0rN6mUO39C5QYA2z5C295LN3Q56PDFChN5bWND773keZbtkKBWrLPKiLG297dxd5e2IgmBNfr4vtPKtLFGBXldd7y"},{"x":26,"y":46,"i":"keLdJ8SYWHzvGPjJXAKCNFNUynC1oeFLsVRaf7hmU7ugGCeDY3czyaI3nqjx","l":"HXlqCfGFPeAMvS0TDE3I7SRTcr1JoQ8g7p6eZmpIAPEUoVr08ZihuX4hX9hrFp7abd5cEamL9S7Zh8vCf0pW4YuRv05fctnTVtr3"},{"x":2,"y":23,"i":"vyVeE7KMY3D6obZrp1O9uYzNlyqWxcRD3DaGNMZdsxuLxaGoMbo7jpdfwc0W","l":"Qh2eEO6OrJJ0SxFDXoctE7e4Hj9CMNgi1twN2zM4mhMGXleOPRxkFXd9ul14fSgA9GggkQ2ePIeBgPT841qpzZ6UHTZUV6EYdFm1"},{"x":43,"y":38,"i":"NxilSPJaqJGN43jwQcciJwY0hc2cPBnwjgQxNr5kTCCLYKABkl6lu03EDIDc","l":"tQ7bvXNi2Xk4IO2O9QAkdB8mI7gpd4EiAEXsPXfBOPzFlIru4kErGsAcQzfSuL9JJ07FRftBHdMQwvvDxLtxzoiiVrvZT7q7svxA"},{"x":28,"y":27,"i":"CizdDMoQKp0a18ffP76DJfWJvVLtMZxUYUXMVOgmMwNPMKVRJKrv5L1vGDCO","l":"DZyCLotqk2FrTuDATsmlwJTprk63npvcvszYG4t3nGlvL4jU2juDWDbxrnDT5qDQyyjiZupzJNvLDLV2DF2vYsDbsTVkYf8NkL6Z"},{"x":47,"y":18,"i":"RXsGXO0cTbFw0iGsrok8HWyLYhUP3Z88TkUlBf4sTI3bTCiN9H2l5tr3Lv8j","l":"Xx31Oku3bLFLrPvdVbQ8ei4PFjwyBFCUyq886kbseZQiJJnRYiACXdkPHKjYpJfwJKnhSedMIPcjGVy4fawZLIDK55hkh2cM31gY"},{"x":39,"y":9,"i":"ckLz3neCcZXiZwU9tZnj9LLVGwDiTjZMUkg7zql8l98RauncwLZwkCwRLSkp","l":"CCoHNv7mKbDi8cbmsH2io68QXt5SSeJ6WhEQmxD1QmLHXfZYcot521hfC1BYiWlRLvdcg9XeDBYX5hUG8OI19393XhdVasfss0AH"},{"x":19,"y":3,"i":"cFiUdmclFLO5EWfBKoj0dHANkJb66fEvqQUeUFBw0cSNWGIW4eZBcdG08D2q","l":"08ZKJWUZgwff8645VM81t5Iv3mlUJvhmdFpRwp1BFq1jPsB9E8EsLUM1E8dXmIA6dcvn17BeTmqVUS1IRWCyDNCvntvHTBblxL4y"},{"x":13,"y":39,"i":"hXtR4xBchO2nngbai0yR4nos2GmmhmGJLT4NNouDlIUKCE6r7PeT56SM4kNZ","l":"BouIW2uWSoh6XzcJrelAEF810m2Br7GM54PtoXmHYsRjDpBtr4BiSMsfyPXYoxUQqD5z0eBtr9IpFN4kyWZ0AYXJxYVowWUR8UM4"},{"x":47,"y":43,"i":"iKPlInC13gC85eOieWyk2WtK3hTKwnK6NS7qddzYu0VZJKyDq6kWyLIaWmy7","l":"xsdlUeHYnnerjMustJZto6d5jw1lMRGXbRUugg6UFp0D5VblZgfbNrRXRDILU09zb2HnEMcJbXRXmi6Ab0KY6Z2aaKYSkzD90jkY"},{"x":48,"y":32,"i":"L3SuJJZjBytzbPNjNaOz3hkjBsnqJPOEhDzhARIddYkkacirrk4i8CE2SIJP","l":"pkR4XvI1j0XcuWO4iN2vZPDP1H5RW2MPvMHHLfHVKL1leKOW96gmBQyNw65hIfCWxIFu84ogkMGLXSq7vRjhmWbJbDJnKMynli5j"},{"x":39,"y":26,"i":"CbwZBuyshe5paBXMvgKK7IVqlW0wtIJsUS68pnesxIRjGBZdzCm5DLmNQusy","l":"Z99uNR5I83FcZ515IxLRsVCNmpODO73Hiwknl7Tn8cl4QtikJwZW9VZTziMDwfwL2gKHEOJD7l74r1eLqv0qQctSrlXaqfuoC2N8"},{"x":32,"y":3,"i":"WZr4Kn6e3fSRRDblBeXlgI3bE67YjDKGT3XNa3EwtL0jMdpkvI9rCMW7MtB0","l":"sjSG8jffijWcpX6z28B342XJxXhl2PKVgXLbvaKd8N8irGO6xCpOuIzI5P6axf4IIucoVboGgPxr9EfhlhqsdnmOlt5n8fxtFy5t"},{"x":29,"y":21,"i":"DeZtn9DhvgTOjpz6zmQyErv0f0a2LyD9keFksuBwZgrcihpcIJSut77oGi4N","l":"myMASL15UV6kdMG8tyUXbCTh8y63NRuhbKLulFqiaaT194wSuCLgfbdYm8eZ5yZPAfKg7jkrd6BSp5oHT6CsUZYhSqjCytmCkppN"},{"x":9,"y":5,"i":"exFu0U66K7DVz5dooZ8L62XIRDKL9ECOPOQSWRkGK9L8TWCoWqVF4vDlXHtX","l":"IosJXnpclJjoGtwCaXL2uR801avk3J8jtctvPDSf7mEdC773iGBMH8QP6CjdNHP6g0Vty9F4q8UwvRCa4mYnf28DdhYOSvoS8Fab"},{"x":40,"y":11,"i":"9nCcZEkGnbnXuw74d2TXxNnTQNc2hxZncVsX8YhzqPhyLLsChXcI0gvTSTOn","l":"KAsY2HhfcZd4K3fy5NemqkUARnig5EEVTlCzK54GgFPVYppXZkXkiEoxGsjhfFncPX4XVVtBmtPEuTtoqDdwulrS9GXtA0TaW2Xr"},{"x":0,"y":49,"i":"6sKwhuWEZWiogaUYlcz7jHYRdojkYzoQADTLRBwSsO5vjL9hI23MeSPWTih0","l":"SFvJAyv35Nd0sRDplQDPKqY0Tg9QF4fQ78RFnizudwQnVgtKaQaq1lI45G35jReAfglfE4r0rQ5yBNjXW7J3oxu4qFYVWvWH5dyu"},{"x":21,"y":35,"i":"BRGhynXfL9vFI9wExg41j8D1omCpFZjyVmk219Mdel3aZZCV5NWVjnJ0BJHc","l":"eLZtH1cBwpTlg84KSVR1hZxWUym8gXRQJIcTDcqCTlQlkqbeyhZ1BPrzXSdZePzHWoxL1jPO3Vku80BYcAvPnJjV1LEousPlaJV0"},{"x":26,"y":26,"i":"1hmmkF3s9QMiDsofOr9tMlxawT0TvrFke5Jxz9uU2aeslNOot63Pbq2Bu9FX","l":"7arYnj7HaL9PtZ45E6RqIfQb0TEyqDl82gNWjEpglJB0PebPQwNyxfNhUEfKTXFOGJffkI9uSP81PoQxpwsaQKWQ0ivCTXFczunj"},{"x":20,"y":19,"i":"xU0YzOeTQoZtRyL6YPuQnX3ZPlrVuWkRSV6fxbv6jug9HYlQcukB9BQg4dUF","l":"M901L2p6imkoV9gQGy7EZtKVbvxGyZVBZI2uTTKuOtGynBsmo4uF3YJxxZ9d2SjXtF4PJdD58zs0oPXIfzmo8AqM0p2ukV6KYG1f"},{"x":22,"y":37,"i":"M7buNw0ixiqkUYA7UC73jimRrmxnqF7GXPnMLgoi4YTt35Z581azUuN6uxiL","l":"t0a1uVLyPWHtpWdpZ4wWRfRLCoD0IYR0LxMvRhzunzbTDiEASZV7BlVLTzDjdIBSthy87aIARwJQ7em9St2idR5w6jZ5QTUSgOXn"},{"x":49,"y":11,"i":"wgVMnNLnfYJ8lacWLgjArjwiYZDV4XvQpffOFpN7mIBLOrExSkjsCHPWxNrD","l":"baN3FJ3wh0NbqNADS6YTR1300ds12VTiOPBr4nitEGlZGVg0UEelgJCWQa4JuLvaMX6XNW9KnPI9L6CPHrr5uXM8YPcLIeZoL70n"},{"x":27,"y":10,"i":"Tz2brnQ3wa16aeygJp5J7gwYGqppvtNTlVZ2lpKVTAZfmNF5H4xboqI9PJ8J","l":"p6MFU0QZncrCh8IaKwYZ59ZP4m886E5bauz8Qo7J8UhscwG3lJ51pGiPVXmat29sWKfjUFXnjzoY9hgD0IaWIxHp1wzQX7qidbfo"},{"x":16,"y":1,"i":"GlTAFN9WQax1LbzycFd85bSj5sKFiW7knhccUjOaWkPxxsRfyvX3NrtsQtJO","l":"73FbIikcT7zpgdsdDUcO0qIkj3QnuerAnxO3D4HYuPgWpr1h6imgTcTRfErFrAoIptFNqiZYnN0III1kM2t6zTue4NKUnSzQoe5O"},{"x":18,"y":1,"i":"QQ4FWJ9w8wTglqS5cqRtIk7qgq9IjOnenCghEpVuQZZ9YzIP4TQkpQkXApcd","l":"s5FDdgVHMYqzp6wYMaKs6euDwsmfB9TstQWuHiVXgtXpLksNKwdp05x1aDpHP2gzyfxoK0YeGOHOtFI3QwfleW6RSyd7N7YEDrIt"},{"x":21,"y":38,"i":"wVIHw60WQHiWIILQqYdXtUxJF4lUdRdFZ16zZLiRVTWqEjor3z1Xn4DIEZrw","l":"0ASCZPn9A7SW6tCxTCBC8z6nnCg48y8uTt9JB0o7ot0m99BfHpQiMi6VfdsqP55bdYIgdYRoQ35ixUzEuhJfU5mXfdRx7cKMNYWQ"},{"x":13,"y":37,"i":"uSF05MnuJZWvsSocwgKASkK0jL4yRq6XMecTg05XeJRn5OSlDGDo1o3QuxTz","l":"wCVoVjV3bDZkjpFPa4WUPC2WK4hzPoYkJrERuN6G021bchG8dlANVkVaziNXxaDCgzKYIYHOrRpAIJDPtBGn1XUto9gB9oQeXMXo"},{"x":21,"y":9,"i":"d4m29exYrvKv0AgNu7WbzKol768tilUhk59J4DxxjQi6ZZXw62AUqX1Pd6eU","l":"iodMVGO3akK7M2SWJm9aVK2MU8W9yKB50YATdqba88eYiA9EkV1WHvucGky4iO4eNADc1VzcqTROcFC3d2oKzFCvZUnDGw8Cvc2T"},{"x":24,"y":37,"i":"BRaV9LRQd8KPhQNM4Jxd8WFgzwUMXcY4wLAGKvGGPbpZcSAgS27vjjiEPShG","l":"37v7Qs6gN0H2ZHVxL2MXkAmCexHzXKiyljzhvutX13TAYfyFnX58U8EKAzZNM4ZSbhfGnEPkCXDIiR7MkN7RxlxfYGqo9hcamvv3"},{"x":32,"y":39,"i":"4I0pz8DY2vfg9jnCDNcG0mwLk1HbYseywzVqWOJcnuLpDrjh6bCpLZLEL1jS","l":"w75f3g5aKx7UPPnMyCmuJxUQc37bHBddt22XbXSMjSyNs780gzHdpfo3NMDyz2j4kI3HZL5ZKaJ0cOxIIPoRWVaYmnYa9cmkSakr"},{"x":33,"y":34,"i":"OO0cjzO0UFcZH56cA5p3xxqgMuddDJKVzuO3u5Ivk23Z7KzaYY2LqK1NSB2v","l":"UEp74s14QbVwwDE9CYPhPqzDxz4VrpfABM8JbK3qvVfxKNqtDIe6PULdvyjDEQDRjubEDDAElVLgSWkEtxtU0pZtA4GZBlymSxD2"}]}