{"results":[{"x":28,"y":30,"i":"5YC95EKpYtrtKlpAgBz0DNPy9Tr98ftiHiTDraOTR8lnmisk8CUJgNgn5mcu","l":"HjwA2Q75hYX1x4AlK2PgwASFnMOF8R4Q4PSW5W1o55aHmJKbw5Mo1ham2xuJy41qT33E4kehZSa4TF8wR998uvDRpu7pZW0rnfJ6"},{"x":44,"y":0,"i":"TPCcTlYbsGPCqAw7t831OoxCQIMIw0mni7kHLKK6Z7lxsOpBKSSi4MG4DRPY","l":"v2ZDQ9mScnWm4s9uV6lEjT0otlH7OSBAY8VA6RLNWfeuDYfqGtzUadGVCMHZnPeHdSQC56kX2rBDzw1FSETahjhIeIXcTIB5xN26"},{"x":7,"y":46,"i":"rOuy7z1x8vTH9pC5w2i59pasAOcb5c1f6Y1eIVOy8v41rzmEIqJZTedP9DOF","l":"iBjiZoww6ksZK0G1DXlXVtlqhdXwCkEYOLhO5TZ4IVjMiQP2MjLbcln5bCA9eBokYqfn4kynGrCoT9a3Uob3JZTbawwWf3qBHFzR"},{"x":14,"y":23,"i":"lYmuwIl162OKUdvBLBh6Ha0qUlEvxyI2Jd7ibhPV4MyKoonsFH1hxQiwq25q","l":"dFQ9epRHN4Syb9VDB3fA2x8Bmf9OTIn4IvCdQnzrtt4O6oXMWk7f0uprq6gz8y2MAzSDyKp3dxhoNOBo38BsV0JER9pt2DmRoOTD"},{"x":8,"y":43,"i":"2xjbFNIeCnDYvjIRWGaaZtGHEWd6HYBQBa4p0He4Bhhh6xiVzo3qn215iC73","l":"U9nEte9nFIswLrhBgfy6n1GiTvnhkWPgvPtt1UuQFNyC0Ob2pjVef7ouKTbLk4baTpPtVJFQy1mnJqUPqylRjGkr2PAasmCsC9ON"},{"x":40,"y":30,"i":"FXYl7bP8tCmwkHxBsobjwVPtUtVcuz65pltDpPmZOf3bwtYDQ2cMF1KJwZML","l":"iO1WMy7VDMAWUoH7nZr0rHpzoigw3D8086V5Li0gZJ23fpNlx7df3Qwwh1dLmJdJkVPQ0zZBEgnBXcuDHtQf7Ek1iXUUGHCpf7hV"},{"x":8,"y":23,"i":"DKDOS6C1JkAun6odWKoe6HpJwIOEuKYjj6OMow30JbU2C3RUn46b7LT9n2J2","l":"8zHl7JuGTTL4W21O2yqhLURCoh8PZmZ4smv6mwhR9EQVy28KMefXS40WxcXonwCczLLcxqejJjte2jZkHwcv1ivYz8vxjYrLx6z6"},{"x":2,"y":26,"i":"UVdOtRLCMd6OtXTsR0vGQl0V71O0QJtWFLhmiSoY30szv5o74juM9Rr2efVc","l":"C7f1fnNLp7BH3oO3NPrPdBweLPGSFk1jPA1O41NPUOp9q9OhpI5p8zZfeAgz7uuaH8R9BKU8DEqYiy2SR8f7fNL3fxdFb6gSqsWW"},{"x":47,"y":1,"i":"Q1hqwllcwmX8ctCBOJsAKRXF1X1uUmyWVt4P5F2jdSnPNjUaTMkvpMHXKvv8","l":"k0bM7XDcQZ494BXUYNAqmMM4cFmd4i175vHwBT5fquZTGoQHEz5yDPAuSxUN70HrRJoTEnibBvzZzdOHF2LUKw3G7uGvoAL3KA3B"},{"x":42,"y":44,"i":"30SbvKRbHltU2yYeYCucBElzToJiOuD1izXSslDMk6WSheyQeh9CbKjpLbLP","l":"0REcEMGYRvKoXjLPqtPV0E0paZgjxVHQ0Hn2UPoVz61ub2iYlm9yTpWEnKyX3m4WuzSfpH4Zbhn4O0iKBIDVAyZ5WyXOMuaQKizh"},{"x":48,"y":30,"i":"hB0lnml5Ds0qirkjjo68tAnpNtRokYN8BiMhfZZsI7R0J1pIRjvC27DqlG2A","l":"RoxHxWBZQVEyJ47E3GVzxAjpDF8iWXoHmosFvi5fehLl5SBVE9pRoCiXzzyvzaCn1n6FsfmH1pAWO7sM5UqEIhDHw97dqquotw8X"},{"x":18,"y":27,"i":"1IcWWVvgiR42zDXEyQ4GZaOzyDRCP7757ODzUnwY2dq7zqoCv8axrlVQPb74","l":"jdiNlcuwISqW6w16kv8RvP2wq9UV7pmbo7qYCGabEp92d8WEEPB3HGqx1ov5OpIAWl6hkpV2Vz0RmQ4ZV01PtKZiT6ATADFU61iE"},{"x":41,"y":37,"i":"K74tTQ7YD6T8FPnQ10bXJcDEIgU57sO8GpmsG8MevFwEy2fiOlTpYGgN81MR","l":"menkcfFvRxGwAJfSdfSNELq2Q8MLVrc8o41pEfLeXN27qXJfsLIWxEXiF0gGzbERuOORB4G4OTxahJIotOM89llJg9czbJMb0vqt"},{"x":27,"y":32,"i":"05bfKlUmZp6h3qd2pkQAMBwHJrS125DAvuzO4j38yHOTBfOxiAPrQpgNkG2E","l":"mcMomELdvWiQujXlsxMEChD1yJ4sAKN9RsXRbl3xWODOnXfEwuZQ3MqoA9LmzYtaiJKQLRQuSHCGoQjMjSCuPaqNfwcxTuUg4Sbp"},{"x":24,"y":45,"i":"Rug2s9PpZt812Fege5tobqQBJ7WBios0dIgFNDfyWrsj5yuDqmMhHQwYc0B8","l":"Oo0IqZqBpTdeiAF1Q75VcMtOulbB24RUevrX2J5ggIFSGKUGe0eUSK3CF0jQytrXPaNslIYz9bJDpk2qu5CQEuhEicqiuQTMd5Dz"},{"x":27,"y":41,"i":"9hX2at1bao6mI2OhkT0RnlYSWd6W9hZv7KU5dYhmPJp5eGJ4CDYyqd6VdCBy","l":"iMeNOY9jiK1ZgtxTQe2zqkGbjjTWKrZMVHIOESPMbGePaC1ZC4EWPaRUZKIijF5SwGL5Z4792WQgCLm6PsHUOFrQe23VZLFDIhHy"},{"x":11,"y":18,"i":"mTbvXau5usTVTic56vCzyAB7W1KrhPO6iT4ZZDIouyoZFRw953EnxEuKBinE","l":"X9XnFsNw9OnT05Wk1QDkLGLnuNF1t1CCO654KUXnCwrKGjjlzEOusCZMLVMycnvF7dSdcge74OaqXRhbfPYVKmETJBb5jWr2YpmU"},{"x":42,"y":29,"i":"vsop2nywPc29KXvXbS9NMRlJFjLgq0RYuUBw6cUIKJAEt4y2h8R7iBcX7DYB","l":"SOPk7VufjEGUeFTqLvR5DZbjgi010GODwkGfx7keQKALVXtdSzzP8BQFipu06snCkt8rtKti8go9TrIwhspD4d75S2GrMyetMu6R"},{"x":26,"y":23,"i":"WoP2BOrkif1GCz1smlVsYb6Lfi5LNkP1UtR8yIS6YuykZnY7ImfkciEWgBcZ","l":"bRYjXzyXbzNChlTA4pjp5Bz5f8slEQygtSwYT2IX5eE4Ho8W3SFe5fwW3DDUkcXYKNu8h9ku93gZnvS78g2V9Kj3OMUVAJQnSjCH"},{"x":22,"y":16,"i":"SFPWCcAB9cBjA0kfyBEOXpZCjmeCeqKr4NokChIYg9uCerrqmtxzO3iRFtE8","l":"lsj6yfo0ytWgOKiMe5rU88ZrcWk4Qq9culeRYoxOEGCzRqmSTjXnVOxCpKn3rYdCiAjmssMAZIG7h2px0NYjm1UdJfnG7wRHvrvs"},{"x":28,"y":44,"i":"dalay9guh90Tk04NAQ5zsom04QzmXJdKDX0v2J84KMQVRSYWypT0h9Jou2iL","l":"ICMxEnWuTKbCRspjlpn7Hic5QnHR0Z3fjiWPItZPSaLOBAud1YP3aJluzx7sHuOzw66QSHLVwEBMGQPW9f4vraLwBhOjvSdRO5wz"},{"x":48,"y":38,"i":"wh6nNZ3KY9PQogeW3IjaXwNlcVqL89blOARYTpw36HnzZGKJmALGR5cNmHJo","l":"4O9c3VwVmHo68os8H68QIlfoP05U0RZiIR1vStBvMjBwsqDSczsayhyNunu5VZzj7T0FyLkym3UQ5q5a81Gi9JxZxajjkIzfXyfk"},{"x":0,"y":4,"i":"Z9l5QNwoJViUcYyRXxGzBR2kGFoOiMXBu8wKaKR7473NydFWRwtAv6HxZnD1","l":"08IshdreG35ixL7qXThDec6gBtaoJXVJvZmQqazDRRhVsLz4iNPRL5ruIaVmWGUjFYQVNBlayjeivqkcaIV9jRHzVLadzyI97OOG"},{"x":16,"y":33,"i":"tlDSA45TFKF1vBVllDmPTBjJhahGuZ19mzyZdAqpz3U9fQ7odKTu9MqpxvbZ","l":"Bc0una8Wu0gjMv0iaSyi0KRsK9pee9gTTVv76Km2h1gsVyfzgGKmm9s4nb1IVjdjnDWOsh9OwmcJZoUSwhWmaABDNeuWaBT4dD70"},{"x":16,"y":17,"i":"OFVhNq5kA0yK77PqrzPjqnyZOZTdPyCfytyN7At85gtwTWNj2nciNYfIPnBg","l":"368eCr0bpX8tLW2L8RW9mTvEnIj3UAUED7Om3z5UuhHyZOI7z4yJ7x1gtbvP5c5XuIWBzLr0MjHwgpP6xSdruMKHLhUnpoFMMwm7"},{"x":46,"y":30,"i":"GSlOj5sgBwyUSZ59S4mVYv7Ww43nWtNDG6yaxwHnLPUMWErbNdJ4PVbxyHWL","l":"fIlxlrKZCph1cEXoMXtEL2igR49bPXGfSBZ9B6fh8wcPhutfp7PMl3UWsYncBuqtiD8fQDxQXnhobiLNVR175u13gptboSnCHQW7"},{"x":14,"y":22,"i":"bccA9FKXSVV1mScBPpDWHdk5iPSzpw49icNLcTEJeWri5sUqeIkLtH0MKbwW","l":"XJVehl8x6tsj14ViTTIS1AYvi3ErWr6dhiM0KQ2aEkDw9NCsxcz1dKmYAQ2pwIqx6GpOSd03C1THUWM8nP272Z4lq1KA7xWfs6jP"},{"x":19,"y":20,"i":"lHk4pEqbZPwIScDO96jN4QWxS6V00MQcjXsT9aBesd8Q9YrrokJF1EdAGsAi","l":"XpzUgDOQGipop3jAxwvZfH0K4syfNQ5j6lSdXcUlP5wt2HvdcCX70EyzeXdz5W9Q5O43ZNKUO5gRTepCEtHON6VEmF8LeHTJy0CU"},{"x":28,"y":48,"i":"RQhcCrT7CYXmBthsndvce9Bt9Yx81d1MVDKGdhyxQ9JwZlPr8kqN6APq3yVr","l":"k2A9lJKp71Y2HDN85K9v6Gwr4WPWs0XvDhaiow6H0QeeGCCnZENYvytlUfF8ohij6GlhhR6AZmaFqAq99bP8JddyMLO9pOnWEroA"},{"x":42,"y":43,"i":"x6N8OuhTPC2Do8pwgg0rJPe2pXc6dymFMba7h4nUuJWWP6Q9kc7OCkKwQWIu","l":"apPWUJdupxcKkOtXBFa5TVOBbXZ0iPX2eyhUbetCCyGx4hR01gh7el22ImVmB57AwyAzTIDEuZp9SQmb4BPOBTWRM8JFve5UCSme"},{"x":43,"y":30,"i":"jnXIKAVx2EYcCN0pY4BK4w1mnCXYdgQUCutvy4bsi7suf2C1w69MJrGvAoif","l":"p1TJ9H80Q6hq0hc5zkrDt5X5SZ7vRhwbGOf5kV7H7AZDhTCmMbpsmXWk6B4ukH0ocExKlxvhZ87CoBu3Uw04aYoW7nEw8wvBoB9b"},{"x":2,"y":49,"i":"USJtgiDVcrFyKGGIvFFxNMZtBHY5FcVEvJmgxab0R8KTCF4ekcKHVyxavNqu","l":"NzxqHnDST0hWLDdHgYzMmzgvXLPcWh05vhF6tpdlhdajGdaBDO8DoveynT2nIBVuFCguk9lt8saMvgOJ0YOGOgXqk6nz0H32DSCt"},{"x":6,"y":26,"i":"BcADw6afHEIMogXvpRxRlyn7elWtfIa4O0fgWp29RdLzLUMQLVK7Mrwey9wf","l":"ttoCH0sxiTw644YTq6z7RCtizB66psqiAgDQT22CHFNDAV7wSxxMGytyiKdqYeFn0DmqF3TOrnDQRNU3Ak0xbe18hBHcwSqDYEUQ"},{"x":33,"y":11,"i":"UIkydlyB2V1stTGL4e1DKMA6SJ8nbwTngNr1oyZiQY9W0seJ9WBkseHHXDx3","l":"h35TiWpmd52zgqzR2504tpZLEskaBsgg7lb9tQnIXUQMw32jxEaZtrXwRK14bhj3UVrtkHGuINgIS88Hvuxrlxs9pxpidt2F2rU7"},{"x":17,"y":12,"i":"aU9oONwz0i2rssLwHeIlv9NH72Bj02BEOqgQw8AL0MkOQUTpgmOebNLnJLqb","l":"guyW8VDJgYyrmeDs8wwcQQ0C79Mb3eDcnbsTpIgyoMueEGXJcErw3cUB23djiedCY31kW76JpKHla5A6xTqofhxvzGDlIYmgumJP"},{"x":33,"y":27,"i":"16HcRKaZMZbJRwDSRCSELrHcWVdG92VTDjqRcxhH4lZ4atpDhPG6AlCqDA45","l":"d6qFEpXUTTw4kY0MtJx3QXZUTwNwHykVHMnmpCPiHwDv2HTZnEFVfASvgTEx1PycARfnv1VAdnT3iqTBpBkoNgyIISPkAv1Mn0Vk"},{"x":24,"y":44,"i":"cnHsBWmjYCcfXNA6EDwViOh7LmDVTmiB1jsV8HXFHbNgHfrQqCfH2lEqeIRW","l":"bfVkqRuuSJRPuzHBmWP46teub99BkaMSv37cgIdhssWTuPihPzWveqmTQ4mwzVZC63a3fHNolZLKEBscw1gPHXjXwu05KNR0R72p"},{"x":23,"y":14,"i":"uLN1EfAXWDT3hNKH51gkYLouugBR7a1HVOdt4NR0kJs0BAV33UnnYuGawlRY","l":"O97KcbvBdTCLPxeZhwMGDKzGQZKYDHJqqIBtbR5jFde9C1UN3BzNnRY4vRni2T6ib0bN2zlX8nBqrLkKbj65prQePYuU7upXmFgX"},{"x":10,"y":24,"i":"3R3yScslkcBwl0fUEQaHrw27MWV0yj5Hstb94ruiIxbUN2pyj8qXCtCj77DX","l":"KAUwNBft9Fg6ED34vhLBBLMK0ku6ZCBS52spbZFXSOCMAWNN1jsJOSx3l6Yoho31Q7nmM6ZFw3151kDb1xg00c0eN0pnebrA3HGh"},{"x":25,"y":28,"i":"8uSNYmZLE1ngZoDfcEldD2dDqG01OpzcaLPkq5HUJhQYkZe3j9CvaZEFQSyi","l":"T75ZLUnG1MKrw3jnFfqe55wQRt00CaGDdRPe8QSxIKIAcxsfRRSLW5Vx3WgyE0VsqZ0lg9fbJsL34jaR0eKd91FqNBKjgLSCKm02"},{"x":19,"y":16,"i":"iohmty8g8xxopqNP6GRvS0a8w1PAWakxnJVKmXss2eUVstQ4cqHz7t1Ut3Vr","l":"JjHNBh60lseWOYMZ3IlSNCXsH4haklIbfCzJSX8UwbWcEufyrYTLukeZeAvMx31kGU0avfzoyZU1XLUwLNBgkIKLoPqyqDVCMY2s"},{"x":39,"y":37,"i":"B5pEWxwvrmC4nyfChbDeQHjEmHvh0eo8WkoGmGT6JHtmA7v6vguwjNFnFXSn","l":"aspZrvzyQN4EUPrdfzjn4okkaPJ7FUKpBUTpZtp7FSMMVV6pyiK98rw6u4KX6o9iIw7VIQbRsb1kEGn5kunN9iKH9dwMHoqToiNc"},{"x":37,"y":38,"i":"Qo5IhAxlOOU0Z1xeHzdpFAMFPoqRg27qgHWbimcTKWFb6IgIIPSGvwt2pYB0","l":"22iKPU2ZyzqOPkMTjJnVJk9LB5NLjfFd6koyHP4I60kyftUaoH4RQrz1DGZJbwz33AlSv080VnHfOVpZjqyCMyHfqcLhYLvKUGvX"},{"x":18,"y":12,"i":"ASVWFxYjltGaSFPnzP7S2Du5rLaiEK0DF2CujNQdVHBJOWHwh7E9kYk6gv5a","l":"uSF1mFt8NtHfk5QbzaOJJWgc52RkVbYLWjMeUJKxyIFBltOw3S8imVUIjrvIMW8MSmVzXfEVjdkUij2E1h5UEljOdGsheqgCJJYc"},{"x":41,"y":11,"i":"iGyNiNLE5ORo3culXvriwwittWGjX61quFXWIezsXd5BjgpF7WrxH4cLdpbj","l":"hlT1qV27sRAc3YD0rWa7eldoTGLIsYRo2Zhy839RidOlBITDrWDhpE9v5YLptvD54leaj3neQylYSbIrxHN2iXxUArFAeWfkufdx"},{"x":24,"y":10,"i":"UXoYc2rvNOOqvyg9g4UFUtWXJAbk8XnfGfU1gIXWDQAeSaO7WOu9ejgEXGwI","l":"ARcXEKoRaZV8krZrWcFQ9A3C0ayphHNaBj6e8mp5LIROzOFNldCw4DS6H7ciEf2yMY7bNm1c4LoDF5uBMLrvOWCTOD8XOsMi2yyj"},{"x":44,"y":5,"i":"0brR5UI7ZNOg6J3p78KWfru5IrQ8hVoV750aAvvOg3HhUYFZBM69fiEdVsGH","l":"MwttCke9pXYCOjG4SugD32bNcd19slyTbgHmF8rOCN1LNTDzAPDgcbV5Lg7YGsjkgS1JWGokuyEya52vtkBdlJWexBki7am0TA1T"},{"x":4,"y":35,"i":"SfcEsrdlTBqS0bTYbUic56lCNxFo14Q3RTEmD8LzHjOtHlYhLcaZW6IF96vX","l":"mLjsojWPCwFD7hGqFbntv5nLhrltWdk9is69RHaw7RxNaEwKPWo0oNBNEt3qKHOTPYKiW5QQWvFC7rLgnGHFbaTirebSbb7QSGm0"},{"x":2,"y":45,"i":"oiAfGCIlf05N2tkVaGHNDbaavfDTUKmtCzVbMGYOXX0Z6NzPrpg5dRZ4J8Bh","l":"5Fo5SQn7a2b183KCYR8o9WpPDKDJz0PebTgqQLUos5wGc7G5nG104TASr6awV5fUH8mBfddUt7w6TIHZSURJ1A4GMuJ4VyMtIrHh"},{"x":23,"y":9,"i":"YoseYTrNiFOLcRypI2HYCP9xCCausvBHyBcjCXeWetv3qYw1IDL3R3WXl8Sg","l":"QmqUCthufwN2ApxmqEhaXdTJwbWRUXGkAODuDMXwB8rrFNfgR1RjMsiNGgOMnNkGT4KApAFCEOMc9QLd1OnvkHmK5X9Urcvtoo8M"},{"x":23,"y":21,"i":"7z7oQdiluMtWh19ESYfRI1qatmhPrUGuf9lCTA0ETG0eqmcSbfqeCJOjFaZs","l":"c0TDDupRCX1c4Up2MxnBhK27Enoph3bG15kVDo3hXS8F4RfmRMpQOnlax75wrBqN3V9dTY8C9rN0bsAyA2H8FoJzJhuEEWVariPN"},{"x":35,"y":38,"i":"je5YbMaEosdDhkfJyK59AsEbNgT44x0oXuLUeX9D1wuTkcoz4DsWujaBtGEM","l":"7y6KxuH0Poa6HMmLpAdZiWoKV4vvpI1AnmbaeW7MpQGNTzjQfG5tcjJWIGLFZKQbuhTFCxiY8jP1jfCOPOg6or2nUHkXrziKowO6"},{"x":35,"y":45,"i":"ciarLuOFbk45FiJZH83ZisF5vqkUJarqV6n3wCYmN3Cciqee51M5IlCvdQgQ","l":"vQDWq4elGxOnTCiCcjYMd9IF49SXQ7UsrdiYeumDztrkQpKQYOxakCted8BxV0cbjrD7IepTvBYbGtr3Ef0TnYdSzXsvVKAf9dgN"},{"x":9,"y":26,"i":"Nc371Q9n0wpTYNfdpZQpxpuECTcFMOJDV2mud0Qb714xxW7bvzkEa7We9R7U","l":"v6Uph9RW4EosG5KSMpDR20pBc9tOVtBWBuQDuTionpp1GdZovSNQ0NC9Q3aRgujt8v9JFfji1audrR4pEgCJFEXlfV1M9zncGhwL"},{"x":32,"y":43,"i":"GuEmsNQZLuqXWLX0Cux7xYYlsBuiX4Igk6eRpV6joiXFVHL1KecYVyc2wWfg","l":"MU4H8Ra66CEmayMA10Rksd2uFITec4ctwBGGqDAGWCWWJ3FdAjzP168HdiItGWEp7FnsdEALXHzhC02ijd8RbztZBjQEmAa1SxaH"},{"x":9,"y":16,"i":"a6MGYMKWnxk1whRHvlGAxYNtaCepKVc28pJBhW3S26kTBvdS36HZzO7kTc1e","l":"XvakFMWTtj0jewzZdIxPj8g5rCAds7yEgJWZ5bFd7jqIpoVlrAZuczQdxyjNaoDB5uXorqd0oFx1MrjSH5BDDtRP5b6WP55qKtrY"},{"x":36,"y":9,"i":"GruB2bej4O0vSKZ2ZeA2QW3FgnQ8eAdmprMqqA6BCSoUqICeW2ysR1kmor3l","l":"iZj3mo1TJimwT9ymur3bXeEJpzBkOYAhbx7wodDWuRrP21vaCbNO9fhAsAJAUgcMxaIlQkgNREjZQU7ow1dkebntG1tkIfkKqdjb"},{"x":10,"y":49,"i":"g7cnrbHTNSR8skJbTbXwiQDMSJJckyPb3BlzQPujrVMdDZOC91fuXu3XDpAx","l":"zbBvVwYcgKNZwqIvXZsR6NEd4JHOpcT8lhpYsTDP7gtRMdd947KDHUQ0RSxCHWchCIHQQITUCN8lpss2QSn36OJppjBIF0ZlZGed"},{"x":38,"y":41,"i":"JdZtOrXxUg5fiYuHUNnk8tc1AU731yElYKqjWIGQKoEVJBBEVXHTcWXmlSLO","l":"VfmH1uIfeT4J5VHhAhKmWmbhARuh9hEq1As7fa61aZuMKsAQuJ4Aqsn35P1inIwbPmSN6QTaiBunh6BQve7c2nfny5WrPbvqXgj5"},{"x":23,"y":11,"i":"CLWXmPWrpb9kceDYkECfeFAI7fDtmYjWq2PDmGn9sF8G2O8NVeXqCHMOLqnN","l":"NPSDXgJ7Smwiz8L1nNvneDHn76VCWfa5a4dCiFrxJ50WRtdRmpo1IqxGsxRzqvqQaIG0R85AYhK4vVwK2AQ3SrwMseznhjYObBcc"},{"x":34,"y":9,"i":"ZdNPKDUIkkKU3Mferh9BD099Si1T1YMA4tFCT5sEvIKb79StlJHvgEd3SOfo","l":"XI2xpqSq0mOxWwcfSyQ0EfHIQgFIPmci5YBOGxyy9Km9hbnuqJevfuKtTKPwlqJbgHfwHr54n06Q5afWPxuzenqUFz3ijMWR8LPd"},{"x":40,"y":2,"i":"kFAY9BNXdJLnZkziSTbI45dbyRaVu3o4OeDhWoci2TXYBiq7NpK1WQbsiwzL","l":"sL0dPtzfsuBP0XVLUYue2gEAaN95HXclfblMKBoAKntbQG2IfvqqYASaZzdt3VQNjz9ldkqYl255S16Xk9exLbgm6zzCnqMFfeiz"},{"x":34,"y":42,"i":"JOo1LPZAPeMtwrecxWvCx7TCuErC16yAcLvrVf0SqAAUrRcqRaW4HkCcovXw","l":"5m03jvOJemRpdTCjciA1DF6Y6nmWv6q7pdczopi0NAvZch3dFUk4M1jGABqLWUHoxwa6lxiHuQzEhDtpNawS7fKTBDL4vzcytBul"},{"x":26,"y":22,"i":"3xSvkXsQ6hB6TywNZILa7Oo9cOCzpc0MJ7be68NOxp7Du0VThN4Qzw0iWEoZ","l":"HNVNUYUDncYMk8EEI9LprrJQcuJaQ5twc4yMo9MVwNHNseFC3TqgcXa4WSJ9J1c48l1EfnmwR4kmm4736ovRFUSScTueRxDQkm76"},{"x":5,"y":5,"i":"6DUoaZX6kJJLTL37iHgqhCIBw0qq8OjaNR4m9Rj0gmQNvlm1TcTtMIVbFZhI","l":"FT6ghGTgAvLALtvzcnQ0SduPxbD7sg3VD6kDvrKN7HrskTy7dlZZthXTvEIGZ7DWbJFpD93bYOcaGxa4uM0Q7blMfjnWqfWYHA0f"},{"x":22,"y":41,"i":"Q4lg8vQR3Tu3t5LIGKDZvFksErS1iO0golg7tfuWgKQkQbdAH6gIsTOwE45P","l":"cMp6psM6LOtmBW3pPqkUWrH9WFAZiQe3ybEDjazxgNJnxHD4D4klOJib14n6CUw0NbNNxr29bf5lvisMwISZ0DgOok27x0DvO9P4"},{"x":27,"y":28,"i":"QYzGgh6KOJgCA0Ok1t6BkMG2J413CJbXBfKllMbszY1cGleLUXx1qnSNQnsA","l":"syUiaq1VqdZ0u3pjri9C8E0pTUYcsknDy7BqEM976ljaOVCixjYLexCgYAtZyw5CKumIl2mSbhSuzmTNX0oBBS8sOmSrOc55y7qX"},{"x":28,"y":35,"i":"TcqvMFhMaT0vkSe0atxoyge8LRpjQuxyUgfbHw983V6LY1whE3KuBoH9FLSJ","l":"2MNgFBrh0CuYrdr7sbPxeM6PUtiCqfQWOCxPrpu3ysSraDVxpuZpPEYYweBTW8yRgmb6y3qquQsvOApWYsu6URYJgAtfjZ4qeTkg"},{"x":36,"y":43,"i":"KGxx9PwaHJtkfVMIp6Xb4RZFEt41YtJlQp5H2h7ym15tMuNw4VcJtPbr7MD3","l":"OCL8kMZ6RmPplkjXtVo2M0uW8wzstyaE0QAOAQpCqPmYStvPyHH27fuvIl7VQ5KrK9DUkOq6QoZNm1s4DqhoqygJTu3dkgqsmHf2"},{"x":1,"y":39,"i":"GTzQnlHshDzg0JgGIxM5FkDuivy3HBLM9CnQrSTeOOqGfGTq7YJDGoYW7Lpp","l":"nSS7hzDcvVndPXXhLUz74LLNcCMrN5BwJayNzOwdrGcNd4hQL0waYXm86jMwdqZ5CsjPbQ8DqnSodYZLM1lzs2x7OONVqXzrR5TZ"},{"x":32,"y":20,"i":"nO3LqRFRuhMmGVk6a83jWLqZrJ9FjR02HZNjWAMeET0YTw2unYPe65rSmPjr","l":"qfzTKmyOajnrFtxeBuxttDdTZ6eC4mIHguO3eJaqCvlIeqgej27gxtq09K8By79Q2OXYywHtWxdOombB0EQLFqp5QK79EV9L8jtn"},{"x":46,"y":17,"i":"gXvSfHEu0wYdSbKdY3ypqpfpt1aAVHIvCsb0ckFX4eyg8hM8RAjx3Hm17wlU","l":"69C3V2S1jyPrOK1YFx02u9K7JpOxzIJKdC5dyEeny4JdHMBg97Ar8Ewdfr1ompGIstmgrI5PFpANdnHCiQNBOKvUMXTlGocn0FYr"},{"x":25,"y":2,"i":"GVkSQydeaGIj8mOTvfp1vivVAgQGpPTHbYYhRcD8U1Ydl2Ytgu1Epq0GL5uS","l":"JHTykL4OEkCEWpnOK6Pm1iLVgVLbeZQkvUYHBXPclUHIeCd6lxSw7rs9uajdTPCNyVQdBFSEqIIlTsE8ZMgFR0DMTqG54NxJd8YT"},{"x":31,"y":49,"i":"15fwot8NaCXCIAkfYWXeoRW6pfnZUekHtapGA1t4YBZsrcpjpBgIh85MJLPZ","l":"esDylT5Y6n1DYeJioAPZMyZN4xfjDaMmtA4IhXagbiQ24DSWHTWRPxDGogMFEMaQNqQBANaywns0P195tOzmKQf2qNJqJadLF1Vq"},{"x":42,"y":32,"i":"6W0hbchxzKTbO1ODt74F74xKKeBh92hpP7Sccd1HaRQub2onTjXuMe3h03a0","l":"XTTHTy8td6SAVHZ36b9et8b54ng0gVZkJj7qKJl02GCfP9ilqFFURE3OYbd3kmMor9q3LIPUNDzIVOIavJ9p2vYObL5R2fUJr94z"},{"x":48,"y":31,"i":"5WV38i2RDgKPkwrlFYd4A0HWY6fsUs9CbmKekXvE5hyl9euxITrMlM7MTsmq","l":"VMrCZdwNBxkTPB86TapA76hb3CwcVKzqWKZIlsBOduqSXDeqAvE8EjMh7ePRCtn5T91CFwj3PxXBMaRUoNPhjRMgWo32ceRDTwbM"},{"x":32,"y":44,"i":"tejgl21z7f9fI58Ap7JOXFHu4do5z7CIaVK8z9UmwYWgMqMRFrIjNVvYaebB","l":"TDSd5eFgWVmEEbC7YN9AhdhvIkAp04poliMwdVVS8qimKJ3F9iMd26qBA9sKOWYVT88rid4cM5iKKYFML8B85MlqHbeojC1GJgfy"},{"x":36,"y":40,"i":"VQIHrmRlqqRgISBvN5p0Z1OYYOosU1Iz7gZ0RJwxSYIAdY70PgI4nsYasjup","l":"M899sG4TJDDPt5caJNAPY60He6AEBtiv9WPSe0mMF6EZVC4Xg8NBR3LmZJmUUD1DuMtSXsVuZcMo1pCqUufS1CireAxIuyvysa6I"},{"x":15,"y":6,"i":"xEjQKA6PYaPwhyRJHI3lkJrznFzlcwWxIXZrFfOflSfkmITW9Sn9il9WBGBf","l":"mubZGL73UQ2jDaLxDfMGEtIIGMhtAzZe7aUjyjjMvIMxwbVXscy12Nxq3GOzeq6nu2vLDJ31RRGLvJoiiTNpAQ8LGGcpWV9vgRye"},{"x":22,"y":25,"i":"4bW7wzCJVPgHNvAyGUiOnFRJl2LZpS3HlNj5CidvL8qrPkwku1gDMgNCX3Zt","l":"BquzLqwW3NmcjS81284wTsRYH7mHIzDEbXGOFmjP4Cta38PNQhSN9GDvotnrBtcr7MHaMXGbhySNWdPQij6g8GYqkSxIPkxSzAQW"},{"x":39,"y":11,"i":"c6MLyF2DYwU3ChJPKh8isS9oAd8quyjLRYcinImp0Kn1v5EykEKgBFP6hYgC","l":"uxfzcZUDMBSwUn3IAk3oPDW6gnXk3jETz81hLEL2uZo6AqlIXd5MPIyczuWjPf6FL9lygenG4oevfIATIVccZnDEynjsoiauNCH9"},{"x":30,"y":22,"i":"IvKyGKyUpRV096mmqKj9Y4K8mCdLeuE6bckqwSVSCjisMwnEgHozPrV7ZjQh","l":"fThbr5Otgwq1K6YCrFkEtbZNtT5ZWDDE0LUSGpRi3l3VEP3LxurNoBlpMDgXBBufJ85SzbJIPYWU1icheHClq1el34sLu3DoetdN"},{"x":28,"y":14,"i":"v9fQfQ5PeIAtsURKQAsJ01Guak2ALpUqyA6VrJMaTCI96ltY7bZHcxgljIkr","l":"j8UX88iiuHz8PPx9PkjOcQdIYC0cC1Dd5ESXbeDWSnIlDJaTovaJXkjeCv93xTTn60k5sX2PbUlXuICCRSc7OK5qzsNYQS6hpUUf"},{"x":16,"y":16,"i":"6LJna4fh4m06aPT6BkFejYWLuER8GI3DyC1T0J3QlI9oRHfhQEdpxu8e5bXt","l":"F4HPXxLkKjfGiF0UDFU0cHEVTHwlDKYHLEqS8LUCiCP4fbO0YojTSC3UMEIY147KpLPm1cqLmyfUncoosYfRXQTx4aRaHVpUPrh2"},{"x":46,"y":40,"i":"MWkUgCY2F7DvNU9C2bdTIbV40ma8LmQRVmJ6NutRJyIk9ZQq7I8sEBaZRo6v","l":"1pwPeEmfHp1SytQRJC1iS1w6rvSjQak7aBiNyyodB9e6LLlG4IH9IGj1qkPlq2FivchD5xiYQBXDiFqulCh9cRGXivf1lVNT5g27"},{"x":5,"y":6,"i":"zIyyMVjlWmPRilZbnauYAOMbVk5pwuxjPjYmjzd1KNLAFWBqrUyRZ3SCEHDt","l":"yC8AgrwGyHynXdscg8U7qO8sIx003CYDqeYvLbRPH2sAKcShUhjiZfDXyZ76sIHr1b9pGHUBsce3Ligt9oswIvQfPDiUjMEXktM9"},{"x":27,"y":18,"i":"c5IiK16mv5qhHEdHmrFS6Dll2dKvV0Ur33iHaMzzjJaLIOYdEPEjop41yrEK","l":"f7vn93vho4BQ41mOLQbO1RYOFsjsM6PAaDAmC9Vz1wsmeldTHzunrEteSp4eqVYtrAJDDYXPlPz5GQBSgN5kgZDAiPGZHlAm4xGG"},{"x":39,"y":26,"i":"SzNvqXPLrll5wzEDAzyj6D8q3wL02RZbxu4ia1V9wkwJdKzNTdtuCgAxYNOc","l":"94wtaUKvBc732ogEV1IeuZIUfg84Qsje05xTXEZaSTJU6b8BXIICrw5BFejnXKZ3YiTcnAwT54Nthy1hOCe82ldeFpyTe7gUXW8W"},{"x":20,"y":49,"i":"sjGCzw4Bgf0gZD0KF7Ip0iIn3PVpvcL1tp47I4fAZRgixtBVMbedqpcnbgUb","l":"3GeYvAE8k8xX7qwhgeP3Z3k7r3y1xw5zJK8fLP4LXssOy590bMYGeOXU2L919v46SNmc8LImreOhgUErVNAbJjsklWsb1XW4DeKg"},{"x":25,"y":16,"i":"IJ8au9NxrGCMEzO6TJFzEEgOi0SmRCTWrZvhaKm8CLl41iwogxeEDes6IZvF","l":"ttBhfgjeN2mBxrxzSikezTiSgecX2ef5o064tbfBuBAKzDCuQOx6zcjK4HsMgz7LTjnlJvN4kWP5y3awgLyZ5oxIzZ1eYRwTtcyT"}]}