{"results":[{"x":37,"y":19,"i":"31ePmxLoAAJAiO5lU0vL7Oh7lcMlHAVMkr1M6d4uzuRlfkxlaYMuJpWVMNaK","l":"FTUyuMBhsSVqcPJjNRiVUm4XFLETOZBrp2y4AX73zFGnY3JfZG760zMiDY7EljPNWRQJrd6Z4cAwmdsWMnH10wNQnCbNtvMjRNpc"},{"x":38,"y":16,"i":"YtVaW7WaepIYUHFt5e57cNAbs1jQ8lFVSSiiOGgv4oo5YV12M1vlO9A0X12o","l":"ReARhIsWZdt8GrspL6p6NOPhMzSB7fQ3tuH3Vnxvl3Iyls7qORCzZpdV3IENknvMIwxF8DEpZYNzJWartwdeP6ILzllfPjNfy6EQ"},{"x":24,"y":34,"i":"0nqVMMi9Wl9orwOBMTbjtLC5mOjqOjbbiteHlfgnrwwEu0uHxxBmsUXd3wUH","l":"j1co4EOCGEO3aSiEl8im7nXvkwjK0QBLU7rjkoqQoQxbRFRxJW72dicS5NR2p9AGhNqpIO7rnCmD1lNwhc7bymiptr3azSETD7N2"},{"x":33,"y":24,"i":"PrOM0mANYqkxHHM55u3cJ4a2DHgahtRaFidikVSoSnzVDmnKeOEDE2vTnKIP","l":"MVAuzu1iwtSv3XYXJH15ZoTLavG4tlGXtjvcW24xcQ9B7KgifZSfkAck2DC8AIUY5ZQbVc4XKBzAIpcRnQXDvMkRx6WNzuRvzzNJ"},{"x":37,"y":41,"i":"MsijvcrnxpyANWFxRBYiwRq1x0eFbwaNiv5LjsFWFPUK0Ximz94FIgzCbPuw","l":"IVuabmO3IUaz79CyZBtI0N6j1vRgbQWa8h36hhCiYUZ3lj3CZUMGFqbKTHE6c1audDFibOxzcerWTq3CeUJBYxjmUg4II1ntQx5e"},{"x":49,"y":41,"i":"54a18UTFL0DfpLbHYOyDUNj8lHEa7fuodeTMO8631d5m1HTS3PgEBfd48dOT","l":"1ms7Q79gHfCggH7pv5cFeDj22IBn8WvyQhdalRgKkfXxpmf12oVdiW2j69ia7SGgsooEbukzwd3eQXgwmY5ysu6xNdxGDxREF8xZ"},{"x":10,"y":35,"i":"muBvXUgHkQHkdAWB9pCKC6FgiSQvGxJc10WDK1IkdqefwM6rIcM5CcN4O9u5","l":"PW8AMzbkmyIUyJVowztxX50Wz7uyNelHnxDFDx3NAr86LMkA6F5cif5Jxh2PAcSLYwMViHIPMU94JuBuPUS8gDpSPzmeBA8fNYsV"},{"x":18,"y":23,"i":"GxF70TiO2V4RHQgSoo0ttHRJueCPLIksJt2uSUqKDaPutf71g3qY8gy0zIba","l":"XiraBoOnARPliot7BetYHRiIWUntDPDtbM7016D9lOUy4BxdMlRfGJH5hOKDMGEdakolOfcLqtiE0Lwy6qvJ2jwwm0XjQtbOFF9n"},{"x":10,"y":47,"i":"UUsid5O9KeEdBLhLilxDRSjTOW1dVUJbRLy9V9PGQOxJgUWegwJp0liCXRAR","l":"tU4neqGhqAZqkOqRtXqfU9MH7SHQ8MGSoN7BRlPukRvrhxXN7IQK2AtoXNTmO79YXEj8ew2vS6O3v5LOIm095uE5SV40kF3i4YBL"},{"x":0,"y":21,"i":"JBIX9cgmJsFlf9EuJNiuV1Qo1sFhAxAcB1eQq5rwhLHTAvEO60kD1WlZg47U","l":"o3pjqeBN9gNEZSKRewlh6vwHMDqJJldE83dd9WgdfL9EChBpQcySVP7uJ61apcLp20M77SuWMR3dy8YvquMtLV2HjCuoYGiztzVe"},{"x":33,"y":48,"i":"s2tJQBgy8QdIylS64eI1Ib6vMMhFvwTetT8or5zMr1faTAF2wyIn9EvY9R9C","l":"jDsIzM5v01D6XJRkbmujsln67xM3xC3MU3glmI1wpnrCS7SH9F8VYeIvlJqTrjF2SK0WMbRINrBjAwJmWqSBV8DNCrTQE1V0eszM"},{"x":34,"y":10,"i":"rH2fVFPX462oXWFaCrRFNgM8i0BZfYsjMOwVUdKbeeDamY4XUovzsdsttCD8","l":"phYk0yRnDoqXZ7hSSfWtfZkNeYdARorgyMKE27e8asiO1RmjoTdKxNIAErChzg5jcSphSlR75jfcCTnYnL1IdNIw53y05dXstsH6"},{"x":28,"y":21,"i":"TtxeZZBxelRhkScOTkvxxIBBcoj666LKA7sXLkypu3SedK37epn69scPGYfI","l":"CohSjWgsDcKsOzzB8GuZ4glzq0WA1txgzxybfjauwtS0aAMWmCWfNaLuqhUk7IBSt6J0q6vW5uzcumU5NJewTDKFqU1rJQs1Bxys"},{"x":7,"y":23,"i":"5nfVlrX6mY1w2spKVwTfWwzSRG3KxgOJJkAKR05edAuyY1P27K4pA4h3XW5o","l":"ke0VfbAmdClJH6eSkwnJ6H12Db8GGUFmFMZSmsYSDKoFySHSerhquC8vlw2TCFRAOjcwowNGv1seowPkL9zBybBPJaYerdu0HEzU"},{"x":33,"y":6,"i":"DobbJ41slLVZiyafcvY1hSzyJea0OjG8SptqQEtYB6YDWX08om6ErmJ6GgoP","l":"KFlSXvmidQgRW7vD8Q3Ou0IxnbD1hhL4O0r2wqGMGbQabLEdxmA1SZNufNPnlJlmHDmbnamwP3bChHSarDYFICy3CWKGR240Z8xa"},{"x":1,"y":25,"i":"LfwC61ktsVYWUVmCFjMJ8nmZ6YcZF48DCWm1GvnyEYj9zGmdnnl6aq9n4zpz","l":"Obxwr96PkFUHfzu0Uw0p71dLZDQiwayX42yXGvuHj1bPuLySN4kz0z1BAxfY8aF0bWS2dYK1NocVzxzVptSSQLHeTV42weIjjmR1"},{"x":44,"y":44,"i":"ufPwcy1phog2CdXOToEgT83dekowjtWmnFKoHjKeOWA4QOesFQbG14izhx6c","l":"ZUhxQaFNDlCAdvhgp9nYhcOvKF6ogssTpV4XKeTyAslsMQgY4Ao3KLz0rD0l8q4Qb20T4Avtwn5r4adS7nJ7VwUAyBWwZnwAoyG6"},{"x":32,"y":11,"i":"59tAVuL9vw8NDbv6Xi4hKixER5wCz3XgkZu8isHC7k5xrd4p5bPnkoNQnvck","l":"XtO49NUjH7TLvoQzCmue6fx9N6lupgPdbmNuTBRrf5ndlqbJZpJE0VSmTgbGzPrzDfXRnEHUqmIDnKXmU4TdZV4pIcXbU2kHfMPF"},{"x":24,"y":22,"i":"1XGcCHSoa18if7qez4j85DXCyiDy7iRK1OB5A6a87U9Pz2Kkx18JlRzsr0mJ","l":"e6QBGbT25NhwNywFAq4XKWI70c3U0euP676HMgF2g53EoLc1qVlxDhRIxWKIIsZGYThrdurZhpnNm6fFbRUVXDJ9sUszAHaamAa9"},{"x":24,"y":8,"i":"jB5wSLVIwYkRp8IFueLf6waTTRzb4lM6DlbwpkI0zZ8ZhBmOUwaGdlFzRFtD","l":"QSF0ln9rdSd1gVoG1F5S4fn0wDOc3onDvuT6l8vLXX27v5lb2MIFc3OThHEOFJkVSOAEcWmGadq7uYyKSk5OVQ4XO0qoJaa2SeD0"},{"x":46,"y":47,"i":"SAK7pxuwrFy2XELhrNdCfIVRDbNhBPx2RJHOoEEnwezyamqTAmhWMWCi2iVS","l":"KgkCFLeCXRzgKGGhGTvbYEd2eUSx7U7Uk7MiBH0jGi7vYDMIEnnCGNIJo7NOGPD8dnnY0mNORi4Mb5Fb7LUyo6vTDdxdBrPKceST"},{"x":13,"y":29,"i":"3FcCydZ0ThTDr8LMVUVl0QiL0oD7apdByuBabHhTbyFVUqkRmHPWG13HMRcP","l":"6fCVmK6KYNIpyLRSrnD1imx2L59aaZyWTkJTJgnJBL3zSwsGnnOW90AyEWh2purOYEFK1EnSCUnHRmQnCGOqKbAR5vueKS8PqXI0"},{"x":18,"y":13,"i":"cvtVGtknaQrsC1zdZLCne0ZOkNVwxgUzsO0o8bZMfTKLJZx26RCjUUafO8Ck","l":"FBEjyoIXxFUZSBVft8iUoIjbt8bYm07FbsEQYkw4gRWQH5GuBMTFd3iZ71mZmDzi38VFMBKivUwZPsbak81ACe0tnSbZSRbLE2kz"},{"x":4,"y":3,"i":"vSRSHy0EHwlYWwMHzYzMBPAkdMmeqAD9UzbRXN2jeIT4ARpM4WEpKCJKwcSa","l":"dQU41SiIdN1HZUI70xqyMa1WagUCqWjlKXhdB8BNPamM08xovYYJ3BNH12tMvcNGH1H3n43WmjYHdYNRD8PWMG2slWfc2meBu6eq"},{"x":15,"y":21,"i":"15hYh2lrJaz4KpGVOa2tNKFmeQ37r9tGxn84otNxSvlI4ShUZwrnORxjf2TQ","l":"jSznqOqt6EKpup9PMwq2MpBCa2c26InHPhmIDGwH0XUFkJfCiA9YgZ0NiuiMPOD2rZabD9VEv6Gjwkx1jnDUSsmBt1AQswot6jwK"},{"x":26,"y":11,"i":"fAvuDcxw8CAd8geOhKYAdbRGWmZ8K3nkabj8rl8H0OTgnCnl8Cc5D7hipywf","l":"VxZ1lszBwzV9H6qBGRVmGy0cIENG1k9E96eaACfHpwsO3yCi6tRX37Wr4RH5xbW9WajiEUBgUl34l1gK65MJV98wvGE75ibfS1us"},{"x":41,"y":49,"i":"0j4XAgJOmWmCJu9BWgU8v4gT1nucCrmyYKTBPjE8QzUCICTPInyAkDMJQvOq","l":"ewxVbvlK1ST8YjqaF8I3wWC6hdDqKPRgD50SleySDV3BmX3lKfnBtRxQ14reDhRTJiWXJs0UobiHlDe9YUd1xwqJJ2nEzcAAZUzp"},{"x":28,"y":9,"i":"dlBlIxQSFObvVrAxoN60YZEnAgnRrwjdLRL26QsmcCNuUIvpxPn80lIMJzTz","l":"jJJ3PMOuEmuQmsRnjrNbCA7BkIvGwp0M8XgiUkpel7CFJaN9NiseEgPuPXoXO1t9azhca0YDhHCFrjn0yXfjLFsYpm6TsRIcwgym"},{"x":44,"y":11,"i":"SoXiBk6wkYJ7SoZRIfy69mV1VFnv11ioTkxyZNGwOtwHXR0f1rzcsQl9TJoN","l":"BZf8rNxwvtwXrNUYktHx9901qFPW17yODqjT6T5e0ZxbeB17hezImZm1TizovtbM9Uo9CvvEd9PYMbG1TaEPeFUBNwCQtpAiPa9o"},{"x":42,"y":3,"i":"ncGmLW3QL7b6l2kBlMPeJdbZrYtUyMsUhSUJE3NgGtHEyYlrKFpgk4K1VB0V","l":"egL9P6mDymXXlkGP8qUTHyBMb4Av5upImbcOzkpEBGiIbtj1GOIUMLyCopIZwTWkeFgJRZpc7g9OSqNzjMuxzc9XfjD1aEsuF2Ji"},{"x":40,"y":42,"i":"uqnrLddVRlRNF1TlK5NRdQ0YxKpEfDuAOqbOLhHWvJFyYytzhpKw00jqVfE6","l":"9sRNaLweDopo6H7gyqnsUFrjk75c6e1h2pkkctY4XrPhFkjJPHV0eRtWNHFzBZAxcDqZpPN5kyIkp2t9QpsE7QUK75w7pS28Mmqd"},{"x":0,"y":36,"i":"cShmgKpHb0FOBcqJqO9T3rxI0SeIo4T28JpWtU7gGtTo4f20rJyVPtcMv8MR","l":"1v3Tw3nyUvXN4OQygve07aIznEAJ8ghAFoP9q67V2IvvGckSqFytzBM5fqEo9ncDzAh472RKkddVJTx4SL0heH3hQQvPjwcnuSqJ"},{"x":12,"y":18,"i":"BKhwtB3erAYICg8bklhRKXj4OPAOKOt4oADNW4gG4xFC8r14JgTpUSEsSoVn","l":"aT2HUJKiHWDum8KIk3w4vfGrjdiRKcQnjGIZybJlJn5id3ZXzvtVBQ9gYpvFmjkaZjc7Cz2Vb6RHRyOYTkwpaOuxFWf9DU7s5GYy"},{"x":42,"y":9,"i":"sBEIsvTwMC7RFXrHsAQYxyPmbVteiJeYoL46PuWeQIKwDBM1HynoiRUOdVI7","l":"RQhIHSkz2kzZRfm7HDjgFBOTsus6O0sf8UzUTTNOUs16wer0VfPBblPS9XlnLhm2Hl9cN57hPUui8VzgcNIxcn2vure1xaHcOybo"},{"x":31,"y":26,"i":"Wy7BdnhM67k5iDqSkr7uZ0ERKi7dZ9VVY3FPqasnvHkpDoXR68ch0zePxJjr","l":"jxILxqcYzWqgpnOcr6pZSFxSgKuXYbTJDFloZqdaKLssn0NAkQhblE0ug6WxC3pl5WwFLkoGAI5IH5mLB7hDcYLceMmMd5WflYXp"},{"x":39,"y":46,"i":"1KTW9p0cXAqonsstT5qLooUguyTmMkGAkVTeckUmMTiH7Xz0dBnwuTjfbdRa","l":"bwrrKKgxKwYivho3KFkolvnydjOiLMZxEP3BHmQsTNnwSNJTb1msI7pWsd8OZqJ5ajhvRFB0iXwDQhOBIQEacVt6mPxGGwD4YkSn"},{"x":2,"y":48,"i":"SrguPQOududtq9Btigi075UL5K8U1lXkKjSAm0dTIoFz6zJala6Jjqg8wU92","l":"aV0dRxZaZCOebOlQfPlVMu1d557JnPwXHoJDI56iHznHqIShfAacsNZ40BlRqliAhuZH9iU6aS5gQPJBXBcp48xq89i6dkGW6c4X"},{"x":14,"y":22,"i":"W0yNMmSWlS29W6auSaOhRLPoyXqdgIt5SqWpHB76QTjYEcGDLClSnGEog4FF","l":"HAgP4vD6hha1MdZqlER8hI4ixMwd25ndaDeChVgGFx0wiSYH0fYZIB1U5KT9Z4rp5PlIHtoUxINLPw8WBjR0f6yg1iNGLwkPYrKk"},{"x":47,"y":11,"i":"gKQI0udHKyIr4aF2pTfHJyYrQVlPjvmIIbl1YLZGow21TTlB8kWnzlxNSfTW","l":"9h9WTApkdv6kr22Z4b3j8R8Cus0sx4Kt4xgSfVYRdx35rYWXqflAEMK4TwuBjjpmCGFh8Wz5WhXfLN6yYNZX79oAP4KnwVn1Kb4N"},{"x":2,"y":10,"i":"eVSaac11wDThG35ECFn88IRt8NE1fcQwN1HCKqPL1R18tLQj5vlhghVdc7ql","l":"spq6grzhLVTCKFqd3f43erdT9tJw4y5ab2Xtpi8KYnrt9B2nyWxQXxlnL3AvHhsWGxYc6kReLTGjMfUsrM3lTRv3h3xpOhIEz8hp"},{"x":31,"y":12,"i":"dbYSbNa6mSEtthILll2xEtabvB353NVKzqHKgxiaDwW4mqOc0tivdIq4J0zU","l":"Tm1rGClTrOgCFHdOm0m7Cv4p5iLYe6llE4t06pYmqWLveN8y4rbhnNjr2kZu3QtlxVKsnxlBPbQ3CzUQ45hYWOpSm77uz80RutXy"},{"x":11,"y":8,"i":"k75XDBb1Z6enMgIG7RjbkPw1stweTUBvoxLoggruryTncRBFCAzkJSF3I6ol","l":"nmnPkWWLOYIJVaOeFPUGiCAh1G91Weh3k6krOuriry0WwHQ2DIoVDCr4d0zXya8dzRV9Qf7v3uZ1IW1Wg7cJbhy2z7kyyM12bXcH"},{"x":9,"y":20,"i":"VnVjRof2xXdJRSyRSdBL56LTqkaAXf7eK7HgdE0Lup2ZeKgrQwDXVSUQwc3Q","l":"39NFjcUIy0x6um0Omf4stQguTRGuppTVwA7Hm97lNcYPTQPtAL4PlXrp1rv77Pew9WgwjZYY4cLjB3UbESTFmGMDIKVLr5oF5pXQ"},{"x":44,"y":47,"i":"nYRK3IBomqsZO3qhYJp0zGlE8wSy7ubZyDFRhNnXKH5UTw9e5zlRkUagHmif","l":"PlqM1zg4hjEqdBsByRhK5IVqV5jpFv6Fvnw6LvcnxKOyaCUscpvoCPFjkG5sznoorHPiJVIQYR4gz9UWuCPddIKzl3W8XDIgWmAX"},{"x":10,"y":3,"i":"O1YbtCrWKPluIc0pqeMmOmNU5Ur5GKKAOt9n5p5N4IAZtTsvxV5pHk1NgPLb","l":"GPy7Wcu7H4Hqa1Oq5fdWUy7LA8nDwG2LPE3OZEBltWIIPsCcTbuxUYstjTJTQeuFXHa1ISMey2VPy3GWw6DJZug55FwasYwh9wow"},{"x":26,"y":3,"i":"JjjW1UdAIqtUQWjdAZ3jmouGkmJe9ENSz3srLuvrA5l049763z91cSpj9Nto","l":"ZHn2dxXZEXPY2AR10EyHXawdVaryNWqMTafF2wbSbpzyxglZs5dQrOk28wHFEl75mKr2SMiVyBN1KNGpi6dVPjb1ZpPhFATY9Im7"},{"x":37,"y":0,"i":"6r7ewC1gHlL6WjjArnav6a3XIrbehLezi8mGOSEDOMksrKQ8hqR0TpE0e3C0","l":"ai44uK6Nav75tDLhvIcMEaQc3zL3sMUFARMnYRCeuwu8CPhYoxk8u2m8uvdAGQGpX7Uw3Z8Ltcgz4g4IJmFJ3KFJXa3vHTeNUhRX"},{"x":6,"y":40,"i":"fS13YwYYlEGIIMv58pQW4v9JdQ4ucPyqHuj9AdHXyRQqruTnaCNteRAReg84","l":"bUWZNeRka9mKqXXU97uNUJuxI070BdOHmssie0Zzh8miqRV6QpDzkQGouEbkca46A4s5VCk2CkUipLwl2hsi8W5ELIJfQvUOjGdu"},{"x":2,"y":6,"i":"cVbo6AJQbS422b2y7JKDqMar3ly6UoM8aht1B9HFbLnqHtAqHRRPqmK7Si5i","l":"0ZI86nEpMvZAtVV9jOvp1AiZMPamXGui5iGxthL78OzwQQXFjm2kCHjfYid375hZcy1uLfReGpBDc2QDV4Ial3CRMubQXQjoUkYL"},{"x":19,"y":13,"i":"a2zobLkMjbmTSJQaht2W4V3CJYamwhwSapfzhfU3nKmkVdBEMoWA3nyuyxRo","l":"tqxBlkjlNIFI0r1Np0ZdoIONYWnwzvvUieaJkqpMKozl6qCiovCa2v93zgLiyFYGDokkpYemFX0Ft0ZS69uyK9I8be7SxGOXuwxZ"},{"x":40,"y":41,"i":"eKJ8sCWbkgdkVH8LNZu1oNR5R8Y76VuAA18vpF1kbC49gXwAzzlBN8iqvDR3","l":"1ZehF049QjpWRo1ol4RkScQvOG1liNPyhpiLUCc9K0T1lndlHqYhiBSoTEnT0poW0eaZeMC74VNyBurLDRNATb7QfCZlFVhCaZ9N"},{"x":14,"y":49,"i":"Gb2HHXuGP4fJyFD3DPp0OMQvEiOVcGl2PrNIMdZqFn7G3qpQ07wtzHtsFmKO","l":"ODLtHdr5mOxoWHzG1Hzlg89ao0YnKphdgGjrKYu3YUMH1dsahR93RXzvLtLrUHWyKvm0JlNBv6gT9Yyw9c4c9zxDb1bdK39uUIcX"},{"x":11,"y":12,"i":"B1OEEDDf4Wcv7AGhZywtHwjLaVIRidcAHkdeA6ceCQtLrpuNHxza6UhP70Y3","l":"zeE8KTH8CuRnWZCaWcSPFo34qlXcEBjmVdE1QgOJIXrst5uHeXXwRnN5f5JPXi7M3yNi2sQg7n4rf6qZNHGbAzoqXigYmxt6lcey"},{"x":36,"y":31,"i":"M15MetBpKFFjmwpTDC1EiWGqWNXp2W3oHKuhUWw5NcpO6ihnxC1LK9rQPipu","l":"N14TPfZp2uPoybsrCKXpbiX392gWnIPrO4tSlVJ0HFnvzjKv3WD0otS0wtzATUvECF0hAvOfdZICvmtyiVpcarJ9Os0r38jiD1H1"},{"x":45,"y":13,"i":"ZfsiKdKm4khHQUjVixuyvbwKITzBBU3WQ54YyzmNXYemGEjwXhve6HgPB6wA","l":"ZJhS231BwLBnq6zbim7IJOJL0B5qilCYbMsu52BjcIbwWDijQeqX8EssW7DshsHeNSAmejaaRB8UQAIOpHGwH5sYOIPEckChEswS"},{"x":37,"y":3,"i":"89gtpj5mbHYuhGNJENjIIl7cpwpckchqIDsNjRHJBE17naBkcEI94SWDd5ZV","l":"yNSWnbGqd6Iji0B2y3r7xgo4h6Id9HvEnLZgYY4h35SrJXXDrMGw36t8E92Ams1Steyn12JGlzvHhTTjE8cdIS9r4FsvGgGQsNfj"},{"x":20,"y":8,"i":"VtTatCGok6De4agMqXNrRp948HmSQn8DNFKiIWKGkeEZUBEwkdy4IZdHac3r","l":"H2LscP2hUXSYdwYhpQB0AP2ehIKUDygvPhIEyYkS5jvJF4wz9s4K4N1gOOplTkZWSL07HTII7trGc7z1hWcIVQMCTN66Zxf3umNO"},{"x":6,"y":28,"i":"axVRjSRuJQnKcz9Qsb89XindamkivFmNFuo0UX9NWOOGvBU8W6CjXwta7NT2","l":"YLAZPtDGS99RHRZVnGNQ57DBDHmS5e7YldAlpLi6UTZKmVclAAZyutVHZLVnxeK1V134lva4bsJwWtuOizqZF2HZCTvLfvhHZxCZ"},{"x":41,"y":6,"i":"RGyPFfXdpiZSTL1aXsi8MkxIrJd4cnHhrJmeXFlD6zag4O2YVNc2IC4EgOai","l":"top2VGCu9HKhew9LqtA9DVTijdLdsZ6xlQuN88Zx4KiDUghdJqNyj6LcIsBAdv68QEaDhwcRfPNcr858FH1O8dlRuvNumx3klWn1"},{"x":4,"y":35,"i":"bpwbPFCZIfaLYPrqB7mE2mcTA9LGv9vJWPBzvjfNxffrH2ou0E280wIZ88JY","l":"YIq9Iq4hAWhmbudtEytTTRnjdGCgIj5xvMo4bF9EUhniIimgPETPFBbcbFSsREZkFXzwVYmho0n0Kx4a1xXRu6aBgdglogIpChMW"},{"x":4,"y":32,"i":"9ONQsEtSIkTvJKGCJAnXXma0KS9ZfcPhgEVP7z7GmylOq0xzxZ8T4r7vuCQs","l":"eVjA3IVsBQlrmumGT9G3jbRt1nHYZvqkVUOYVnFBZmxqrbmQL0EYZlQIQdymtxEwPnR3FQEz2Raif1gDfC57IkWvZWKP96LZGnej"},{"x":25,"y":20,"i":"3eIyYYbw2ezRPqlsQOmdos48K0Vr7NoXTarfV5Ge7AxUbhOboVoA7URfA4I3","l":"06IeOPaKmqqoMY4K7bNKOUTHvqka2lTtGe3BbaEM5Vs142OvXXN2mYf0DKpS4L1YsELdRdxA7LsiN1X7Q3lvZ6BEN9U3EGCHpkFU"},{"x":13,"y":10,"i":"boud4rE7crwfLToj8RCyk2VvURX4GsShXWyEnyipWzqvscfN5YbNyDSdUuNi","l":"9ZGivghWdCQycR3UVRksoVSoQGaFDpeHGGNsGCz928rp7fJdRg46lpi8lomM88gmPjHvKsevqkJKPCwdrPew88tHbLnestLeZXfU"},{"x":16,"y":6,"i":"u3ucSy20zeQEhumWMAT83f34JXk6G3Zh51OkpecPqWNZISXAtx2jjFfixM0z","l":"36dhmdbLk6028plW9geCLpIVNxIWPYPLfoA8o4NIGyaMQFcun36kuuKaGGTpqXnnBUNVD2pjjtwbE5ubdyIzR16KM5s9SToRjmzI"},{"x":13,"y":35,"i":"FDtBNhcKpab6urAsQSxq0ThqIvbisWB0bm9hWkKyKFZkuKktXAmIo40YDf3J","l":"crDFRd8o0LHIblBeGIAOtvFnlvf0HGRcn6OPv1NohQDJP9R2BRMxHIkIBWhFBPFhW51HzX1DQQRH83lNX37twd992TtHZqVRvlhR"},{"x":41,"y":35,"i":"gwWZXShHCkVOCH3fuLt55NqvZEnYrVwNc7EHgzpavXrYNKqT3qbtfzulraDw","l":"jk59ZdLm9sPCSwWSxDxiKPLtAr6QqQknC0AxYEt73IFbZoQ8yQqEbAuLGGJPDIZQDLjfY00PPlCHZKIXqe27obcKmyHW9zJAz4M8"},{"x":16,"y":9,"i":"Z1HhTHVFoiDBNu2XVaV9bAJccLFSZkjEfHJ1heVhKXa3p5mTYoSHIDAbMTwV","l":"Gn5xChWTthPoT8dncOKBZyh1TEFjZjnn90IUPtKANslXCJjaqCXQ34ZOXECyN4lSU9WckfzcymVgs05q1j94p3OWdJeG0E8tmsaj"},{"x":40,"y":46,"i":"aNfZyZerU9jA5el6P4mi6Ceiai0eR5b0QxErbhX7kGACMiyh9i3w2DT5hvrH","l":"sxwGgDT6bqOyEgdSqqwJx6JP6qwxug0JAI2uZG8XGXq3aTMNVE3GXlgYJH9qzNWZi4eKSs8ix4yu8fGng19NdSYSfFzwprN0trUY"},{"x":16,"y":4,"i":"nJB0IMbfWscNsrm0SzRkX2StUJQkzIpQZDAWLZhP8lWKmjwpmGfK0jjvoIhE","l":"e3p08tXRvcJOPHNUkKeoV51GPsFQhOzLWPVKFgxxaPMw7dGueVap0W8NrOPs4DB7i5NntbKsWnIJfZqoGghgZkgIswLOqCsQf0dr"},{"x":38,"y":48,"i":"PprZ94SMgW1jKcWZQJwn2Ib19NRnPX8ypT8MuQpBcEHePMlzpXUtAPNy61gz","l":"022wp7NzvQRyRGH7EJmhdH2sYFoz3m9ZBrut4TqjE3qFBW2s8Z6hh7wJ1SRXTMxlIvfzpwZS96IlBwuU5Ostc5gtiR6OkJ2f6Agp"},{"x":22,"y":6,"i":"f01KB9ZqJBQ1H3E62DFDM67e1Vk7yo3ZgPnLVazOiSkBQx4OPJL92dQaCNBh","l":"wEBYRiqPCNEh3iTy2yR7EVssOYSHWE4Rf4WKwdqqjeRXzS11gu4KegIs7Cqsjorw3b17CI9TMdzpL7cke4a3uA6vyEBuSfMjaaQi"},{"x":34,"y":19,"i":"ufXpeV9Sh04lW2ZHZB719EYtFdm6KSE62yQrGLQ1kxKrOOHBG1e90nQN5fPW","l":"XMJtjtOLoTzBVazelZROzXhrJEB4aFfQL9hZbAWKEd4ztbC862tl6Yl1okxCoTNAbHobOGo8Ncwe8K6GfCxT7TXONjVDoko4kyOH"},{"x":45,"y":11,"i":"FPAAN8cRiZ1DluZoUiOpvZCFFJUZYJ18ORwsn14ZpRr2HQW2RWwBthLqiEup","l":"Jemf2aXXf6g5c74kMt1Cy7vtQD1kbluOscx3DxAAXDO2ZHoUrrLpqy4eGHs34EyfKVoRFyAuf1rXjvaOJVAqQvfC958JrKWKUS16"},{"x":44,"y":43,"i":"uvFxJozCZHhdPOYXVcI0ReFMHgXUoJegeMrJER1bTwaYjyDgd94M1ZXmo450","l":"DYUjJAvNs4Tn9HwsBbXCCNHxtP1U3BDmrod1x9MZgyDruNVnhrIUqLqGFeCPNi3f4QLVhNQE67piSkiMHAiJnkris4Hzn3SsV1RS"},{"x":47,"y":32,"i":"clpK7YcU4wPrpRQGtzcZMFAyeVJlwseR97jAYxhkeJ4uYHaFr4fzU8pUtKFs","l":"9EyzmhQfrLGRczI7tnplGevTEVaot30bFC0vJ86E0qNdby1I2cQ0LEQH8wCblhmSGBXzT50OjMzGUzcoFoK7sjA1NTSBCJHJfaSx"},{"x":38,"y":15,"i":"0MS4MrM1mSsH4OnpgQIceFMMdvuaWZhjCPVgd5T6qT0cdcLXjyD2T7648AAz","l":"KvqDE737GL3uBBnJyj5zVJ68NaWU6X1U6c6Clfd9zTYndIOAHkBoDa7P1ZLkiKqZsX111NuRMDyJWMqQCBajHNKRSOylssvbNUA1"},{"x":11,"y":44,"i":"k8Tz0NPVL26G0YaoxQIMxc4XL4LqlgumX2G5TLFWSFFDOZOTVahB1ORNxOjT","l":"ibgjbmYDQrckNXgYzPtVTSbZahmgi7B8U10YTjPXJvppKXlbDmvnFdbll0OZzVIQbjmmubsKvr9XeSjpVreu4aFNkro3Xqaj1bgk"},{"x":46,"y":48,"i":"ggdSZzEht2RsVR8IXa6RmGkBqKvWMRHOkIzjtjOVLzbwRx0NZpVxW1qUWwcW","l":"CYormcAAn5M408IoS6ijSctbOV0JBTm8n8oWFNt0fVBU2kmS2zYDXYmSJw5PFNieiS4Q3VZo82fz5L3rn7B5aHiYTBJoLyxPKCVS"}]}