{"results":[{"x":14,"y":25,"i":"qHEiHtIERAPaDTLVtvLIhK2Qfqiw4bieme5H8HuTUtXULTBebY2UbUFsmoAT","l":"iLUoUGDFmsavOhrMtWl1MgbDzaFrNf2joOTJ6kT2EgSInaPLHKDsmn3FvvFgrUhbG1RQDjq6b8n7fJGAhX1EXqKZEjh7DJR50toC"},{"x":45,"y":13,"i":"CozurOJIf1AoYnkUskYADzGWqL50il0FJQjc2y4J0J3OXn4GFQvM65BDMKVh","l":"ACa3TEh83d0IfK0nua5bRvgQ13jFvd9Nf4aGWoLORMQte4ajmNsW1dq8PX5cPnZ1YCuksjlaEX2E6QShEWtk5d8yJWIoOplLkJRQ"},{"x":32,"y":27,"i":"zkEuKn82dDZlyX0h9wUENcU8aXQC1LfaoqIdXk2jffJ0dHGO7Owd4BEnHp0d","l":"6BfzGJUy5crLdyofX1JxN3BLE7Fk8EcbnScGucioQHcZPj0ZkK8oynpXDcXGX2niFVmy9bVJAReI1vkYbUhuAwfRv0HBwscvnaOy"},{"x":47,"y":32,"i":"eo4oS7dIx4qSHeMfKaoLrC5utbNB99m23ft39NQSjZDHvFsSVHDdeMTDVjo0","l":"pKvbo8aefFjkKEygSIIEBbi8FuIfxxt0HMEfKzv61l1eFGCNUe71RFCLfpZTlMWggAxe1jtyQKzN3z9KmkW9JMrMDPzU9n4dy8be"},{"x":33,"y":28,"i":"JoIUkd2U4fVXaTs3RFdhFKeM6E1lkOEsfVlkqnAcuFnG85ovoLm2M8sgQB0B","l":"27h3eFcUSvy7XD7Bjuas5Jf3QdYaKGhU0ZfVo2D72QxBnD94xeCDxgDzrP9t1xwIX89ACThNkCKBqW2jXQVkoWc7wkZppAcPQep9"},{"x":24,"y":21,"i":"d3GqtBRcwxUTBCtOAduXoEMVVnQBMLIglEAuRO93v5ZokRiBhwgocM3MSJbE","l":"IQj7BiiVovSbGtQzFBU6KO4trICeNGN8SXsqqbySdKP7ZLI088ZBZJFWKjBJEgLWLe3bNCAJrsjg3pZeutOCHfbNppL9wRIMyE4z"},{"x":49,"y":11,"i":"p0SnFp2VUwsyVbP8ECOorGArd47iTVvQWGEluQ7tLN5nF98A8B7SGWUP3LCa","l":"asnygTNZykYqLSQjQo4B1w2ziaA9z033EgGWpQ64db42gKAbbKBY1vE4TMzBucwFpgnJrn1R33Gsf0jHhYKXmNfQ58HWERnYAngB"},{"x":35,"y":6,"i":"AtwSRU6b7RgS7rd90Uu7CT2xwFP0SiaoZNp1C9tQITJeOIawHhtI5gCvPrwE","l":"wGIv7KwmNxPqdMSmYoblvm3V8zu4hBQVfgSu2z60rnUKU1YyOhPnvaNskXYa81znDxJdHH7JHArhg5fSthck7aEgFG6CBk1THduD"},{"x":12,"y":30,"i":"ZQnSEPb5oCUAR3T6znnejn3u6kegDnNtvnplT0jcetF3NIV1LOEV5LEXjHQc","l":"itQMi1GP7aXzZd6lPVBk2tc6f46CYlzA0qtHEUnFFZNjVxsAcPuIZLduC8JatzBdBt5YU2jb9b65qTkwqOo7RQ3i6EvLRpuPE40J"},{"x":22,"y":1,"i":"lo18l3eKhOFxNwrc7EfIsrP7SBNRroRIeAtD0W710loRKXWE278vk0lihISf","l":"UauvphQx5nkLFn5Nmu4o1a7gwvOn8MARVTZayaQahbtgqVgPVf8DL17lWzDw7TV8Xwv3WH5IVVH64UfQ2XJeui8sbN8LQzHGjMzl"},{"x":10,"y":40,"i":"fl7jhHY4AWB4vfpA1QtmBQNiDuARYKzoGtAZuafFiS3tSt8y3FBir7wUH7Du","l":"PTtGfKP1q4zPmnyhDAuHaS1RYd1oFmpF9TDdFxFpzA6MNBWLeWQd4GutICcbKHfB1k1De4i5cJ1LE0R4EDGW6ryhlpX2tChcocEY"},{"x":49,"y":6,"i":"NDCcvUWDNqU8BIZx8h58QkVGncmS4tjFDNhxV79mt6V7K20hfQnrPoj8Wmcf","l":"WwaY69gvCO85ir4VmK1qAO3YvyHeVISB9XHiSksZssDKR4VdMXMDDWNJNTvOPAH0ODyYnQqnmedTzpEZJXynkvg0sLs9CUq979vo"},{"x":18,"y":41,"i":"BWHXjSVuktoZhN6UpqErGYoWN59Bh2Pt5gHYuk1z0MAa2VwdqbYCnL03IROs","l":"RwB22R4Vm1WVKRQLaFj588Yl9r1lTJSu65iH8X71W58w6bbdztgMTj5THqokOuzpg8lBUHjr6hvrthd6cWNAh36x34qDLez5bTD2"},{"x":8,"y":25,"i":"eMPoF3vlXWpt6QCS3M1j1GJgJCthTE1p1M0NhnkxQW6N1Gc0dk1weuqk02BT","l":"F8Ax00D06YimVB58nI63ey3Jr2pSYFK0QcMPU7uSC5GFYVR6DiM2fGqg68t5WDqUlky6vJDjr9uFXhkdYyEvtTZk2eJvRJZfHnC2"},{"x":20,"y":41,"i":"uc8xwSptj93kZlXrfDdP8rj2k6jAc86rYVbBYNtsBlajRtQrKbZ8OZERvN0Q","l":"zqZ18DGvkc9WKvjIP8eNCAnU1gPoURfzld3Et1g7UuMMsXgE0CHNpAB4GR39SZ0snBvVTqEjZ9jtHFZAduO8XgsMSUGqTlxFpTcu"},{"x":30,"y":24,"i":"vHvdEPkz2NmVgs3Qkh5t1qfvSlWT4VbH2AsoRiPWXwPSjAJmqULFIVg6d6Wb","l":"Ol6lQelF5IPwDtXUNUgtBMvDGiIpd72vhJzCpSDqjbx8caudOGNDoptLoakkyjFfsBxLtNHVOX8PuTJgRFUsuM4yXrq7elxyfqVC"},{"x":2,"y":44,"i":"TLZG85oentSLH8QMHcHMlkcsGR1cb40TgDyJkvtWSz5O8JyzQLsV5NauhpDU","l":"yqLpWsH4Xr9U0uYn1c2YISWMM17uLXTkqVpukal63n6dpZ8s0x30sJ8zlAhOt3hv7BJnahUxjHn8LKQ2J6y0OzXrJpkpTlKQRcfU"},{"x":12,"y":47,"i":"89szbeG3Bg3WoAm77Dlswe9hkQPjtdmcv64wlBgvIEZpHD8zYSZk4wO1868z","l":"f9KyULtDdZvL3wlgAI3QyXrMzvwduh5OVJOFZwUhRhNpvcTTUfmjtMJ4gMXrKIYTPtzKYRTCUbgnSuTZdumoGt5Y2tUvHIyYEYmv"},{"x":1,"y":46,"i":"bB9fuOSzTQ69fsGBZFJqadM7mlwJs9trD6H76MGLnKQ9neBjsxBPhbJcFLQp","l":"XEG2K95fit8nBlgbG8mbeHKawiRopT83J2Uvc3k4BcGD7gTTjyVs0w05IZllM80hWVcdMYlDMnlIpYm7IvLEmf9XRjuaGix4lh2O"},{"x":35,"y":47,"i":"EYcPd4wpocFEFOOlnfVNzkibvqIblxdEgQMpASh64KONsemrc2ZU10UgFCrh","l":"NRSFU9Kbp9Bsx9L6MD9A74OHXEVDtrlPG39IVxdhEULSVY4oLCAb9PsT6T7mUMhKlU7xd8P0U7VMGovOCdZJL6tyYnCuTJq6GtGA"},{"x":39,"y":26,"i":"VA2iHjU8Qt3zzPsb65dYK5M7ViwLyawn36CBeZtixjJ1PZpl710mhqS99HZQ","l":"piFQwPjobGdQcjHK46acJyOUbFPxeZoBx4RxwgIohYhZkV4kRbpS1k84iXpJ7Xd0M5SRO9n3f4Hu31wIp3jue6bdTUZxJi2v84tI"},{"x":39,"y":3,"i":"dWo28IQgxQ54QYaNkMMXwimfFjX6VhyNgXO88Ns3z5lGA4Dn5tLW9wVNJc7c","l":"Iov4Knq3wUeNXaJ4Fva9DuKX5cF8LiVK4CgvIzMsn29Wf3Sq6EKOv7G4dT5ZjHHOJc7yv1TtDv2NrV2d4AcSAlAzYIQpUe5DhJvB"},{"x":32,"y":47,"i":"SMd3Aqi7OSchvx1qHox8ubaMFzYmxX00fdsN2bzQY6kpazIA6KSLxSEcY4gV","l":"zJD9I5Ktz8ctoj7DVN7iirw5ikCLEKq7MeRQeKVlT3tFmLR5UwXKGSCVIrdxQHY9LKcg1v9J4Bh8oVHAy4KWBBjjFZA62xurusSD"},{"x":43,"y":40,"i":"TcvAp2zXDuYq5hortM4S87Jjz0eVvsDtEgOjeh1Ali68YvKx5EH9uykWlhJZ","l":"0c7gkmflR5Id2ABKFDY7wU2DXJOC5G5tfEKE3D9D8zwqGr2yq1D7M62JCW55PsCSIsVPbSmVIygm7xWESm9Ncrc4gkkTGsokSd07"},{"x":16,"y":46,"i":"zwgfM48bvMCiP4RcCZIqEFQt9bzeHsNiaSTLzE3O3bwE71Vj0qsBjANIfyvl","l":"mFFcWKnXUBE1HCue205zGfWuPLKhnCqg4YG4yUHO9HwBttWcErEKIbexi1gpBfz4el6Ff8dkMGSuL3wfBByk2J4YFuTlG8jYCUAq"},{"x":45,"y":33,"i":"n2MyyhXs3boBqAmmNhRXNewKYNmcyar3TYWdXx6ZzqjOEVW5xM7WlFDcdgtO","l":"NZAsI3CWlS9Ck1MRCfk0sjAzxlImkeBtcQVUfgeztJju9VTC3dKI1zVTAyQSjpz4a3Gzrti2VihLJdmfWzf5gtMCOAfBnqLMiJVb"},{"x":28,"y":16,"i":"sELatnJAUCGDZuZxnd6dbsejrbs0qqsv1mKLVwizlul0Q5okTq7kD2DNXOSv","l":"LVUrGBPhUL3TcP3vQ2hksEM8Ny8qJxB1fSCH0SQ3BDmW7VsOiumm9kkuH0qDKg4LHpEAmrIgjtO8M20Fxg9tNEILkJCZEbK7hBnv"},{"x":18,"y":28,"i":"j2Ku1DQObaFHfeLJ4FUA9QSNFHLs2Gvvf5yqyYfW9FBIvVheGClMJXygwaUj","l":"irShhuIjcxZ2SuKkVcGoxchKGdHBDO88ZNLqd33huoTaW0awDZXrL6ePQUl4qS44REsWiZGvzM4gtRCsxgs28WUccpkVqenL3VwT"},{"x":42,"y":15,"i":"nDjUdR4AHPFG3ojRRwaoDuE2E5Toj5im3lRgPN73PG6Bz4gP3hobJd7YfyVB","l":"qNCvxpcCqQr83k7sYa7u0KREFMBG7SOTEBu5ShgJdTKQbLcZ1Mc3dMrx8qE8dtShv6pAcIhTAr1LOoE2yFSAk9Z6BZUs8s1fKnYz"},{"x":44,"y":13,"i":"3MDHAJlncurj66kPyb8s7lF78SX2QBV8MEuXg4GmxUJRcnDhnB7kDJXFjVzV","l":"gj2CumoWIn9BHqgfdT7S2tCy41ifllBvBSPqNL7llSAyNYBbarsZsgjliKJHKbBbYx3NwsBdXwnkVZFqJG4gjfFYoM0XPHR3V407"},{"x":6,"y":34,"i":"lFenSALy63EVWNciqntX8Nmu4iSwALwOtN4BPsmJA6K4ARDotJMrDnuuSWuK","l":"RtKSNswBFbVpRFOzDJpfPY6ko2JgSTqe5i7OCDEVeoeNxRt4MN8TYuwMVGUirO0KN2IDpZ2ignkLhen7y23WnAm9BFiqubpbtkaH"},{"x":42,"y":10,"i":"kjkdwfhA3XIfDcPOyq2qcWJP1hCcE9R5J2X706A6V72wMUPM5QW2BVbcekGS","l":"WoKLm65ixNg393kNMSSxDKGTdv1PmsbxMtQYymz2wYtKbelCBa1LxLGJaaCkOJP4vH3oKk5jhexreP7nd3xvMnk686Z630kgjlQZ"},{"x":13,"y":29,"i":"BAihie05gQmy7EJ265EWym0tHJqaoAK57snfGUvTxIwbFE26CLAcSCcudo2T","l":"CMU3ABRqpDMLZgLWFB8PcdGwAd3JmP2EBtQrC5kfutxerk7VY28spAgAsN7CEyYbFanJPtU7EeO01Sg3EyflXGT6jpEQ6tx6GS25"},{"x":25,"y":21,"i":"hiwfZmksViEZDtXkxQM4luPtwOKnXhtA0Iff8WGGTBWeKY8WHCfIkYB73o57","l":"SNgitD4vQX04nHuffpOor4oKbmNfZ2N4fUtrlQ5XS50BKBF9lpRLMkgdUdnJdUyF6YtobD1MDQRNujDVPqSGjuZuRvlRrgexTvVV"},{"x":10,"y":21,"i":"MtGZyBctSvt9wPNvNR3sssr6qSzyVXYt140Pc3Koij8DgUdGUzYDyVFurjNR","l":"rzxgRMnnv3ftgcVNtVulOlH6abURRQrYYevWHXXTsXwK3lDzOU3aMgolCUzMKR6SSBiLChcKlQ1fhC7oHP51txZJrBVuJJupgHcm"},{"x":34,"y":7,"i":"SGbMxrUVQKmKFFSsQRKpsU4xJdFckTbph7eJZwBtvExHgTha5bhFT5qDaz59","l":"JtxvdmyjPOp4eJc9q7phjTSTgSgnPsjoAOxdU5jX659FiS4nydirHS6KhYZ1tgY6efxTYukVYVa8GtJ6WOPsghx02skeupwPv9AL"},{"x":33,"y":17,"i":"LFkCbruykBErSzKXAhnzNY3OUbZ427KPrqXZRg1l8hSFNJvTJBsAKKoObH3d","l":"AyGiN3W5PY6K5erZ6KsWCcVEOas6bIuBZobjqsUVumRyQnpAi8Kdu9NTXZL4WYWvCoitaYen96dtsbotWXhJnzw1dyApxOgSxr3g"},{"x":47,"y":30,"i":"tdEw4PsQ1wfMrKXkYJBb9A8aISo6Wxb9JuEvf8eoPI8iWgYIwnydAOXLzt1v","l":"Jaein2JclfBA5U8QGO0cXY06Os8ilJAbgUbXH2Dl1KW1U9VWyrgYgY4vZyIgWRYEmNUnV2CrmMvRIoyJQzUWAIO3rdtUiFTs79pP"},{"x":46,"y":4,"i":"sjVTrpeSmoN2RIzTR5mMOXZTBZ67Rbaa4hQkOLfZldnBGZytmqrg7a9NCD5Q","l":"i5rKmusTEN3f9vVuP43aAtOc3rJWyYKziCMRA5qIupB546KjBMCOF63J3fZ8SZ6xYWKoq3elfnm75yN9KN6Zozp4QD38K3u84V6u"},{"x":10,"y":10,"i":"UZ0T7rJx5Atqp5fnhyyJqniJVA5bmvq0oIRPyt7Yy4d3Qmq1boaoHprRrdLW","l":"r1LMxyS5KqE4BlNtfGhhEZqJZqqaLPgjDHt5wzusPsWOSkUNCowdWp5d0v1D3zJi8pWaThnlxBCYOYqu7ZJwRHN3lSzDxvbiQwIK"},{"x":37,"y":6,"i":"OzhvCFZW40CWZQwVrhHhbD28REQlzBIHSUNM7rbWVUa3sb4tJ8gCUdUGBfoA","l":"ItYpZ2VmrtcsIwk1rbMJwJyyM843OXPihr61Th4jwumMIX1jfWpKV0zJeg8kvYMeScRvua6ABY3hgeAuzdytLJO7npt5Cs47eHq3"},{"x":22,"y":44,"i":"pDY30QUaZPUuke9nthxUM01e79fQAGnjf4ukgrl6HrbLcEoRynEORcKuqY07","l":"gBsgZIUeyEYoAVRmX0LYYox5eX9WqmjaIH9AC5Iv2TaTCqWlilL0cgZmgHoS26Kib7nY5Bu3yMZlwUbQoVUQEwbpYMP2wvHFid3n"},{"x":26,"y":4,"i":"NlEk5qenw0SFvjmaAdPMPS9quJH4RxWCzekF9Usja5oyG4XjXQeE8RZ83piO","l":"vegqI6VKo4I1pXgwE1QAuLSP4taj9uNes7sG0A1b9GxYzgEHLQTIuVq0DXL79mx1b8kxvZPJrvtKCbtYG9nsRjpXPOh6YEzHPasP"},{"x":31,"y":12,"i":"CsMoBXX2kMTrkMxT1vRk1XGl4sxT9BLlVEy6gbWRpRVLNfe66pJAmBjcGYed","l":"iZUHgzdBfMHF1hedxKJC8Gwry49IlkSuojqCSdUmOo2dQRZWZPLCrAo0yTHvdjakefx0GXIYYwEsxFatZEkBl8ABgYXXHdEcTNkE"},{"x":46,"y":8,"i":"nEI7VZGuBKkjftZbCLzbyvPtYuZTRzUqewIfz8pafXNe76SwMQ1tDaV338mK","l":"hUfC4T6GvPt0whXgoGon5Qw1H3HpdOM0EzvLoVVJdUiBlhzhi3s08elEaVgPURYlfawpLNoWteCPi25ZB22n2xIiAHsMGRZsoHD1"},{"x":28,"y":34,"i":"IaegO6pNVqfDqd035SMhRMMS1zIoEKGbtQG0oM4EzFM9lZETr8KcTiSxQrMI","l":"XXu5kLb7XXM5mlNAAEjEXcdT8QQC3n8BqRRTU0gSN04OZPzJmTh5C8EYvWFVpwUGVLmH3PEVbDkvHC0AOnr2kYdKWcE74kmPEdbE"},{"x":18,"y":32,"i":"GjmeCNnIvufv0WFhtnK1L9DsraqoWfzlji7jlog0gKmXHwlibE2luY4fKdG5","l":"1lL07spl5fDqLt8aHAyNWHIyxOl9x97M0jitm8Su6TVtxBl3iGHjlzqXBqY9jMnCH2A5skg48orD3ed2CjJiXpC51Tjt4PGccp1n"},{"x":19,"y":18,"i":"kBDSnAaiASxrDUbam9dOR34nmBrlh7USz6FOkh5rWLis0XpEuSqu1jqSvBl8","l":"FWbOpvsWhFDckExJR64aV9tgDfEm1dtjfUdyAPmCvLy8inxEVmTCbhA5jATwoaoVIDAecxmCZutFq4zbi86GUcu5kXbUpg0uFMuZ"},{"x":37,"y":1,"i":"To1yp6NNB5E3gLW3hAgsDi0gdHGE7aFtAezNsEypHLWyRIWVd1VXEwCHTLuV","l":"os9bpy20MquKI3RnMFz8AwFAL8uxWQRfjNZRim5vgJ8uGFn00bK79zUtFRGxvWkRQN1zGzqKO1aHn9cFPuqrKjeMbtp3tKBXR2UK"},{"x":20,"y":4,"i":"ePHpxj21ApLgi6KSwki841V084Xpti9VUEpgTDdBW9z2BPb7uI8YtEeil5ex","l":"M3I28zNUeGCMp3w6I6vhPYHRcWpv4DY6akjfc5p08RmJns9lZzLkfh26j8pQxCY3503IFeIQgMLQhO5ijQUFcv9HMjM6xLFnkvcE"},{"x":37,"y":40,"i":"WGSmyrKWYWL3KP8tGAKm3WzOdiNXGGbQekZH5NDa8HN6N47jOYrC5QWrGX7u","l":"wJfi8TTzplOYj8yhc3NYmi3JZ5Mm4Iqy2pgkHl9O3jXuc74GjYtjOo6r0x21fgnyni2lwBdBienlNSRB1KHTxDhYGKHCoOaCrVZT"},{"x":40,"y":8,"i":"SUM7kz1w0XWP5epUIzMySsoQaOm12xwKG0vvtebSfSkajXRvli6EcQcGaXM3","l":"1FJ2VbARz2KOdDqeObLV8QcFWsDK5SRkXaAEHJI5NAvNwdFuJK7nYGW4JeNdsASMU8AC5X5ksa8HnQhYoFTQsoY7z1monUqJsD80"},{"x":26,"y":16,"i":"4G5tEa8m6u687f0ehGg7xFLcemg6kTexRbqWFOjiwiDeICKWbV3m5zIjknro","l":"m2IZMwMjJL0vRS50Au26pF73i4NkzNdO8rlRS0Tq9MS1YqFE89SVfJGKDcizTU4lQmGFcyRY8XHflg28ItGkAG2G5N6KyHkxBYaS"},{"x":39,"y":37,"i":"HuL0U9URueVdOCVMgSrcXapSXTuhpbSRoaqAcNZ6DkbyPKu7SETc0YVnqZh1","l":"YoJaWrTw99uAHpuLJYVCqmyU1wrtHVYNUUoOkN8Lf0j81YZbB6lAFwBvK8qlsG0D611owQzFe1H7t0TsIMxEnf7iQbhfUdKwYTGY"},{"x":27,"y":20,"i":"9XsskHHp5yd5zsam5vlEjcxOZahY11TAEdDYrMrfXdXQyUgygx4mPQKa9IgA","l":"C9jFvC9B0uyidBPmZHt4GSROOCKgUD4BxGnbQA8vNmkrSeToD9SASNzAE9O2e1iZnWbAmoN9POQXO79yqJYuQXadVnFEKskl5uJV"},{"x":14,"y":28,"i":"TJE2X74Np7EfFCW6gndBCgkmpkP8gtiqPnmDdyhtq5ky4jjnVH89EAm7FjDJ","l":"Jfl7fMT93S9kirAgr5y15vRPp4xrKoUxyibCiZqpwxHuTgkMCdX2SnJuDbE8usrwoXHteEfVaN9KZjrEWoG4nUXvU4vgXw1K27c0"},{"x":8,"y":41,"i":"T2Jvzh3hW4WqU6vIEXMGe25kpBruBNjzdFGom8XNtDYzH2OtgJPt1gf49jeO","l":"GfJfnLpPnyMOe9LmOpnCUWAAqXUAIWTWNtysnSH0vdxkmQ35abHkOm9A3iJViaB6146kKWjSoTzWYoEJdb8gi7nqH8QQabEGNxjH"},{"x":44,"y":31,"i":"QMAIa21UiIB02VdLiaFjNzWI73EBEz2gPACpYIxmmz5zYt2QRr95zQ9bLDq3","l":"YpWx2h3ykMOFaJwtY9DpbYegqs2agZksPGje5kBppUPyCW2FkmzkF3PSCWg2K89a2443TeOijk2AnD1VviVVQnV0V9rg1ipiPElq"},{"x":45,"y":9,"i":"g0lfFxA6YVsSS0z0OvniuZDBVhToUFcakXmjWeBVAPRmooj8hYTshfxM3qrE","l":"6xRemwTkproPsbHbbSHTdQLaSaBYWrOKjsGa4zWPb2kTfnlBsYbjxiOMiKOsle3G8AccfoKrnwcGT7F1HvEoQxn3uUpdaSTlfLbq"},{"x":23,"y":2,"i":"9VqIx0leEffgUtIlFLe8UFnjTt6H9bn6tVexg4BRreJ3Py4aeg7fmHE0YtLF","l":"eoPQ3SjBpJCCyfauYHEmdnKoUaWIRE3EJDmDXbHP4OUYJWb9xIQuyeFkxtmfSPiDgY3rHfhpIkQWO2OmMhBrnkcJ6tc0f3PX2vAi"},{"x":43,"y":41,"i":"FHpDqmZF6uf6gHU3Mbk5rByQ9gZFlYGXXDZ82uJHf4CUCeXJoHz1d2yca8b6","l":"2XQpzwagET6SCfEnKHXgzkaQTvgcTmpVbIuyX0Ll0MtdsfC0jhgVrf5dtdbhUBaCcvk0wAXK9p1vuf0RCBC6UogorVNcBRCMKNpW"},{"x":29,"y":16,"i":"3uM95EYylkw7nHfa0v3604A12hgkZT5KUcyJQDHzVKm1R7cQjUPfXak9Hfx7","l":"szSfJzQDduXUFhTGZlYmUwZ0Ny3VHnpzWnu70k2WDbyHAYGZStMrnCJbSkmXq9xt1FmVDJV1I7xBACGTMVa1DXxXRype42F1Xsk7"},{"x":19,"y":12,"i":"9ZO4ydDJl2Tnb8ml3VBv9fCTmUG8dmr9vMoo5vJJtjXiDZLdMet3wdVKSZqG","l":"mGAvfm3VGdwPOZxMxNssOSmWlyzrA7QPZpt1N09hIFb4Yi1l7QinoLnuKwgyV0mLzlvzega7ZPe0q95J1w5i01gY7y7w0kAIugio"},{"x":33,"y":46,"i":"lqoYpOPNdkeThf0Ld3UjjPi4q1jyu0KTN0GyesG5dO6DVqkvLsoVtb7ZOqhu","l":"4X2qHbH2ITm1yosKvjbXOEqhyKBifi6wPXQq173j1K5d1XduiiP4DlZbpTA4qLkILE6DlOVrWhmyuuzD4Xxl7O9Cw8Pyn7vaaLch"},{"x":19,"y":5,"i":"OeBK909PEwvhQu9ieTIIM9d0yCKMTsxE0qEXkVqhouZ0dFF3I29TfhjyAxmg","l":"I5Ujf8OuXKlz30ASb7B6xYcZVaJJtUktNJaKaKnN6cE202AgFXykD9TybsWmIXyriJ9g79h6KCA8iPzwSlVDKGOLetA6mi6gYYFp"},{"x":3,"y":47,"i":"7Q8U2PcOdMeKXAKfjcy2jS4wfj04yfVtbByl27gxWqaLY3OPxD9gjsskzwsO","l":"Y7o4DeqsYQbJH69ItkCGWBIf956uWJ1e2vLRoBpTHtI2ys6K2UuEm5W1bklNNT8lXIlmHpRNMAQ95S6H6FJkohJAvFsJQwvzGfhS"},{"x":43,"y":22,"i":"ad7qhFDuikhQx32JpZNqWMbVkVg2kFBy1ZtsqqasZY9h8SDpzEWFC2UQL0He","l":"wiUtS8f6jWrmKW0AAVGbwVvzBkvIiGslY259DrYFrLQ8ArdMeCjgZ82iFYO5aHY8Y0QWeodCeCHubueK8pVICYxGWn0c9ISZ02Tu"}]}