{"results":[{"x":43,"y":4,"i":"M8IXgbs2RsaBwL5YPYEwrSeDKy3KBTnxdk1lQdla2P0z3zik2oI2ouccETwy","l":"zR2ZAtDP3urmXn2PzY7swsHE8MduJQxJc0MB2Az9Px209ss4ax42AreAgLc1Z6obt7A8oy3SPhDzUZBTYXkAy7NUGQj2mAkbwngl"},{"x":30,"y":22,"i":"JZVcnIJL816jnqAIENbvkFKpkebg7UjGjnE1f627n1w9a5FWCMHdc7xmoa0z","l":"IAxtbAxlKGBQKU5ekrHRua4Qe8UEJR6Q7Car7zt4C9j2Evvgm8uh3rSKV77IO38lg0Uln9YZBEyU1dts6vG6zlwjnMIQO8GTCOCH"},{"x":29,"y":38,"i":"IXDdiU0qkBSNqPeaO7FeQjZbntqClfjSD2bZmOLiId57io76YXqWhe7nvd3w","l":"5n24IGOowsvRVdy76Cc2M8zHRqZxWRWIVMhlNEqagQSMMikpMPLs7A8fnZRQhYeyrdekTSDEbgy7eHh4Oir6NI5EGJEw3vuBOJ2k"},{"x":6,"y":5,"i":"Si1Un0Oc0bMYbKAvui4OcrEBhmNY1XZmFtv64YqEECtGFzJsE4guzTeAWCrC","l":"qD9fUwMBQ0hxAJtJUbXFOuJy77bLcfGbjuy4FmMBHMrb9hpiCVwAZrBLf880tPWCPC5edFVwwSsuk4uk8hvwDQZ8VwqfNX4yTbq1"},{"x":10,"y":24,"i":"wL5GCtR4mJrVI0rwF3nV1rYvJxj1ZdGlC63uGWCrUEXL9uwydRSCes601gpG","l":"gn51HXRpB7cjgqHqedRFm3BYTUoZeZ6Iv8ZGDMB09liTlVUed0wpYfFNmqc7vQgEp5zwd7AyzwjQ9fwvcIzk1Ig82yjGtO2DvxuO"},{"x":47,"y":40,"i":"c4utWo9akvduYZOsZtKSpC3OV31NSfCIp59r40atnZ9uaBgB3FiXvW2AOHbe","l":"7Lzxosgri1a8TubT7QDrsWSdbeIZQmzPvUwP8mU7noddKrJBp7DcLriZLiiKjSOGbQpFQ5sW1a6Fz7tvRz9pev1HnsOWyQTwV59r"},{"x":13,"y":28,"i":"4wf5Y3q93tJiHfnCAV9PtolKNwrnC4oVn7xwmZGWVrZAs8HekzeFqFDFvrR3","l":"sVBayI5jQfZ14xO6vWzDbrZeD1yBuByQygfMPpenCwqsvHwfP1TdHnJh1fLBbyZkHdiJ01oRXojdKdpZnMH2C1sstKZVlX3HbaHZ"},{"x":0,"y":22,"i":"WzUkQ6ojf8GyqhyaHltJokeKcAX3zjynlmGvvnVQ1ngXyIzBJDCkMOkze6CL","l":"yOY5fwfsIp0aiOfY9ZgfrNoIYbqT9syY320ZWRJblP1LcTf4DnYAAt8AHsXiiPjsk0l0xn5vyB40rxMT7D3tNKZbdeLLP7PLw3aE"},{"x":18,"y":7,"i":"DTcoLyTHcv0iMTWa1Fdzf9gKnBASLil71kJ2Vbat3pWLogaOIvSpWLQVDeFH","l":"0yQubs25Ge55WeMOWcmNQOWJ4ZAwYjuZ18JaPOnUG1M0vaJ0NOGnn0R8m2q92PEJZpJROOl9xi0nkkNlwXsRIO8su25Y3BsuDqfh"},{"x":28,"y":45,"i":"2SVQPt5vBKlkVpEyckfG1koDUycF09R5387yA1p9qRcL1qO0faRUTlRQ8HBj","l":"1vgo1Qckif7TjeAePCixTqcQz0Hd26Q5XpRLILnHsLhekKZ9jfu3jlS1KEgCGx7sTxh9S9HpPUdmwKi9exKL4IwFtiaXNDq8mrTd"},{"x":24,"y":40,"i":"OSgZpbKf79REXhxZpcE7T2MdHMfZSmXqMm7Pq6TJ3SCazM3UsAI2l8YzE1WA","l":"CAcuMqHiQ4VHhpU2O6HyetyrCd6rIJQ2kwkfdhS6UJCQ5D6P31gIVh17AFlk11OfOBAoK1v77vR7DapZDgqyepQoGqreUYlX3MDY"},{"x":43,"y":34,"i":"hOeZOzZXp41sXYuxF2CbrJeW8pYBpcXcxFkkcpGNmTtBWXaG1KSDtc8t4iED","l":"WilpFiXPbMKou3VNvtV4BaO01ipU8Fxc0d4cXbSbkQi4grsrWdBhc2Lw3V0VxdpevMxBAxieSx80p3mvoZJ7InUakl6XvevEGHfc"},{"x":44,"y":22,"i":"brqGZFMfCLIGh8vNGbnxYTdm0mIKg5s2I3Lv7F0w0FqjQhc6EJ5ZykXmN36D","l":"MOOTvG81JEbeuCS3WmN2mujr6K8TOx9PjSxKceSmb0YnOXujulZlO5pGGdFsYa4bLkm9NohMqflAPvjqF8wlOgla9PfiPxVu9a5j"},{"x":5,"y":25,"i":"6v3SSxA62Qqw3YRuPDOg0FS0E4E3uOwHP6Kbvbolau9QAbtjvYSxyTFnsDre","l":"470OvQmyirSotwF8Tb3P4leHJvjtRnQ2u1BZjDQiXIS92ZASzBwT5vRJCOKAp6wtecT2UHj8kV3xHh07hLMRuN3RWpuqu1uEHqVV"},{"x":40,"y":10,"i":"Y3fqUigkYvwmLD4bbNorONn9U4vSmOXnGZp55ORE1STN5rcP6Qo0eEJ0OCqS","l":"hFKX26N6T6wObQ7bYjdWiuGxWhxJZEbR3Pd541TIljlI2uVAQLN2AjnE1EAwdmwut6p7Fe7M2oMslN6A94TbqSy85nlbXMpkjBB6"},{"x":20,"y":18,"i":"NPSx4RsQbUIpumNxuZwO0cTfUuRXO8Lkc6FBpCrd8AOgxNIHpByL7ZIVhmUY","l":"qPRZ5fMYRxm4ACBHqcJ1DMjyj0ToptzmoRcymPSxX0bTOYTtYmdkWzVz2B5SO6eoQrt6GEWT5dkhDpXmNvNCmOFpjNHTLU5Bo9zp"},{"x":41,"y":49,"i":"PBb6xWsKHuItegGprJD1dA9vDJNa7OcOgGxw6yLFAhM7hDyCWKtmQP11QY0p","l":"n5qRKhWi2moeIlhDwrFnzYut116s2G6pRvsNO2e6cBCgh0xHEzrKTn6lCqRCxeOlg2ifcRQXOHa1oRFaeCxkAWiTolBVSzrIP0lt"},{"x":26,"y":21,"i":"ylOBQQ78AgpDcNKhJJ0K8IigFZU44MSTcV8YzY7QMsVaIrEsGkZGrGNH1gEK","l":"feFnMgh8sDDN8ek5g8E8QCdroaqh5sekU8FmMTFsPR33LjmKnWVFVUKEZBKwXZUReGFQARZKKmDqxg2rYHO5vqswbsnYXzNfJfBW"},{"x":49,"y":34,"i":"rVyEgCqZASQmGBr4POVaKmgftSH21pEFQvFJgSAGZwazmJL9zi9mr0xi5OXc","l":"YTPdYod4n7cvyuDst9YZEhlvwgwdFqNuqEYLmKOhzde6tlM58sAJQTJLGx3gj3PoKyeCCITSBC4tnm6GBQyL7ACUBFBJ4LDiur40"},{"x":4,"y":2,"i":"nvHe0hTr5kG1SaU6OHYZe5fNJtQibe5DlPnp5fqi0D2iPpfSyL6R14lQyJQ0","l":"PYvORZreKDxlkUBWqKXlygWFyf8c7vMXtxwrOpzivWf4LCm8xkZh3iNbfOIjdNsG00JIndUom4ybCWNl6OZfqvW9EEmohon1uhVu"},{"x":24,"y":36,"i":"pNNP51jhQZMf14u7lb2eKqmW8NCoBdofEzbHbiC30mjJF4YxslcyEt5teGn9","l":"iy1c4ew6qWNxP0rwGCJycfbn3OeX5f4e8zM2teTuDC8rBbDNv4B9xaHAp0tVVbFdC4HuCeFI0G5CO7ohOnnXlv7EV1Rj8yJYctaf"},{"x":6,"y":0,"i":"HaUeROaPthlogJytwdP6MtuGTn7g0tY0NU9w20yNtbJFLtKMzLqLwou9J0Ir","l":"mjr34R4WlzbGyZ26kRB416LKsBLLrKYFixlM0iQZusrG0b97HGDnaDvfrOFB5mxFvq35raaBISDAaAhDJ79bOpzVF1LeKbmUF5L9"},{"x":42,"y":21,"i":"lr6NxteRpqkqDLXENaKtboGUAoYAuG3Xd5ivr39KNlHphPBOzv5n0fGhbUNJ","l":"3kJOVj55PDv183xqqytXAkgVm7y1E1qKjusKtVVYScCkh7jYwlvUNuMiE0qdhOndrkhpNIc4MDJqBoOo0Uho01nc2luhcXAbhvOL"},{"x":43,"y":41,"i":"UZwkixxjux96sIAesf2pNh2adSbRHzVjv4fBWzRVSR0VpZe9zjdo4w0PzKYA","l":"xQgbiAMYVKBNX3BlTQveczKsmWXfAMO3jmr8ChLHIzizLRTs2re4ykuDL1EqzHvlvNqwvhafrwhD499FkMmUzrU6XYuCWyQw9X1l"},{"x":41,"y":28,"i":"2hhO6OGp8vjNo4jcXV6kQDJTVQIpF9ISellp8HcpnWua5AIQ7HQmL46E8l0u","l":"weBK0pu0h4fS6OzhaajqsIBJk9I8PBgoWvaOMoz1RbOf2VtQvpDbhQsD9KAxhBVtPL72gjwuobKc4aTm9tjXfzqPYweB3MWLmBOk"},{"x":40,"y":38,"i":"Dt3UgHMgeh62ic7m1WMeFuEtl8YSjTTfr4qIVJ8DCgHn19ybyLH0jkOssm4t","l":"l7k8M2SGeuhW7bxSVp28cmhXM5UHOFnlqGKdHHB5Cqi7sLvDIVMT3pc5IuaC3ENa2UAvcwXbEZYeDX0J7jqEGKyjCGOGxKIGCLK6"},{"x":34,"y":16,"i":"WZNKyqKgeq5lX3Rj09P4sRfHE9yRqkYcc93O6Gsjmx7drqTGAS9GPJbdf4sr","l":"a6jM9RAwG4o2aHO1NjGUuikLIeIy7yUjTQLI65oKeaZcwvj4yS26Ft6F1fcKCpvYTzxtgKIElT8yf6gREKXuVNatWuWM5PUN1YTJ"},{"x":0,"y":4,"i":"ASFRAdfwdb6RiaNa2MYG5RfggNqu9DMTyKGgY1Wx7JlVXKR6J1SxTpiysnJm","l":"mNvX44PMyG6YGjPJuv9LjM9D2iztJTa0xXukcDXo4BYnh0p99pTY7FoYL66rzxKLqak6R4oyCfn0TgrBv0D4HUTx5LGyJEzku6mM"},{"x":40,"y":25,"i":"qJbRpSaEBM7t3pLx39iUptVvDwWUNr9Ha2fA52DxyVVnVOwAQF3H74QHploq","l":"ntrBIp9PZkwS5zJfaDLxORd9guzY7eLYuGwLTCE8ppuM873HWReX24P8cVulIDL3iYW4pC6L5h1IO2jQVXjkQgQaVw5pmPmgeRyY"},{"x":46,"y":45,"i":"ZpsizABIYq1PIxofZuRb8kTXByFmD6YhGL8LRrOBt3LRPSwv5Gy6MY5zazwa","l":"JgqxaUv9yx1Bvs2QT8yAE11k0bvG4eJWDoaJqMFkdW8AKoDHYy1tqMdRCJnQhzlx4QGh37BMoqShVl8dyKDxND2BWBbFr44t1f6k"},{"x":36,"y":0,"i":"ukW6NM612uWAesEQTb1DtIdLTa9hK04fEdR5Uk5b4ttGE9xBWeakzlpP3DfF","l":"tB70evU6JTvRE5Jp8p5QGkggWR7xbLWvIu4vCnSMxVCevUv9ySvn4DF93kJeKzVBOELqcWtw57YggW9SH0ftj51Ue7cO8Bl7RKoN"},{"x":24,"y":22,"i":"esm9myWAFkrZdleM51nOBw8Kk5gG7LDUdKO5zPFxXe6wkr6x9o1dmPmam44h","l":"IVVf58OHOpt7KMxvJ5pYgzTgRQOmdWeXPOrOLdGP0JTgWPhDwUjYGdtYpeLE0JuCRQtoFtPIfwE0wly7OilldwseCPMQn7iOuEba"},{"x":9,"y":40,"i":"519KjqRa5hLCkZBl7wfJoCDeQUEiZcFzfurXsh6mdP0j83QdyhdMlMLlN4K3","l":"l8e9rqg4bxousG4IxXspW9Xxsm3I58qyeCXVeBQBM1rQUcdkhumtXFKtqGdv9e08HJd6kPoFpdFYTUDLXl5sZwAgn0hBCxxa9Z6v"},{"x":34,"y":15,"i":"XzMjbdjpkS1cxGlT4i6XWkK8VyHE28ZinThawJoSLM8s7LHKjTudv35JTxrj","l":"ZGJsXLtHumJoRdWINVQ43KdUdBhZbOSRsHRfDn8zJTfDE6qiqaa5z0wrFpxiq3nxJqs7juN1bk6BHiQAwNJQZZ7wkIkWuDPkwD35"},{"x":4,"y":21,"i":"sOK6s7X2UDGI4tCOkjASqpHVIcqafnhosI1l2Pq96lwT3Ki9vyCmjMJ9IinN","l":"3olQdZuVJSXMpXERhzk058SxIuBjnKTCQACOGMKWG4p1pXyTeACinPTqWJAfVwsf4lMIuiPKqVYpkyKELnY0UPb0hdSZ6iVbbrgo"},{"x":2,"y":10,"i":"1HPbJgWfTC2heRpGB7Sjnsy3dPF6sQQPLneDSgh2gy7ODjRzF1OPd2XQ9Scn","l":"lzyFlMPsDwnvtRzDx07wLW7uaGw4P00A6za3mWidU1cUnJYrMcrE5Tbagxd911RpTcWUdFQ1WWG0jzPXw0ITShYV7CXaWXecvp3w"},{"x":22,"y":32,"i":"3QF5Ajz6Zb03sHUvW9hTLHGJDzKJ507h8zGXz13KYFkPmvxszzK1Dqms52gl","l":"QNyrIU3HFwJcWryuhzMCa5IuEJ6J07jiAZbXdd4B7kgG6dCd8z2J8bOpGC6p0cHaQNlbyWyUzRjGL7plP60eMwzaj2xXL5f5wIlW"},{"x":17,"y":39,"i":"hSCxaEo2JJe7qUZ9JTwzanjVqepBtKPNawlTIwSBytibi6zg4CFhN11i01ws","l":"gvBb3frhBLTWikPYGcFEOJmtDRKNabt9hqZ2f5XgmrNAbLH09B9OKlrG94OoQ0gecaDJStLEp0FL8CJL5cPpCDKbOisDJJz6g8EV"},{"x":35,"y":24,"i":"WE5KpqYEtjQzIhvGLpmLN08nplG6JeGDRLy4ulhIpzDLRLrlFJzl73A6YQ9s","l":"Ew9Ae3ZAyCqHRf2ak5fBJshOQYIkSnO1bURXiO8UHTbdobZL8Hq01CEQUkXhhPlnZmZcKfbghL8AlLpFU2Tk37uPFP6PsCmM3xHA"},{"x":13,"y":47,"i":"jILNBAvLpxvDGz37jZgJOk30SCyNjaaoje7DL95B3ei86SMvkKVnsnjUYBrr","l":"eH7iKlDEBAcJawMqLDQREUK38W0QZ64JJiwRTSYhiOysNjYIvD4ZIXWY23SwGYMFO429g0hZVehQarLUvVMNoViMQTctZ8XSgnew"},{"x":29,"y":45,"i":"y5bokP3WXacpYd4lHSV3D0ru1I06ACVn6LaF8oEY3s9k0PJNtz2XbrxZj6AE","l":"AXFA6OzgwQoHsswLIUqwz98P6ft6BgZTKR8vdLMCDrOrzUavPM2iCsYhjoH1NBzloovNNnAiYmGNrO3k5imP2A3esapbMznk4RWX"},{"x":37,"y":38,"i":"Wi7oiiDyAUjBAugkIk2yfN2MgKbq151PQvUFMREuJfrbacw49YKpsWfOHvRz","l":"yoB78NITtY9OZcWlACin3Wz7YvOx6xyODiHLiRc1TNWjOgzjjoNg9L2VJsO4cmAC7qYW6aTIPDNTGCZ5FPJuZdgD4ey52XSEuy34"},{"x":21,"y":7,"i":"XifgWJGNvPU3P9Ot7fXsE57SiRdsTj211t7FuAvBIYa8fkz64WM8ziu73mub","l":"Wu6z0rUVeDnCgjtY0DammZ1yAWfgMndPUWpYKZYUCYASlY8FGwhwKdmOt3dO50r1Yc1lHoHNnwexy1SjCOqQjWeXarNuWTpCwhbN"},{"x":38,"y":34,"i":"fZrGDXl3EGspCJhEu4u6EmM1f605zKPPHFcgUkvQVJpM6NfTyZIbeLYwoK81","l":"k11K2Q3TJaE0HsMM0onH2r0JCv6lsyeXazOm7L7pP2QQ05Bn99Et92KzAwFU72qzKJv2DyWKrWZQpHvI5g0G6sfaQMKJNeST1ypn"},{"x":14,"y":33,"i":"aids3dWU8v96p77lKGyMwapereNhMrnKXyswwzhyyIPuhwVJ9HqEql51P3HB","l":"x0mGArOMB9ZJa0jwFkYO0FZwhGw1jcrtrtZIW5OZv41Kzh0hoyNNlAgyEfVZkxtrCXSNPJKe624rYsyzr97i0kDzuuVbNEILwqOu"},{"x":25,"y":43,"i":"HSUAJUD7pAyFoCNwQgg287yKxSKt68nlCfjBTXcoG9Cg1G3fDGV2WudXBWYV","l":"9wNlhs5oAATFsoKDVseWuUCi6xfXvxW3owm6wiTB6xCIsa95JnqYVLvJlYv9yjwNExGBGpDASsDPblpwglgVxNGIhBdfq98WLXzQ"},{"x":17,"y":1,"i":"UDXGNbsqyxgiLUpRDFgoxT8T35GzA9fSxXSbYpxhWxe2dK5XZzjQangSbj6V","l":"5NDPlyJRoTFUdnkKvHMicjPmFlwRTH3vL0mxXgrlLwe8YqULSju19JadaEt3KFUy8Sq1i1x1IzI5E0XLFTTbRMDXy4xCx0tVmAig"},{"x":20,"y":32,"i":"40R3lPs7PktljE6oMjrVw3ZlWucEJk5XzgU2YPgV86qDWiGvtZKIWBYOub6Z","l":"cEMl0nq43jCuvh2WJfOuZbOumGWUn7rpZIilnJJT8jxbUeq7ytqNRxTL9gzbLQOZneLqtwQQTr47qczwQzRIFCuvrrSPYfqohff3"},{"x":41,"y":2,"i":"BgOjN6bbhfITcYxhO4AN5rTLm55Kdq49SqkaHlxHlRc2wEn9tiAM4yEeouCt","l":"CAjeZc0gmbodxaajakiPQSKhcIPPsKxYJySzgnMcTdxf6swNIolPtxOsGWf3ef6Rsb3wZFZDUEWyCyXehKKihYp08dWTZgsQRJOJ"},{"x":46,"y":25,"i":"adfQIBW2VSXy0NwKemDw81UsHc5vB9gNrodKQguW8U0jbsvetehqmP4Pgdfl","l":"Jlwl2HHAA2WSLqnUCQ6Y7S84tkeuI3Pwm8Eg4YNuiSgG8ZbsL5pwPmJVgObUk1wsplGa5S0hnBJIwYp6CUiVRj4FS9sfBkMyS1BV"},{"x":42,"y":44,"i":"qpZjgKmXpowUhdWfx0DWPKfb9AiBts5NhekkOHoOKK3Q2CPkqRoTr8JmXbJP","l":"ag4r2WsRfdKpRhZpAQwZvLgRqMwe4aExuFq9fCdUIjWhfhiX7J1pXXML6qkvSjaRl1jIk52iq4KQSpkGHpM3VV5yXjM2CI6WGSop"},{"x":7,"y":36,"i":"puzBaQNhuJoWwUTuPbxgX84a6EFHXSslaTgX48B9AvLjgVSpOsQsYJPz9Arz","l":"rypoNVWr1Wmem8RzzDhQBftERZukNGmBvYMzVQRa2jVfVJo2I5wezBguGRr3lGOG7rjueR92lZfrQN02suBgAv1H0qmA624mDd1e"},{"x":34,"y":17,"i":"O7JoWpZzTgawtrudkx95tLmcCxD2QvPmusN1iOMiJ1To5OL9zghLuY4H8pz4","l":"EsCkKBQ3sUCwfLzYcpct5lrEQw7tWlHnOYKZJ3VOl9CFkAMxdvgS07aVvbdLhrtCbYO3caHRWKcRltLEHsscTEG0qAWKEO2EsRg7"},{"x":16,"y":44,"i":"CPvel7QEwPE5ne7BPfowzIFAFzvMOkMWkT10A8v1jMw7UERAr13wT113zlxm","l":"Hlak29hRS6JmAHcx38t3b6UyM799Cj748ZY8bH0mVj95fqeKHlf0RSJ981nzsDbxpQCY51FVYeNhlPbjAee69e2lc0vJltAr5bn8"},{"x":36,"y":35,"i":"8OBujsKNaVoaWMUCdaDdijiXNCf8ebntezHEwhEkZFA0BXtdCA6FPyOL4LlF","l":"QjK81YzmKp3e3frdRudlhaHSfREKrBR3E90x3qbvj1J3gBc0TthregRqPIA7SgfZrKUYfoOYOSfaMqITtdoeoRkA9F2BhM7jRY3C"},{"x":20,"y":33,"i":"2BLeFrG2OoojRxDV0W5vFTFNnYVtc68vsQzacp02ycvy5fBVUygGX884Hfxx","l":"vCGA4QIYpoe3GRarJHzY3xHvJoESaekLaLrUQJyQHNkQQAKEmDsj18VkY7gYGrVaq7QHJ5PycX3yDpJuEUg51YamKn5XiAWpNEL3"},{"x":45,"y":49,"i":"t5nqsrNX47w0JpXOgKtdV8yYC58VxMCUdeQZGW2aBHg0mEMozQM4PXD6Uqec","l":"dtFcw0ZRwYRCrc6u5QLYcAomB9a9dIYnCsGePqPgX4JSnvZZnOJtB0J6lFxh97pRSoI9AjpDPShwFZB5uzlbamiNi5m1Y9LuFhcS"},{"x":12,"y":42,"i":"1E2Z1cGigjqkECr19g7xbggjR2Za8PBO1DoqrSeVy9aaCff97WghxGYaObKZ","l":"UWam8arNpfxGCWEwpEtysb6eCQWn8i0gZC2sf2lIX5UGj1tHVDS1kt1WiesCATMNoGIJ7DmLlqAkiZzIBviuGyy46bucRPhGrOH5"},{"x":4,"y":25,"i":"aBt1VjbZlt13yHZgn8N0TpYbUEvd1mptVRJvX7N46UQGtLp6oFeRS7G6c4vc","l":"E451AzzPq3jvrQidlpg8uPAFfxEMtJldfeopBZsEwG3XG9XH3FkWyJJwnXDjDGHHTcAiPjnhrrgSsES0Zk0p86U42ISeP2VjkWOF"},{"x":37,"y":46,"i":"BY3qHXRJm0DCsfKWo9ksQkiKIqqevzu09xEoWTWenW1bSHkBx7oD8NS50Xk9","l":"L2KiQzNL0xcWUnsBt49zqAMfxttlsNp0GsDOwejR31RolWIFupNDxL6HKKD5oOQ47hZhPbanVipzVy2Xi8wrcC5MPiLSJrRacPrS"},{"x":0,"y":46,"i":"6ioioSrTYsv13AI2mIjeWCfWkh1dtbPHRBKXwfuTPJr2dFV43swYl1aSGX2L","l":"yKIFrewpIZv3hqY0ucXOdZZIdd12lJkBSufPGKfLtB5f54HI5D0zKfUj6RInlGdyeS889kVJ78IS8UaAszxOq0F86uQNfhHlXRnF"},{"x":49,"y":48,"i":"GhFg5JNgBmsjDoxxq1Vs0e4y1n0HmUBe5FSZuOy5Nyr9RLAQfYiqdAH4qCSg","l":"XsjHclM9eDcSrkWAO2Qo2OppuW24ko4QNV5QEahPsdY6YVuQShu0jRkD6hSFwKoVSIawnbelqu28x8abfQMpxz6QKFIlsef4LQq9"},{"x":45,"y":3,"i":"Ax5XsUB2Of2hqpAQWtOeQflaJmB1NbkEb6lMyZM925gKW6mVWveRIp2zoODx","l":"nU19ymKjStZ9EofkMs6QmWMjpqFPbDiEcfBsrlorCv2n98LiQoEs8ll7S9isMCv7sOYVqBXaFVHawwHfb6rm0UH3THLr5HKFo2VT"},{"x":47,"y":25,"i":"VMHdwA4X9lNaAFCFIpRyRboePCkshAfMYe4uAy1aqMwoogMIS2Eg5aKxFyyz","l":"9pVGpVF5huIqjPOUxn5v9CheRyLH9Uo9iQFCHr1g6QE3QaRw4RLosccathNY0SBnb7BxPbXxZkYyvGdfwond9yU460WNJTl1fpYG"},{"x":0,"y":6,"i":"ukbmzXLrzlE6NNgxg9gHKiKJ4sqFKroi6oViQzuAtLCfKlrqYYS2ReVYizgF","l":"nN8xNLJCB6Al7uYfo5okaTxQUYYyhsrL5dsmFkzPcEZWZqGRQ7ppf5OlDte5vJTOsPPR4DGEOnaHQzYUHO2DFmaILsE7owt5ffOE"},{"x":3,"y":41,"i":"fkIQh4llfOqcKpGj22PCVZ2PWg4v6xnaE9BrEOPwZ1zSNxCM9xsNHAlveGSb","l":"ZT3bb9paRKzuaSfBpBcKFZDkptc0OpGxMPq6kdPfAbwyE7cE1cGh14dBOH08VUarrElzzpOaXp6smvDVmJ9T5JG87Gusj53DFhs2"}]}