{"results":[{"x":20,"y":21,"i":"5be8YnLI7r4Lqfg0MiD1n0xGT7KprbRLhWLNyib6mVkRRYJKBK3SZ4CrzmZz","l":"5d8WrfQiXrt9EJoyCZ6NcUEw9dP1WNxCfL71WFEzwPuSJdcTpgdx5PmxFUei9UdjCqpiz4F4n0023TOPaNEIn0YxzNXQ9XRAy5fk"},{"x":12,"y":42,"i":"25IQol14Jv9LtUJs2xr9CptVlVLlIpw4ZWqNEBTfMiSCiFJWx2djrs9RCpvx","l":"iGJdadH9gIMDdhlAMKgyalHeTCuFLcwNyucyrO0cXSeL3eaMvQBNFrTcrl6cZYsOYShluaso8AMZKzraC3wqrQNqbU34PSqqB6Kt"},{"x":37,"y":4,"i":"fxwX1JQDiPgZ5A3mmph2LAXr7hRFX5k6NoivUulyxls7cdKS2t8UF1uDfeyh","l":"gBrxSrECzz9VlYVnNWHIbAgpb1tjLKvjcRfzGeUOS6w6K73b7ByIfuKMwKaExwT3fA3EOTQdAr2ryKsAjkFPQh0r6vsGxlspt8Bt"},{"x":7,"y":46,"i":"NKLa5vvxcYSun3T53AQluU8v2BpdpCchVbGeahveI7e098qzUHbzK2td2Fue","l":"3dfeLpr7TUOpgvnJAyCyQruXN0ehhDb14n7powaRJdMjWCdJ92KH7vfK0g0vm7dAN3nVjTLcDXlaAk8lMgwIwyAWuaAFVTV0JiKm"},{"x":44,"y":22,"i":"DBCCELGQiTlcj8u9l2Lc1rGFrrdGEaRBuZRAdjyCs3YWXpfysBYAR8CTwwSW","l":"ddGjLvkmXgAB1NPO9TJvRC59PnBzHSAGQxLJFRb4pnnGICvRn8xj8GN5J5c9KoU4p8p5ldORXsn2LOXqfk0upUoEYDAvN6GJWIiE"},{"x":25,"y":5,"i":"s8E7xJYBRHJJzeDqPMyD6HlvUqAGN3lXBFFNujdwzV3n1GKn7VqnAnnmZuiU","l":"ZUZBmkXlymtJ0NW1ojPeGjk3jiGOUved6M5XLlr9Lg8sXZGksguJpVxjx6Xc6IOz8h8P5pFzgglrUNWMHqalr6nF5YeXMJ1wg1Bb"},{"x":10,"y":2,"i":"YR3UbFt1QD5CHHQLqQvuDaEeWRj5G6zqTyI0sm41IaCf5KAKAn1bMnPFT8mM","l":"UwfNuSwBe9G4sDtx3VGOBUNVA7sVa3dq7ww7dhDy1cLrkbIF63jhfgVRx1AaZoI3YUT7YbUcFs9lBGJebSW8TIGyGMGERWjKIxOW"},{"x":38,"y":41,"i":"Kya1K2MCULQ00wGGyQjRRtlg5SlQyPOaQALRbBTcCur7eMXDkf2p0AOmlFLs","l":"YDPwnzr670NwpYsPTK298sQuEho4oFmtItmLPwYGRVaqiCdcLexNlDS1rd19KSNxR1bkdhaE7PA4BFXeJ1yqYVaoPdxarnsQvg0y"},{"x":0,"y":24,"i":"0K3W5Foiq9eMcNX1M7mo3p6uSTqplZNZslh3uwG8wwhoJl7hW95oDaybui08","l":"ydQmlXd0ilMWSUuZhNYRaq0fu7uH9pXByq5h3d2cf9YJehSqNYIofrHLQksbbrtD37ZMNMGlT0ZnBHllQRdwL47DrUoEuXOUsLn2"},{"x":12,"y":12,"i":"Dk48ETM3L5ywPiFCdPOQyjvCxfqfKgGInOAcssmvtUq0KkGU2DPATCqG994Q","l":"WqNfU4IRKLLKXuVfi7OD8qK2qi7zhtCSkx3YVz3epbUurVRNGs2N54INqTuVraQ9Ai32SDzldn6Mki05WiUZ81LC1w3aeRt1B0Nu"},{"x":2,"y":48,"i":"gOXbiYMyGnKfcbxs3brUQlUHcdFrYpZkCKAbbbBwOecKhB7PkrBLYHfOJp6V","l":"CitsuhSAi7uurDCfMi3FVrqOwD3dcqFmDIMDVEZ1sbH8X5NcIug9PKdbvXSpCYsJL7dZB7w2CULqvKotKEl04InfC7ao0ztZFP1M"},{"x":45,"y":14,"i":"SoUHyIjiW7wpyntdCxM542jJ0iAg7uJKiscKItmN31f83QPsZEjcPRtAFk0B","l":"YPLTTWPVzDT55A5wsvq5iDDB062dnvPQeQOsrr21TRNho5JLu206bhnGnzcoMxmVDA9LrJrjzpcpu6FErwKE3gvah7Iak9pM67ia"},{"x":32,"y":32,"i":"IbS8NtBcxtlFb42WAnGSqlKEUBKsfa0ZwYYv7imvFjCrsUArB8ZyrBzxui4p","l":"GkWQS4gK1VvRQ7SdaCdy6ThuMhxy8baX1PvtS5vZx4BoadM9AXY4uwWGTqWniCdF1PYnXydmHONrTvoH3UQKjBjwHc2OspfmOL8g"},{"x":4,"y":32,"i":"1sSBscRdm2Kq7bUKOiccGjyxODZ9ZwH1OSVSRcNjt3099sHXKat9OllHlz75","l":"UhHDkaKVekqENHJRgIQbLzfj1OKZnGbcplLICaOAePi1IyFZyuFZCrHVSK2P0G01s2r4aggertqPIRAi9fEFnHE0sdGFRNSG3cWy"},{"x":32,"y":5,"i":"42297nrXoCrcFSnZuQWBaDx4bdtmX4EOgNjFB7hvlFUiPMo4sFzJtbg3N2rf","l":"S8TGzxPjXPXdsnRAmm7ejxxD0xkqGN1gxqLgqI9ffwxMx6p7PNh7n9BBLCza3243clKiyHetL3RH3NfqgL2ao1iD8m2KvaLUcNbf"},{"x":18,"y":30,"i":"TP8LKGH0phLwqheH9lPFlZsnPk63BWn76B1e7ZouHLfoRGxJ8E4gKcL2GvgD","l":"7yZPWuKavkIayvdqSAzbPLytfiv3Y395RtbXdT5VKVA0G0LXyTkwaFP5x2coDjeztjbFTmt9JV8vm6fPP0w3UyYWrjD4DDYPHcnh"},{"x":32,"y":46,"i":"OcuCHw25vted9SLlieW0ajKD9hJn6bW5stCrwm0Xho8eLkcXKagbqRUZpGTT","l":"mlpYyukC9lmMgDZLEw4eNUn6usWZr7neUMcoCwQILlruWCzTrxSgmq2nNOpXwbAeH4ck8lMuBKPvcrOr0qLSohIdQOJYZ47BwuJD"},{"x":49,"y":13,"i":"Su6I2AXRXFsmKLn9eZwUAkxIEJm0zb6HZFCMEGjNKnZxJf2Bw5g5wZM867lZ","l":"kpq7272LNECOM5JreWybh9jMTxlhMwikUCIdmbhffbNQRc2aT5uvasPL3FlSslTSrH31kgauZw1dL1wRpfnNzpHXvUVql2CSrJjK"},{"x":27,"y":7,"i":"NipZW2UOWd1OQxn4uDpiH3k6B7wAfJggBTIFzI634mDXgW6PaNmeFlUd02j6","l":"x6YACjI8ScM6lLUE2EwRKLASmrzpQLUSExjRP7kNBQ7rWWptdzhrvYPb9gTdLJC52ButiPEQIBlrrdS62bIsFY0dnpQU39h2B6J3"},{"x":16,"y":10,"i":"JU07IhdHl4JMH50UNMSw555LhlB7jsAh84cz9VyroI9AsXl58iMbDEmgccu5","l":"d3mcUu2HkYvL2DM0Wp61eeeC7AKA631ofY2paGsa3AKaL4ELAzKt4hOOZDXgQ479F6TGHxpp1JAuT7LIm3XbQsB0ea8sbYcjeaHo"},{"x":19,"y":26,"i":"qbceoWPwLrg7fhY6KMMYvNEW0BGSYkF8389xLSwWuMJuBN1au2pgmd7Qm34K","l":"iONOxEobFdPgajX287p7XN59XwsoSJV6Yl5wn3wr1ImrPxiUql0E6d6xjSBrDhSs6SVR4CVtmOxb2EEYTYLZNuPAGkpXCUvji2ro"},{"x":22,"y":44,"i":"cQD6nj9ennc5NJKQNQsO28fDYaqf6L6JsXkNhi4OomA7LOwdyYTrNXBfm0MW","l":"Hu2ItyekG1dQMV3aMQyfeY1WsdEbsKUCHALbobQWdBcmcYJ74a5JK03UDGnIWRu1CKxAjxQxxC9eXmfnqxaRMUiujHHsLquE84j0"},{"x":21,"y":42,"i":"le0RvcuF1zA2exVEfFXwjDyP52zzCNpq6g1ibLOS1NtjzUzL5A4A16oouwvv","l":"5n5tRp88uchvOieAfGdb0WvzvvaSvlghwVmfLUhdmEoqeLCGew4zTfmqEU3mVo6V4GW7wsmH2SQBzo2Hbp9p0WCsZxFwFA4j6Kos"},{"x":42,"y":31,"i":"apGdoKhv1iftXCKxcIEAB4uEuytcohnoF5n5s7puQ3dppcS5J7G6W0v9eqoo","l":"gsYYscZ1Qv0pd8VNXexR6Q9S4rb3ehJgPiwFLUZNnWlx2cp2DMgHQoJus8oWGPXPiroOFEW2q3PrmOrqhlfHKxsUJPYIzeZX6Xf7"},{"x":30,"y":4,"i":"bn9HeD4VftOte0F435CoW0A4sT6PKp5yHrW93yuos4joa0Tpg3ifVYKcYf9G","l":"khWX1bt7F9brB7df93DAyWdMOHdvvNnjPq7FH4SdXMFA88VBC1Q0nNqB3U4mo0NZhUQV1wnoU2v3oABxcrShWqnZa86gDYvJka3U"},{"x":1,"y":37,"i":"rjy2tcrsF2jdndQAM2ThM1SP5V3oSkla5Tu7Ydl2OVAbmyCEyKZjRmGzR0bk","l":"rIibUAASkoTgBZNFjIXnqOcqgv2KIwo0peBxjVWvui8rEnNVsH1O50vLsotrCPzAW12oBGuMV98m5KTWQAAMmuM89GyJRyLB1Guk"},{"x":25,"y":0,"i":"h7a7p4gB5XkarM4DmqXw1UXeJnUAUYtXuCvDXR4TKznplNzlhwEpoct7T60Z","l":"K5AlLAHAY0iXdiIZ9s5Ppz4Vd8oGsO2sqO97fDMJGGjzoADq6xt5VSSlWMz7AvJN99VlDEu6C29i1xF6QS4ryaKM2GoLICu67zui"},{"x":46,"y":0,"i":"vLkUhtcT0TTOr7FT9ndczAvyKOfpfH8YNsvRzlffnS3qRxhY2qFoe7cSU3pS","l":"9wuSyQLMBoUyTh80NyXsCewbeGdcSy6ohzixuNSxu9C51dqwY9H8ndxnpgBmHQuVhH6sRdodsonh29w2I7FEyUlM4FrFFabNZ46X"},{"x":48,"y":37,"i":"177g7PDMcMrimDz2ZH55wLcl4v78l7kY14EjFgSLOAi2CY3PYzgU1mQdWHki","l":"QyoRIVvx6v3wglTw0ObYvOiS11kTUYk3k26IcEmhyi7zXEY25s61C7mtGwJBP815MSgPSd0XvoflJcVNOg1PfANathM9p67EqrLd"},{"x":30,"y":48,"i":"qbJn3wR7IPVm1pNxDD9tExwXvYuly2GVfI268wuMSfkji0dsv1hkXU9epGeH","l":"1zQYTJZhPxsmKLDyrQgiWmgb7fVkzvSXpGuuTsEfhu0qgB83y30SJKQstt4MW1hmQYHzUh843Sjhn5KzR6CilMp6iqnLGRJI5MKr"},{"x":40,"y":37,"i":"ELp75Rqha1Pb9paZ1OL8iqcZEraBndu5KXuVsUXqT5Zp6qvZNGQj9aXleEvC","l":"vMrSzy9Z9AkcoadwJ1ISZH5xwkzl6BtkwEr5aP5cKTXEz4BGxSnn4wD5mVr6WGdgjwUKRcyUXrlOT0aOnTpnOcfaBVOrbiX6gLTj"},{"x":36,"y":37,"i":"URRsd2KjEj7pdvhW0eEv9NpzrhaIZ4bw5GANKyZaDWaaI0OQKLtXcXeZfUCV","l":"SK1dcHHcUyUYJiuxiDOwpV1aaTNgBccyxUO05J0nh8bD0fxaqTaqq9swVoNrRnrOFK5AbqQoHTBeg7HExCuMNMFLEjyhcMSACdkd"},{"x":21,"y":9,"i":"aQEUg8a6OObaLnDBc2FU5zFRC3f48GYKLXTSNaeJiMkGQBk0IE8BhEc91KjV","l":"ZyYKyBBDmP3zsIfhfot5COhBpWjQvS4OItTYx4y8WHDriSTnRWxwDMqwZBwlvnEPAbDy60riIZSKHTberxSHDaiKqrl3dN8451Fo"},{"x":44,"y":39,"i":"Yz92nMcE18pcZgQijjyInnwF98RZ9xgwQZQOCqjVDQThXKB3vqXiJ7YeWeZa","l":"4ABQlDe8FjU5SXnScQbn6u0mdlkq9nszS0BeSpGRCEtux7T9O1D7T79Q4CtUBxsYkQXEBmw68aTfLdwsgU4d6qDntyW2u3GtLfUh"},{"x":47,"y":43,"i":"ZCWSSwPCKMkvps8ocbqNe9mHN0Pcy3v4eQn5g7ZR236xaVMYrleGhAUmK1uH","l":"sSJPbvNyrASwKu9cOVwavFwSyGlsr6s9O1jRhzPfAWf5bl9SSKC8ZcHCAOmaai5c5Ge6V9dwfwtWLnh8Sfj7EvT0KBlaGmTaBBvo"},{"x":37,"y":11,"i":"fScUfR26ggtQhuWw6eUyMc54nAaPtFj0nnTh0cBmgPCegNPcPOMPC2HjbfFf","l":"T7xQC1bIrTDc7EmW21yV90GbWOYETnha2HUXMyg2iazmruMGsR7rhxKfvqe3jJSPQV2VXSZIh4g7xO8e6rs2n0ZUGgpr4QRReadW"},{"x":16,"y":0,"i":"RwnCAHWNqfPzoxerULRt4OvLc3bHN48pr7oFdSImkN5343mFwQi8CRXt8CIi","l":"iT5eUvwIbNEfLJJAx1AeK0NDG70BE27F6m07L2jpTiHR1qdILHLBYzgS3l23roOBevjHU5jfGXlLq8GTBNIwi4JIC9WOSYc5N6Vn"},{"x":48,"y":24,"i":"KDYzn3ieI7J4Um3H0OtwXWYRBYkZ2l1ncnBoNZxP4ZvkD3Ub3QnYkfBiV3Sq","l":"33mBKrye7ZdmA8eNYVLOIAyn8o26ytEeytEmy8pIba3W3M4iPaRQdgbnHnhUnGHYFQB3WWFpcmIZhxbWr9wqQ6ob7595QC0CFAYI"},{"x":37,"y":42,"i":"pSBZ3waPgnMDjCEEW7eSR5JPbTxMaV61UNxVcpo6PzHVUTtBTR5kc0AovNGI","l":"21hrOEaHBKE7ZecziMgWnIBe7O7BjqYU4TE0ik5rp2yQnNP98I5YRThsL8k9JzqNlIKgnexlTeEcy887B38vMR3CZ89yhttzW0lj"},{"x":8,"y":37,"i":"2g76n7JLXfhZg2nLiHVkYOSowDuhb1WPtgq77I9qTHZfViX1qkI3gIum5EJU","l":"feFDx5RiXTy1px4CP1dHZCJE5vPq7XfWK2wu6VO82gmfWKaZt4k6Ovc71pWDzbAFrEVLALOSN6tEYdoa3pLHojkxYlgrPJldu6Qj"},{"x":47,"y":10,"i":"QL9DzLHXrl1OvPfV3AYj5lPA9YImIwPAljMJMC3tBYjYUEbi2mJ1xqhH6vzQ","l":"sB0ZhDw8SfjPXU0W4qWsHv23wgHFxdLpZAey1ak7tyFZoZmupmrOdv4hubNmiJBz0svzfw03KNd1TnhDEEzumk2VXZXTHu9RVSkW"},{"x":23,"y":37,"i":"Sxc5xbtdDSHR6Ao60lvMhUBq5hg7uTrEtpqQ5JhdZ3V8W0M0IBTSN6i0djgr","l":"mFjqR2NWOl3IPq1AxRJMHeXlMvwLqRJ6SqAZs3CSmHG4EeQpa1PagSyM0Gg6mj14MHqd6RbskAGm6GAaV71eKn9QGOqxh7WAR4gA"},{"x":27,"y":27,"i":"IC9W82yZ1smAqDrvY9DXQtYPq8JOnXy8p8MwOqXxHXPIvHLL1FPkxMVSXcHI","l":"5DbQoVQI4f6B9uE1S4FYCIbIGFiHPXcytZA5azmYN0QEYKbAXPm1jzF6lhx8FTeEMXMnCjL6hhyOdUrirHtbpEL09BGTh0xoowF0"},{"x":31,"y":17,"i":"xmrS3J9qZcZYLwoDetIv8wAmBgNtV15IOBXprzfHsJMBBSw8SlcrtsALHGEM","l":"lqV2dxhWjaC6cgKdTqUTIHTQ3slTJcfx1B19yFNc3yED9rqfRlJlom15YU8zgTgbszCnaVP75tLfObgDc2UHaeTvSA9rzx8P1PUM"},{"x":27,"y":5,"i":"bz0LkjJLypJGpCnzrJraQFmEd6ve5juWLfBFhslbj0Opu3xQLOdrsBixP4Yb","l":"NWs4uegIOrMWpWjNkYI6dPlEWWPIQ6HiGXatAfxL8FSg97DtYcUrXx8p5AyzaELxaisix1llfjWH3TTxEYEgdp0gb0yFjyydP09c"},{"x":24,"y":29,"i":"CRVfWHbCqiz2kjNeNH9zr2AFdtQcDYdLf4qjctXF0RknUHQuNVkdSsFL7lsV","l":"Bk7jqbj6teoeIeogmga2RRUHOUwZEaLXlgkjflY3VgGguItqSvupa5OReImSr4fsOJB7RmTWyGrSxG4HBQYYJiSxis2PaaSb8u2e"},{"x":45,"y":29,"i":"rjJsZwAenNDIg2mkkHtRtgBzLrynAo5qnDLJUBzHHBHN0NUxHEGBiemxRKRa","l":"iZl0D9KK7UHbWERVLsLj9zcZDM9iktQE5xcaNqszHlY5FpHL03a42O1orjixdDc5gYsQlJJN7DygEDuRCiLrEFw4zQVJb33quVk4"},{"x":49,"y":12,"i":"w5sCrqgCd2gzVys3nnT7WqmL2VM9zGgFlfMTrvyLTFWoSIyGCqEYOXSkH3oe","l":"1jWu5RtTmpjDkt1kgB9lgyqsufVaegclJdTActgMBF1RV6ZImrIvuVdJElFe0JPfy6GEUy1MptSBCmWwDh7AfjrNM6m1txqFM0wW"},{"x":4,"y":24,"i":"koGgOzbAM34yfS12uV4bXhTPDwufF7gE1Nt9HXbVmNPAQylgtlzWirdHfus6","l":"JoeZi8meci94UZV0vTDqKm43S3K55nrfpQLS6U4X6Vx6TT4gvN2HYgk5SHD93lqUFAg7bVtexk6dKDHQvY2XiaSEi4UJ6bLOAKAh"},{"x":0,"y":46,"i":"MTBbWSh2I14FA6b2wGSZoRoKhPt8HXeLdVVC7lLaR1TSl7uY25MqO66N1ahX","l":"HuuDol142cqoDcFUH8HmVJ1gK1JMSRdPuB6rtqVgGJb3gMBY4Uz4DZkOkOUgedbAVoC4uXQSxb7JibXC7LZHLq37I7dm0dcm5FQo"},{"x":12,"y":26,"i":"vKZGbyPyfPpIhp7ngDSqeWcEHiozXr7xTPDtqa03TaRGLInzTy6ws5BtAJ0c","l":"0lRHSx9wZepIQRqbwAfURWwiXnKT2DMzTF3wp2JLwbqAl2twR6IePi5pmdLcsl8jq7YgwBuXHRsmDIkcgbT3Xb00u7sailA5evNt"},{"x":43,"y":24,"i":"6ARKT8BHpP4afyP9PDaj5EhG9ifNGn4z3bxeKqPkgdDUx8XCAvl1oLJQomtX","l":"raNCdexyFqej51dRxhwFeeWT8yDd6ow60m9hehdddLHw8Xs7yYtuEZ0U11BOymT83DdGUzyP6lSJOk95DIdwN9wyK9p3zTiAUvIo"},{"x":39,"y":23,"i":"1sbsDAttu4EKNOhQ2Yxnaz2RULbwLoVSHqq4eC6lnFt7RukesOSQR7BUT3B2","l":"UApivBuEbBhzOlex8snAo6xo0pGvUcvagEU5AnTTS6o2HcFVJ3OiciHp6Ol3cxU0D2f76Mb2kcWs6YtEriee3ux7sonlhRUZGznV"},{"x":38,"y":45,"i":"ldoYOe5yFwQpDHAoLps5LSqDT1pUgF7NqZQ7u2xjMrZCOVQyxaqUkOYvc1TP","l":"bsenwuYTGRFboaT5JVnoYR6qKWqjlTKoG9LqWizaBRLWl0FsJc0O0ys3obzYoOAxWMWVSOOoWqYAn8tuf29WRhMpxLbuZVrwcOKl"},{"x":21,"y":44,"i":"aQKdbAW0ekS5PfIDKEVfB87reAKAVT0mM01YwQyW0g5psDNw2o892TKCU2Xf","l":"fkDcchQnV47Vblg39fXVMelFZGxUgJpsdtCsUh5O17Ftxahzu3K7kLSREUMSZ41PREpMg9of8J6fRJBZrdSsgf7cxGEKP6KyMZFd"},{"x":6,"y":12,"i":"TvZuFZjYxSbG9JKoawQZzA4hV2DPB4JrMbjfkAQ97KfDQUAlZ5a6xH38YmhU","l":"O0appapMdlSRHjLhjWnJT3pQmjTsJLrbE3adsu6Uu2t4jqeeLPyLiHCxz9sALIgEQB5KoEHFfsnz7qyjJVfTjM6yv009oTZFrJco"},{"x":30,"y":41,"i":"u0usFi2n1H0iFrilm6VIjmGzDTaocGwdXDKFlRPqlwGyuQdQQyXE3EEEnHZ2","l":"kG3XLj2D2o2V7OWWBKhQGlv01kje27k94Zc4yEjQN0CkrHRIm3X5zjrjLTiQcNzzhz6Ajszvx7biUZZ98dfwoGTETHxmOKF4zYNG"},{"x":36,"y":40,"i":"c8Hpyn8jKM13OOvkGDsI9GRGB1kFEjPfm460KARoQyNlcslAHi7K38ycJRMh","l":"JMAznY6mDQiW1UDmbK0vaV7u3oZqKysTXaaurJkFLHXR6cCAYNgpVA0J5cTpnywqvd8VES3YHpAdvTkrXxAPhq4dLWU9UIhERAjN"},{"x":28,"y":39,"i":"TQghI5jSZhSjTMj3CeOzB8wLkeUT003Q0dC4qT2aeMSrgSOreZe8GWJ3MXTK","l":"vaRANudun3GqdtTuhek3BSrIgaB7dnOy6cjCTMCeTF9DEFItVDJDibBTIk0nVUzHLUjcUPUtyzeT52lIK7xWYMQQtqBEV9VXTDIY"},{"x":5,"y":25,"i":"HqpT0RCoVeRGBFktG1qQWyjDJyKA89DRnCtkC0QfZwtRNuCg4pc07ZCjyjMY","l":"GIOrWsBzkr0KFD8iEZCU3YmsDx4yOsMdjkkTk6pChIbCYzVMehtlZ1S9L3QD5VObPf2KXDthEKtgREMDTeselpss5Mqf4ip5j27U"},{"x":48,"y":20,"i":"km5XVTX1Gtbs9siQj1uCY3D9bFcfjkno5m4luA8qqs9C6Ut5GQe7ZqyCwKS3","l":"nDJOe2k8bUrb6x5ndpBe3OIywwMOkYDLr0jghelICBmoAyAZOBHj8hzmB8O0KgNJ1qOUhUpIK86JVUIVxmXPplAZwRse3yzq6T5Z"},{"x":20,"y":12,"i":"J9nsECcHwrskSgjuVxdFcdy4TMp8Hbj8Pfr84ZWx0t7twS1mHlqr0Myahpae","l":"eMtiKskjMAOPf7w3YNccGAsJKPMzYwHj5TT9Ultc5micqXXFlIVpEc7VAMs9NkTdmIS61MrtqSrtXpcynlE3EjlPCQ3mg2vXnEbK"},{"x":41,"y":3,"i":"0udgQ70AjJYD45dEXprO47dNt1KjBiZVDkVRiffa5Bvf34Hku7NanKi5Jpl2","l":"Ay3P3wvFIOtG9lqhXXjhT3YHrN5e2XYC3dM5lEWS53fDMZWdCEUHeuHQHi9nbvw8c2gQfqUENq8hMXtKz6g40EJOTCBUQvHLgde9"},{"x":38,"y":25,"i":"V6Cm2DigpAl1fRJ27WHBJismRNSyuN93b1ZIY2TniEurBJv5fHtoxJhft2uA","l":"061FEJJSwgAYcMOcjGZubw0UMoe9GoM7Z5As8EyppxFTgsxnqJ6PwT3ZgBRcGb3e9WqHz5dIuDcroNh5m27c85ghlNIkRdNE5T7q"},{"x":31,"y":11,"i":"G1vfpMa4Tt7H8lT9wSIsmZIllBOhTDL32osY2OVmRNPFhiS9TIdcAMv1iC1M","l":"DSbNiOQTPDzVS9tLxM7QL8gX1qBZHajwuASOCPthlyjlFqeB7KcENiM1y49PwGxeUJYGp1kGdfEm1PyqsoHXhvqiBsy5AzU0yBC8"},{"x":32,"y":6,"i":"oTTcPF42u3pHXqe0nBMpnfy0pD6jGstsqRbddsg0zkldV0QdGgAqaWvGFYGg","l":"ShrCLVWXLvHZdYagNElMO820udfNejCR6DUDFb8Qvg9LYNvnu5eMecdnhofhb2WC8uhHDMtkCW8CFn0KG2CFEjJca2XpFApDfBEd"},{"x":4,"y":2,"i":"tspRU95etx6VHMXLGCgM63bvbFUaVMxmdv812y7KBKWF37DQuLMO5C3JHojU","l":"IkOIJTLSkaNE7cmHfpZr457qSr4HHzhmgHM3iSi7vmF34tFVH9unHuWV89qsCxo54hCrxzEKPgzdyrA5hRwGeRFqwj7WzLyNOTZy"},{"x":22,"y":37,"i":"MyBGMlJ23inP98IsivCB0znvXlQv2GF8Xp6vhaGKtJIMnOEi0mkpdH5h2iW5","l":"qDBO6AShg577SHCPgLwGMGkbxWGjKUdIhX3b5X4GOMEfOGxKAoCNXbY2tbCm68v7DlmxY9kUc10sMUyj3uBV7IUIsk5wXhgm3K9X"},{"x":35,"y":44,"i":"6DIEEy8VhlOQSt46NXZsFMgi3Bc13UWxBrdLqdMBG9L03WDL8HUQu9lTZxFj","l":"8pxgbzDY7hqHYhcJNoqLwbgreO9qNrFOru34McAz9D71g7AoPmZ6VFzL7eY5gt4rMxrReHB2TtL728ebXOGqqPC9hH5BqrSi6GZw"},{"x":18,"y":45,"i":"3MffvnF1IA49i1itHTURTNmdW1YhqyQLYJfxFQnr5xXezzw8FA6ePU4sIw51","l":"G1nUMtiJQToVEYyZPqwT65imUNOenZRjRksxxzTdyjZJJ1waZJS8g3l9N4QUctULxJqRpQmxW8xTbwuvlg3x7uM9C3H86Th64gf4"},{"x":28,"y":11,"i":"NlJPtsWxghOQUgkd3ZagVHsOdIPdb9jssNUwuWYGuGLUvEzvFVR95r1cep66","l":"xLQcRWCxGbCmMnw8Epkat1rH3iwVdv5SVXK12KUhdywlig8sX9lw5pAAU9XO6dCQb0cqECgPL0x9z9ubEjdoq3XpWEIhtozLwAM3"},{"x":32,"y":26,"i":"AwTeuefLerwtHerEAwNB0ioy6zwLZRljh0Q3EATR5ACguo7ToxRxSgDzonU2","l":"EvR4vP7ULjTrMcHKnW2WcV4HYYmdvzSYPth5xPp5mbM7kRA58aweiY10bHn5MyxapYRT8cNYJ4nROaAup78SXDy8JuBJgciciMMi"},{"x":11,"y":36,"i":"I1NCub48Qwz6OQL2QiRBGmpy5r2XI1NVgJJ0w6iXazEhzivSC9XCDPiEIeml","l":"WQ4Tga2LC8dstlPRZfyiu8ylqsDtg8MO9f45XUX40dvukyMWeEoy88o447LRD8C1eAeIPtZQggHlFZHJENX4atGY5OTvKbgdtRhI"},{"x":49,"y":31,"i":"UwS7y82Ym6mGeVxmtUFwQ4Wtxsx1VsGygEu7Acn25s1o9y9GdoP6xctewfBY","l":"xKqAlKPhSUSyAIYsL788hJYQztAVTbc0IBnJF0IWOqmCYlMg96bpAnKPSDqY1WCcGTcJGsPrPc2AOlo40711TKmRyUACuiPtZk5I"},{"x":1,"y":41,"i":"6hK1h4dlLrx3gcc2cGjxQMv5wkPJfuae00gD4BZt58vi7SfHejuiK4sDZjpc","l":"4aCR39zYzScbTfp4oQqL9lCaq8DCLY3zcsZpAr4zaIELFvoUWRH6IxFqJknusL4f8Ria0C2nCmTJViuTi3lP9HLob2rB1SN94hE7"},{"x":0,"y":47,"i":"OIznpHAB5vjcNGyyorgrBoXZcIxw53THiNYYrhtPGyvu7KlWzlO54glN1rKg","l":"6ZmheEoUeij4ob8JXYPhHpR1kaaYHfIFb7FMjivXRH8UHfZvPhoJ1C6x4KhDWSnwu95oUU2hds3C5QGHLeZQ49MLgnOOxcW4PhXo"},{"x":35,"y":43,"i":"yY49gALXS0gz45Kfdji1inPozvhnacPdItvFbBwNFXYYsnyIaXo4vi8dCfg7","l":"1AACkQDzlL4yalHNWJp8QllNNhTWaKEQfcGbvTX184w68cB1UzX6Lx6usP1Ie1DKMkvVBkGjXreqFlKv0V453nCs8We0EGfCMQFq"},{"x":16,"y":28,"i":"2ZviIDOav5iav1hMaZr4ckDu3BBCbnXIiBo4BqS9m8TFX1nv5V7Fz8J1tp4I","l":"mqtpukvNYVWtnbAJwFs1tVGCBcgpr3MXaYyGatBxAxxvPAaIvi4AgEwJY6gdzELXO16Jni5u8OKWFtAEVcEFEahQsyQwAxPSaR4V"},{"x":24,"y":14,"i":"9n0v0mdR5Un4RFS8HJbeHkiXtU7wQKYO4zUMSkk3iP5RVSgW5dsAvIobeVn9","l":"r6aXcfEGrjpwEMam2PuCo7eHZE6etO1ZVIB3CU5ayh8G9gyxaYI9C4onVbVA5Y4fD99y3Jc6LQxAPHFsxT2zogHxyKZgngryuy4S"},{"x":34,"y":28,"i":"XfIk4KxxkbMY4B15H6CM6gmIhjXpuv5kMUEokMdNA1inZQdOyEHR5Ew7Dyq5","l":"WifoCoIOVV3K1lLsGcAVFgTVIlduammv5hgDH7A1Ko6L9TgaDLc86YybDPGDslhNk2WGKqmBcn92BusgxdFTY9xzEFqAGsVwQq4j"},{"x":24,"y":24,"i":"KbWcmL1B4c0SZTdPznHYCNBUJK0FmddzWq2zrGWa1fqrzdF33fzgrEq9wlJh","l":"KfP1kOi1ELwsmetEjYHBJ211f8ASnuiZHopW70T97nUuxlP8tZrJ7BEP2SLwNfRojtSiLsZBn7zfNRa82wjGJRtVTheGrnpBnW5P"},{"x":14,"y":20,"i":"8SjdPdZvmoIx2DS4ipc1h62kzJZg5K6IkHbypbrnyp2x1iRlNbEiuRN7wH66","l":"xX5Hm6Q7Nt3nyNURe3O9ijyqohzQ0JPXTvI0VCYKm0hmXsLYrUm66WHzORyfYDe4TJZ8NemLmpx10m4wjfQMdSlJH3Evi6hmFLVC"},{"x":25,"y":7,"i":"B8Cc56ae2F2mBKg7y9CZlYBIWKBtkZ8nwWEJdge1h87xdpFGYs3ynekefRAV","l":"cYtgUdvSpiPs6nsYCLvC6HC86YIpfzc3XrJc5kbRE9PLqjGCxQAcG9pd5sow8BGM96hHqbqXpDgLyhu5idtAVTTPcSDrkCseYiPd"},{"x":28,"y":8,"i":"YFcGQ3KBJJFEtjeHmv99fs4Nl9sfi2axjheybBe6MupjCBSU7EMPUc2ZMTH6","l":"gb6YcAtnZWi3ocDop9vVTgWrua8dZHMuZklaK5GyCPVUt31BSDGkDkFy6yT0BMYPkCTptBnYumAQerplw639BVx9Q9JIxiAe3JhZ"},{"x":18,"y":35,"i":"HClwpGhXy5kYyuB3INLuUwz7Y8aJPm9JEMJskRhL6loXbuALWW5Ae4YvV3qD","l":"m3qJwRsbT1ok5vCo4eao7TBMslTSUXZE07xvMO4jDzhdDkx0FAzzbRmBNjFfRQInBLIRdS15l9IDSz76tY6MRRZvpJ3aOdiRrrKF"},{"x":28,"y":35,"i":"y1Y5mkI9xRjk6zOXoj4V1kclmUd0QHO6cyM3WCCUSStMP6zTVeEhJnaLCvIC","l":"8pMj76yyyLfusJ9kPa8LlbpvAVFVhyKBK8Pm5fCv19zwNcKjLIHqW5GpDmGyeKvNxwb8Tq9n9YPOWyhcwnN88ScZkVppaIEkGZFc"},{"x":34,"y":2,"i":"2jWviZoCudQfNAhnZue0JkHpybPnCi0SmnauMH0jQbopUMpk5G2Zoz5icdjY","l":"OdcrRBsADZaY3Iwp8dFEBtCtetXsED0tborILWCYd9FJ8xRvMmKj3rKUhrSbwSTwONs4BE8F5f29UvjtFgIpDlXev8TXtFVE0OKu"},{"x":14,"y":6,"i":"962vYzWPYKYJn2FUUkzErD35QSjxntmJmo5lJgnpby12hibFXFswJERbbEgl","l":"Fb3AGaH8oXJ1pXsU3pEh4U8SA9v8cYnVin0YhVPF52xxwufxFrRbb7asB92YNTHDJPdySx4OcnwwnzaLoxz0XNaQEzhbAKp4RTiC"},{"x":26,"y":9,"i":"zqioGvQOuFgQtuyQXLXXsmzp8OLur0P5mMIrUBzna28D1Alk9CXeeEPhQmCa","l":"N5ongWPklsT1WgUt95EGotDOpSylDxMgM2n8cMgYIt2FeuCGbNFO3PUPeshxWfRNnJJAbzZlntviK4qvFzKZwyjiK4YpvPy7Oy8o"},{"x":23,"y":35,"i":"KGzM8H8tve09SwgyBGS3nMix4QQYruXGixS3v2wqxXP7cbeZy8ytVJFFQO4V","l":"BwlJgXecNbQV3PObHycA0PME2Io1wipUPs4LqxT3YtC657vcoz4X1SL9yFJn5mLQ4wYDxAfnyXu0P97zDrDNJt36tDdgvhBOUuCg"},{"x":36,"y":4,"i":"92ktrMnKYYsYCdOJOwZpceeK37RBDy9fPYqPIH31BArTZXd75HyAw9DFMaDw","l":"a8P79ehonBUHUaaCrpZaLg8ntNhllHEDXL2srGbjjGxJWaeV2NOXs9a5SZCt0kDxNIu0PmfhEbLd5Drf5ZD8LiYa7U7ewCBIlk6v"},{"x":17,"y":7,"i":"vu8Dm8MGDzdKpI1jAm2DpuTvSXrZ2C17gkNp26fLA5FYXyQ1pXCrmcDvGf82","l":"TCDO6erYWQQH0OEmxi86lufJyZXLg4Akt8RswtE5Kl5umFJQBBM2bt2DzA18RjqgkQeMAwvuUeOOhXzguutfrBdDzInDkVnJW2oX"},{"x":25,"y":4,"i":"OZnFdlclMl1q4DsM9qVcHz9qdPjtZZvG7KfLdibwZjcQ0p6ASgCJ4f3mMd7K","l":"S9bA56S6FIqP386lOW806X764ovvC5LLzhmGPpjDtimfJSqAj3V9YTj4DV8GTB0gomiRlG3sP26AeBTGxybCAW8fBwB5GLjhzzWZ"}]}