{"results":[{"x":25,"y":46,"i":"UnAUVVF5r7Z2doXyjfT7dvxZvXhlq9uY3e15f8LkTBOtfG5a9A8r2KY9F5uN","l":"51D0g8JsGRUB3V9k4oZc7sFmgufNYzir8yPAyucQSBXzjY3mDvG86ECJ3IaZVg4FRlbjLbdclvry8Zr99brUHIdjypTEk1qUoSu7"},{"x":8,"y":37,"i":"A7HPRJqoL6uXGFwjB0cKeUGLnzQyF12gBX3oQpjzI9Wzttvu6ruMhIIbDE3v","l":"5M6zacxf0qaPC4VdIMNCtyCdejaFXORg3gBFPhTK8S1MKrqWn0Td1fICzlV2le6LRUoH2NYxnKAgCVxtQD9gwtL0nR5rLLunSncP"},{"x":17,"y":36,"i":"bdLHS7HPQTXOrkBYbWvnRJirnd1LdTntk590uk1EvqODQs5GdErDx1DIWNZb","l":"8H1zWk5B7oyMhJ0bEhy0TapRT8BV64bmWeIpqHhMsP4HXDWyLsSUvlkUjR3HytjqeSMVp65npFBADgNLEjKUVsl4qnFbhxkm1bE4"},{"x":1,"y":0,"i":"TBv90pLqstH321POkzXCTn69L1GfxTzgrdkkYWTzkEzCg5NAe9gGEifrsitt","l":"L9B9bDThZ8VQutxuZczneU9BDiwqZa33BLDsJBCXyRpl2FPlI7UNyqUB0Eg11EYQD6JBNIpj6VgwZvFug5GQO40uVomR204bxAO3"},{"x":42,"y":17,"i":"GryqeL6XDZ05HL5EQtL07AUD2vM7LiSYYp5udR5ydPIEkmWZsy7VpjmGremQ","l":"j476ydWiOUph1rbwyYqSg4EV9OmH8VaRzi62TNRaF3Xwt5u3piyYcqQT0uU9wox2XgAX5Q0SjpwoiI3V52aM7ZIcCfVCZCufy67a"},{"x":23,"y":25,"i":"mbbCARkp8OocjTQskQXX3miziuCzU4lyCHeHSdFzRbxr7QD9UKTvLked7xOV","l":"sVirRdDX6yQU4Xz3jHTX1wwVCDLbgzsrm8sCPak5kr0dgJ4vq4Fnxl2KyNJ0VwZq4GfgnqkjPVGPWtCphZOn8DcDxZeBLo7InHSz"},{"x":39,"y":33,"i":"WmA2MdDx15rjjg9elmAcVaFHWBinxCUG2j8hou4zIbDRhT7ZNyS0haCvhr2x","l":"MxVAh8q11rYYIE1xISukxU7K9UF9qHzIlwtEgInaGoWW4dnw2IXWXcy14ljYaSZSUQjaI8uVcdfHXEJVn974jRw6spolWBmwIZF9"},{"x":1,"y":45,"i":"mWiFl2xiuSBA86dA62u7GMmBKzZUxb7jSBS00ONvvIXDtP5vccgBJC311ACN","l":"wxz6KFykB9fqdSCr7hs4rlIIPrOE7pNgJdI78AdLmx8yJWMBRbhlodVAteeL18rzW0zbiYTJ0AEyDQnszSprJxfSZD7kPy4DtiuB"},{"x":21,"y":35,"i":"lQRFV3Gk594eud40cUDhqSZslCvkZOoiBBQkUUjtJ9v4uf3yFzJat9GoinJt","l":"2VOMQ38se7igkWt5dXhl4uvfs5isiB0d9gCdaE85gac1xGLB6m80l1VOAyucdoS7WZZWRqgkc23J1VFmNUyMIS8P9eHqEdq5Ayk7"},{"x":37,"y":4,"i":"dAo8G0c0VHlKIJdg5qgVGaDkffDFp0o9V54AaGD8q6kjjBHeND4oLiaGuI7e","l":"NAg1OiUpMgCNXQvLZCtpu0ynETI8za6Kpus6iFXub7OMWUTy4jHgmYgcrc5eBuimBh8mXDzA2tHS5MWkj17C0WGIFgD75T89j95i"},{"x":22,"y":36,"i":"a1FRm3gcKaNB38BpUfiVG0wICyh0h8Eai38OPU0Shxmxspri4N8wO3OvpTzi","l":"ybdGSlu5AgqbcfTo0qebUa5jFFJXwtZVSQsuFi9JTf9M8t6jc60CJEPjODIeqlMbhJWfzAW2kIrnO0wxFfNddjKVUUVedWKXR3qd"},{"x":8,"y":47,"i":"bGRmcR64Ys6O8EG5QX5ox1QfzFrDPLJzErIGPBYys3lhhJO6q3ugxpHc5QYp","l":"vDk1JJqzfg8MSibjf6xn8fZR82vIIdxpukwZpKPPu2fVlfSrqFRpXm0Xd7TbG9Hepttu0Uac86nlebXqP0f8bWcmCKWcfqT9L6i7"},{"x":29,"y":17,"i":"oRjScT8204wrcTThyXMQnLMh1900WgFVRRd1W0pq9V5YfPhNVm36mGTTmWjB","l":"npBdn0cdMi5VcU3eRP7HUZiWdbXLDEvn8mg0rvTLgMaxHENVtTEpxCfJp5SmBJPNXym3XcA6Hpr78duGJe6f9htwTrsTdS4YM55B"},{"x":25,"y":26,"i":"6Z3wSttMGE9WfXcoTl1nhPVz6i7jMF33MRGBD9F0ygF8BDEYHDUHDuFY56y1","l":"lG1pxRegddNqpqM6KaTpxtpTs5A8YU8A73QuvVy8XBkOkXZnFDoWfUnnrP3agB7lCjz0lUUE8u7ddPuHtfv71GkDmYS9IrmzHAHj"},{"x":10,"y":14,"i":"s0IdIBlhROZoJU6FGSpionY4xoRQaNz1KZflIroKYp3QPOGCNnuvxc0T4TSq","l":"twkeMIbCRJrTWZXYtgNZVPZWSkyHdMqmNaaMLEvSNUrD0XRnzrZ8hiyMYApFZzL5eGUU8cgDcRHjekuZEHRoO7euQxv6NekOHcXv"},{"x":31,"y":23,"i":"TH2chpf7upGi0ZHBZD4Y8btmpygOq6B5ni4RIne8OuZke0WPajq1QtJlt4ur","l":"Ebgc3G77McjvOyLEdHxJHJcsBGbHpIGRPWsjjrufuxOqhN61Np42yKXMmmt04Lto7qSaU5tNiiQzBS5GqWu3oIP69Um5PIgX4U8f"},{"x":30,"y":8,"i":"U6LwR27KpajNolzriPJzK42GA9HbxKmH0Fye3urV02k7sHlZ70nzwOy8fO6f","l":"HGK1oNv6qbhL9ndeQw2hoyde3Zm012fQeEwvA1rHHYGhuHGSSKbMaSlIIT9bJlT6L4EIG7EBZsgm4xbSqDQjZHaKZ5GSyKyjf3BQ"},{"x":12,"y":5,"i":"DgMVTYKMirfUbER4bYCBWIYCHbsLM3VIToLuf3CI6rC3E9W5chKAFIiHae4A","l":"dsVFxe1xzMqtx7goP2VabaV56jGCL0lagmECPHZGS3dIYXaS4GA8aCfQPEWqupIDekwVaGSwd7j6zeR0JaD54Cj4bJVuTwtOzSvB"},{"x":40,"y":29,"i":"yxgm3WXq59CwVpwCaJW83cufxNAcbylxH0rRQUlIhNqaodclsJkYFQpSSQoq","l":"j7dUN5R3jxmEua5dGL4LJZ2PajhLfjpJoHg1YKqAU0umAvyIf5gbEavKEHfVzLZYOrnUtZfZlXIQmfpBJ16CoKHkzZCQL11S7CnB"},{"x":32,"y":34,"i":"06uI3zOPM4HnKmP0zKFg6uz4nNqbUx0lDcbUJMOzkyzcvOSJ30h3VxO7EMK4","l":"JSJAWAUBa8FsnzMk5l6jP9KKZkPzAhBHZhRStEwNRInmPSNHLrus5Aj1l8oHPsIFdq2XzVkbJSps5oONqvoqZIyaHKennv9x41by"},{"x":49,"y":3,"i":"RX8SZV2Y4mkULJ43ckXH6YX2vHXB822StiTtVb52RtK5wozs3EBRHZHb6obi","l":"Trxpmv4YD28SFq0w1e0RMUIYCelVAKcPgJMQoswbLKDirGsyl2tbv4f4ZSX18FJdBnvgvmvfEdtcFYAZ6qiguWf1Rnp3s1XjRnsU"},{"x":36,"y":38,"i":"BnAFFu52ixvCfhHdHRCD6cRKEPNkk2aleVd1tEJEmqE7GzCbK1wNBsSA4QzH","l":"b0LZBybhKIj5HCFNiXoqNI8tjbjsqdLVVqs4Kizl7TlD9XzXkM3xa9ZxRbuKGVPZdituB38SseACWlaIlPOMxJxWOQqgDmw3svdK"},{"x":17,"y":20,"i":"t90V9ux3edDskIGZNBQR7UnNyeMhpd7ZVEAmvorE3rVbiTKlp0gZUXQQDs8S","l":"JcFiMQT7ySgLvu4tj1wyUnk9baG1cAB5wYX4R5vqsBBlRTEZrTGGhXJx9ZdZwg9TFYjMqTdzQlD2hHJ1wjgHLMpSbD09xjQRnQ3j"},{"x":42,"y":5,"i":"k3IsL8YLyCFsPWNk1BaqAbyMPpQL57QbLJfMCchODfQ8cHFH0XJ3GAg4fLiD","l":"liis7HSCwK3BwmU97chEgCoFGYEk9CIBeTrvOtO6ZkCJESuLPlGjFLAjqDvPzvWED22Ma9aZDQw9tn7gYpjsCGFI2m11wzH6QyiI"},{"x":43,"y":0,"i":"YDTEsh4CNWKxgkSgbiNlwcao5i9bbpWH0SR2J00pgJLUjzHELUA7CroZNfYn","l":"DCTLh60nXvi4rshGosSZPONbyUmOPtaI4hkbBkZisitJjxbArD9JGoh30FGz1qmqkr5E0VgM9E9zhA1ghlVnQQGMaZdGMcnsY30e"},{"x":18,"y":2,"i":"JxD2B2vvLSity0zdgCzQ00NeHacO8LD2GFoTH20P1Jj8a9XEfx2DQdE1PRZc","l":"SNpiOvomyTZFqsf0w8qJkjecXYFnD9Lo7YcAOBzNwA30WyTizFWTcxt8ol9EeeoqHOSHJNXXMcHhviHGkTj5iTw6gRuQpGpoDRyY"},{"x":31,"y":5,"i":"DQP4IFM6vyowvDGoqy901oFjuXQrqzTbR5m25XkT6AJegMHZzBix5R2tQIQc","l":"kFPn2mP4DXM3ueWACsJb39tBRLCASdIjOEjdLtzFmmhbXoYtkCkay4xQCM7urBjyKF94zEnvZqdFxlfeftICl5q797yhlmhGgUEJ"},{"x":33,"y":19,"i":"Q6DNTRalfAImdL8RouPJVQKZjYOS30an52c2eaq4o65qJ8MHfiCxbjke75MG","l":"3hlXPVrsQt9STjeLGdeIhsyxVnmKNq5Y3jL9phQTi3N4blqmleE4V9zm6M2l10vQr4UyglJCdL0PBB4Z9nS7TrC7YbDT6e6kvH7c"},{"x":12,"y":30,"i":"4eHXjedrIHNSU2HvAlIdA0ctw6zedikfaH2sxXKuflVbRnxKNyvevD7MqvEA","l":"0tyRlNE7hYozg8OYrhTvSdapAtNS0SG5e8qABgK31GuiRQJkCZkxRa4TwQUz7lnZLIxTX55biVbQnCVs4qo3capb7cFYPEr7flnx"},{"x":26,"y":42,"i":"pvbuVe0zYOmVtiXKuHkkeu3ocfsOJDWL9YeD74srupcuxExucQaneXN4Qvzl","l":"SOR3IvDNL1qsXpCtBUrkk1bRkV7XBULscG7eaHF1yiJ2vYF9zIIacyG1UmJq3givl0CFaBKIyPg1Sym7TjJTsOz1lKZPlNapK15p"},{"x":25,"y":33,"i":"NcBGTizi1UaUO2jaM8uXZO5nCqJzuEjtInqUAUEELOUnR5Hb1jKaFogIQC4t","l":"D4SPQnESPpZp0cnE8iCVXZ68V5KoIPLTDaV38LwwMOSVoCVmCERTJYPn5zGMQZvB8JFgNGeHOTwQzVgyEiyJw5U0fcYlCShiX3Sp"},{"x":44,"y":26,"i":"I6GonoEh3WOuTkQJFIhgK7hVd07E0PQSNrWmx59GkUJBgBNnos2WjG6mqqc4","l":"AciXf5PiCOUNAkbNxSwOk7OrZvWZOvTdJcW5iMk42ABGxbnGZ8Nk8eqUbfNiVkmyATUF6fCM02f3CVYD4bINjz6SGzod8LuI3az7"},{"x":7,"y":48,"i":"zyOYJKjtAIouuHg0MztoNJwimranGPoW3ljPxYOX0fJmkUPqppRDkmx2C9rw","l":"xi63jyn6TKDblEVVNTajdWmp7sgbdd6HGYq6NVUl2ogDWZ8FoC84iKBokb28M4UY6cwCmU7Fmv3ePZ0gSBobYhkm4mXjbIo8cE2q"},{"x":35,"y":10,"i":"hNf8bs0NxcY46EOcogAc85p8LF4DmRgQcN8flMEM9u92393tEg3C0PBAXRd9","l":"ln92Y3RONIeJeRPW3PHT4W746svR3lyOtRUfqDVmou8rAOqJkdHli5sFx6o8d0YcA8YcmvfeDyjEemh1iT3dxft6TfiTMwOjfxAW"},{"x":33,"y":5,"i":"ee5B5nsV6eLvSjA5h35udg8y0Exb2jIqUS5XxdyfTLjWszWOlyXBujFye0lO","l":"tqcbX0c6bJ4SNqhoaWPnliBbCfiuEKAL3uBIJLPosJ94AvIWRwhez6mfJK91UGjVAXP332opIN98UMjmSMEQWMylvoizCdfMopVb"},{"x":28,"y":47,"i":"RDNTCpkPLh8XceUEIPxKFlo0S1Te6NIiH19MqzfxJgcNR1QwClzk0mXQUwUc","l":"weu1QevacFow3bOY2CUrPBJ4EgUlPl3vMoZrlJPOua7h5ucJ63dS9Ax4mjSnZc3zDXvimVGwYrhWuampzKlcmrgZgXVpWNchKosW"},{"x":38,"y":22,"i":"wvpgOdcuDbQXonYsgVGSvoYzdRso8DPTx0lMmE5OQ56xjMPeb3Eb5lvtbnkP","l":"s4YJId086lDSwBTPRRZvLpkUaHfdkyuXwdyjBZyWBtBSJKbFyRniTruNamG1hbLzaDNn1yEPaEul7ajJnouXL7tBoNFWWJ9e3iyC"},{"x":34,"y":34,"i":"D0o0HzyeebzKwGzQ13uQJ3xApSryrIx0t55T5zlf0lyxpttNXDBRjsRStt4P","l":"56oKrBiTuXIlBFFb8WiRDpTfMWi39WxGOAioElsyYR8m9BOjQBiVPKcVof13Ag3viqH7Ig7RgLKs9zW13WA3cL7Sjre0Vkl1Xxuw"},{"x":34,"y":38,"i":"J53ty09t7lJE7bgbUSX9PkhJlMU6xrLF2L6kVWRKXCuE387qyvKIZNdikabp","l":"FLzXVrHFCVepe2F5LWMiOQAawcpTE5L12E5HkclLuuSEeKYByoNeloBK3GxlwDO9m5cvuIFnXwFPN95uNgyiAQHIcR6r3Bso9488"},{"x":41,"y":14,"i":"QWiOZJgvzbP9G8vRSAgtDS6fZIeLySS4bRqZwRXbLWgR5HQP0Dsthm4ExSDL","l":"TPEJRaq0zsLKStx29IVpfKkpJuAAxUii4sBn3WwysDdO5Fh3CGCNMdl1gv7dXk94TqKYsSyTu5efSe6y17lVTlM8g05TtsfYG6fv"},{"x":6,"y":48,"i":"MYYUupfNHwx1D43K0sqmcxvwifli2lrHWK8zKqCECfFyzK26lxkghGnFqXui","l":"WX0w1M2h1AVZXXb6vi53bVHUtiazv4pyPjiqgdHFD04S3RGMQ3SRNRDRXp09DJjapw7f4TP3gD3iVT6IMiWRmp8Ejr0dZGvF4EKY"},{"x":19,"y":29,"i":"U2wwMAV1EInPPcezHrxPO1aqIhpKIPagsqoHBrwWEG0jW4F0G4vHC1be0IPe","l":"BIZKOP756PtQmUORJ0QItkGw1hbsvjuOZPOQ6Lq37tnjoXlcAz3aBadHe9L0msUFfiSZanFh0Gs8lP9p1ECKWTvOW7i1EShBePlP"},{"x":49,"y":41,"i":"ZRofaPDV1Af9NzUbXmZVZrGmS2b8qVHGxx6aRfr30K5PwsmUo8Cf83PSQdoO","l":"5ZjmqkNpdARpgRqGhbLxRjwvMxjikiizOvJw5sVtlZzjBTHQTScOfbyHOsKmuPJ1InNJHgFg5gCuiRzWuRSS2YDPluAntHxDah7r"},{"x":8,"y":24,"i":"WcmaCUUiuQ32LNCP0JN6POaksSoQjQo9ehCxRFJFGyqese0qbzmG2OGaWjV5","l":"wUiG8q047pnNIcTOkbO0bdkhAt7RzzcQo70BfaTudekwIGqIkYewSO1LrDyenJVpTMNrNtDnDraRLxiDj7XLfDeij6ZsdKN8VCQx"},{"x":31,"y":39,"i":"GMDbW61fYDVCUrFEEFq986c9LsWjRhTWuz3JhLxY9Wlg5vzU4fNaHafnXxfU","l":"cTpvsGebcxjSRntxkhHtUkxjk8FHlhBP2zPB9K8Mi3TAdwOrbHILHtleuqm0uhskjwM2xjktRF20IayncTMtOYIM6Hqtnu2GEcaj"},{"x":30,"y":3,"i":"FCMIO8RVpY2f49VQhrLdqUpwNRWgSNgnQKCEz09kFQ5Za33wkve8emH1Mb6c","l":"XeQwy5wa2Smujj0iy8z3hKcalpscnHEiv1KieA2Phm62Hs0YVB99RaLFUdf4TOoAnx0IkOupBqFd2KrKtMoJWEKBNwlN9rw6lNQE"},{"x":15,"y":14,"i":"hIxWFAatHel1OENbPWUmPTixFlCvt6ur49PtFGFA4gPqRb015EfdMvLZMuao","l":"GnEDAQvQx68b09mQnh66YWn5mvWOmTrguRPZhfvIAhVciaEhLB4LnHIKgpKEXnM79b7UysIdmCvbyN4ZIyTpDR7n5rVgCWXWCrfM"},{"x":30,"y":35,"i":"GWclR5ZFWIpWJ1xetGEuIN2ScHdSeh2EnipzBk1a3Ix1Vxgui4VPxkl3eaKb","l":"iEv7go0OgaGj5AFlZCeJZvIYn6QBtlPpIeJdz6y9WFcF5qpStOz6KJpfmrAczYbrjJo91YICDr9mljY3bRvewv3AjkCxEjVYVPeL"},{"x":1,"y":6,"i":"C1L1LbQTPxfQoYK8ZZGlkVwSakNo1U1rjnBgBHrmXWIBGQvsQe8Npcp2TlM1","l":"TXNhAAxBvz0TfRUU8ed4yGTjD1asD52dG9SpedUM8UmAP93cmk7buB8nsYgiN15OhciZ8JqZSNT9OJBceO0rtoepC5d9Pt7vAWTH"},{"x":42,"y":29,"i":"oB9SdzDAKI0UiWnfnY2nEdVc9GN9vNZDJBFYX0oQN9J57OhqeRasqFDxvuqR","l":"97ZtXKCMVlZqDcQwJe2xjrrOcirIf6LkiQT89YBIl0hp2hFV16Vs2DxiMVtxvt6o3dy4TsSv6lHB12CneKMkp7lIyra7R1fHS9Xx"},{"x":37,"y":24,"i":"9E0HphB7BurFWpJhVKS0bcfPJqCoScZgBtpO2WT2IaUTaJ7TYqdGXdjn52yX","l":"OuaonkqqoPPqhwm0TVW6Hs3nVdfp7WdhHa13T7Zz1QaelPrTW4CzmSdks7n5MHct7nbPpSbh4rTfJkO2isT3m9D19KNpRxpnpLyN"},{"x":43,"y":2,"i":"LN0HIYLk5ezsZlKZTkb4dIkFzm2zak8vnurCPwxpsC6mQVlSgas4WPkSpudZ","l":"1nazNgUfLQQ0h3M4Cyd4lvnQkVSNSNYBu6jNXjdq7fWxsz64jr3yPS2Q8DR2llEdJj4RgeiUM9agb5B84Hy3qng6jd1QdCTJmXGo"},{"x":22,"y":28,"i":"OUieXMifYbAfRHjBfEWxXmTJUdE9uTtyBKuexoPJaM3NSG4bxgE8LwBccOft","l":"qjtI0d0sWnzPFWQDTg8Ry8ZbYi5e9d4AaCiYHyHRkoruqqrKjzLsHY6GGGeIdOC172C1hTtum11hMpCHHIRWGp0bpu0zMlvUXViM"},{"x":42,"y":49,"i":"SaK0gZupJelzSOwms4TRcEl2NcAyPGjsq7cLnbqycG8mCxIqFh8HetsRZRb3","l":"Yw1610ADKHRsV4CzARr8kFDczPA9OWMMH1xbiKeHEZQibHeqbvw9u6KS5ppnoJUb3nGUOa3q517rdovDiHJ3ldMlwY05PTyvpwbr"},{"x":43,"y":45,"i":"EjtxgrMGOEeQZTtfrOJj7e1iYJyrvyCjuszkCnpaFBylgR9Y5Ro3bpQR3TT5","l":"5j9t5HKJYKDHVGMjiUblF2ZfORtOhsM8pBSFWPbbC8YuUtxv10J5TELzBRWxpnn5dHiNmO74qQjUw12AdX7vcSbW1BptgbL6D5xo"},{"x":18,"y":45,"i":"kbGdNk5u76Ve46Ze6UCGZsnx2njogtwJwANhNbHOIsAh5rM4mrGAqAWwTDua","l":"Y0Zc51HsfOa6yq4xQpFrEMhEqL8AAbAp04vMenI4ImLbP3eFfJUR9xNv4cdS8CwAl1oQZcLKl0o9mJNb4K6ZRfoFJYC8oar9mGHD"},{"x":39,"y":9,"i":"BK6Ud5OmvaLyzSV1UVwdbOJiOh1uMgFqBj8ft8gZ3KUyvDHhwJBo36BcaTZz","l":"H0qHGpAKLig9ujjdQZfvmye5rddm5mV96TpG5HTxit39g262UiOiRPaUo8LaW8NJiW0t6KtLhXPC6atreyHuS8F9zlom7BbHaxGk"},{"x":37,"y":14,"i":"DbhTKwWvGXCmhjwgd8un6OKk6IJao6buZUhRemktnoUp3AxfBPhvvPWUYxQ5","l":"Wac296t7NTbgo8u2piejdsEswmdE58Yeiotcej1SwzoSSCRR41wnMZc7q2a9QrSAnnJuwHrhmAstI0Sku9EAHNjMt11Mrc5aWGSQ"},{"x":8,"y":28,"i":"T8qNiz5qfCowucSdcZMbzn4uIhaZyfv9OxTEEheg54cq8hiNFsBSw0aV1J1c","l":"1snhtFiXT5sVhUgfstT7rPyvhpEuKVCwWSE7UHeD4WwqN5rrrRE2tqgTx0d8XcBDwXzjPmRDHLNJB4Owbdaq1ZApegnrIpShoiBL"},{"x":14,"y":39,"i":"oXvAFpC2l7YPPKW9cpOafBQL3ElQEgn8lga0WafeJvrc8BepSiknAEmHwXXq","l":"o4sLirpXZOCOEVaBOSxxt65udn0jIgvvqfcCV0JONfSaYukejXtS5uPMqmNqYB9mqwT1aukq3FuMRInJ5LaYaUiiVHIMh471Fb5n"},{"x":0,"y":18,"i":"jbetqF32h1tyxc8LuG30egNFPk4tTqauszLnN6JBxGxRbmQLrCHDts4zeXg8","l":"0lChlPEgkLN8kdWE01Ow5KCWje8UpSZGQgUMI4d9mEQwvqIWrPXqHcUeHUPpiLhGqZzJ5X03VwaxaEUpE96hiytygczIlFjIQAWE"},{"x":17,"y":47,"i":"Yu7t9my5bnKIhR4VWBoxkgcM4YGKTcoTLB7nCmD0WiwRyPB9SrhAfQpTNyGQ","l":"Pc2kbBJMXDo0iUZUhA2vgz5giNRk3zvTL4EgxvVsyps5j4S2v7z2HlimxHzAWGDQA6NmfoWoAyecwJ1EVg1u3jjibbqLnDprUs5K"},{"x":7,"y":1,"i":"e1oCplw0TDF8cba3AoEB6uVdHhRaSfRHEfyrChdGRKcccMNoBQFrzKOegjYO","l":"dKB7p5VsvfG5mwCl0DiB2aAsVpONoz1cpNll0kD1jOQ4rlM3sGQMHZ0yJs9m7RMPMKWQMbqwocSmaJpyAlx4Hho6SrOc2IhcqZr7"},{"x":12,"y":23,"i":"h2W1uXPvDuuRuvHSFlP43wn26jxoVVCpngyVtcsWMzFcNEx5Emf8b0TpT28d","l":"UZbs9otdyM4KvA5xTE1gxxPWUW1PGI5dZAqjWNR4g16sp44JkbDagN3UocyNiguUrSiyITHlrA56WrLsvWj8A1b3yiNcDdV9L3BZ"},{"x":5,"y":3,"i":"iZlI96uU98WEvnUEiteAXhLo1I3PAA8oMDCN3jkrBqvqmklOfJ1QEMYbHGaw","l":"VgkbDhdHpEEDSggm7lr0g2GGi9QCGsQCY2mmyYeojGA0Qd8qCKxs9quVBUKVlqKlG7vOvlIuYWCwldh9GH2l4mEiXt5mUXfYQATu"},{"x":18,"y":8,"i":"YXmUxAyoFhFbdQrAytZZumY1NM7m5H4sMyuF7PNen0QDGvgm2dyGoRuDHBHQ","l":"9qAPgi455AEXwX0UAZPiMKQGUeEm6P88K0rwo8ypR7EgpRLrmZG5s8CjNVZziA1Z7icbISsLzeN6LaiJ2QcpTZ35uVXj2eFaspRR"},{"x":30,"y":39,"i":"iY48w5ocnJpOaD4y6dKTHYtA8eTbWtrpvbVXq7xBVeRbFVuSliL5R5YLDqoM","l":"JSfnJDmZXTZFBZheDhe5p1b8dUQ55Fa11CyuGWuRafivvDW8CIl8Djnsf4klzyrQMUPsMZjScDS4Uw5rJziAsXQ5KxDHIq5Oye4s"},{"x":25,"y":9,"i":"zA8b2f42QdcLLBkfJqSwJKUPuSmdBOHAympfjnDaZNWMbmVv6YfLtYsg2AxF","l":"C8VJvgFezKLDRafJBZ3cnliiT0PEh5ETHPbeXbuPuDmvfvs3zrytqnMtIny1JvZtgD4v1NBpWAYopTEX3lMWulA9QXPvhKOxN7Po"},{"x":7,"y":4,"i":"TEmaVqa6Id0vJ1FUYWQGc3Hoh8B2MiQBpn2NuzJ5LzKdiS7fJXQfhXSbmzyG","l":"B7dRkb2Knm4xYZAujpKvvT4H2YHEtr8MAb6RKeLPkYR0ypylEgarpJNy3jgBcHjcSKTLk8Hnz4hRV1kqPVWwzVstSgROfnGSlqb8"},{"x":44,"y":40,"i":"y6lu9XKYRU93HiKzt3XRtGqGY08NaDTiFql2liKmRIE17ItPmZbE2obTRpNY","l":"IAGcBaP1ebsVeMlOm8fKBkpS3DTBWqbOWmcezbjz3WycyasaAgtBsAP5QrDJrCaMEiPS4cYkMOjG3f2mg8nEfTQ9jX3rkKcQL33j"},{"x":15,"y":41,"i":"KwGvV59BdKDP9XekPEKDLNrv23JG71gGxwElOiUrYa06ww88cLCUXKiqtr3s","l":"8ziz1qZnXBdaEHq6qhWEIE0pXIknfFie7F143uYVfdWkNsLbY6dMNjslM8htzOadj2YQGjMgZM8ihsLTx46jxISyeEPgXbzuxaHg"},{"x":43,"y":5,"i":"psZDy25vTS1oNkKmabODjp8Hvz9xWOB8vikJupUMVYfSmV0qV0SVJwwlu4cV","l":"0mgQVLycTEKEuh74Ra1Iy12DftzI1cg8w2WzUvRU3nbVrFkfegrwwCvHMHvSt8cVPrZQfxo6kLxPdxXyVdEHYQyK5CuXHU7HJKxf"},{"x":40,"y":38,"i":"Erl2RSifKsnkfjGmxi1ZTc7eBVZzShI2gKDLEouCarKWGUj6COERNYCD2pta","l":"NrIklbURk0T2oUap5PyIx6i9qC2o5AcBXmmWnza7TurPnpVekmCCx4cWtTGGn85nXemlRupl3NyUcpNBlVOh68YPUxDAVkBROta8"},{"x":49,"y":27,"i":"W1C0iSGqy9oLJs9tnJ7FKyLiREkseMT5WsF23UqJl8hnjyxsLyEweNYoDvwK","l":"1OrLjTT734UqovxxMlfgQaIssuz6obomHs1hOZw7zP5NhmMbWJKynwkCclpWZQ5xQtLIEdBLfwxqArusdxdf7k8aSnZP4WXNi4xW"}]}