{"results":[{"x":42,"y":39,"i":"Pa316KIp5FWengk4SfKdfUnpQKYAF8tFj7Q5CEKfz0LK7E0PLJBn0vyr9JT8","l":"JrtuOlWD3PE4SyX0C3XtdKCTI6QTdKSUEys5WcGoDdITOdkxtt37JkoCmgfSQ1NzVSuBV6XvgNLnxfZeIq8BMaRPym5unkCOPJSJ"},{"x":16,"y":12,"i":"TY95C9eoKux5HuSt6qYpzmVp0fMyyUJ1Tyc7RG41tDCylEgqdNSbSzLxZ0Z7","l":"6RmZa4mnslqkM579jn6zudYUbQdpvIqOcYDywKMcv0bvbrlc8IMouW9gQ1rIuSDPEO1cRKbrmLF2kn7in0FP6VwPQJ0Xsgklyf5W"},{"x":18,"y":20,"i":"j9nXNheNxfzHqxb1djuea9DPd0TeY0VHBPm7o83NazPC0K01A9mM9rJInygg","l":"R4XwVIa7hid6B66WhCkdV6qh51pzDdc85TXEeOVn1VwEGPTBLzlsDVSlZtHoL1yIeK9GSQxdN5jbIO95sSj0kGJSXO3KNw6Oc1Ww"},{"x":25,"y":28,"i":"TMIBnzPMlNUWXIhGWwo0mq1O042duieBBDnOlgMn09FM7MkjSR7nK0KhbgHR","l":"Jt5eSgF6yCtjSWH3cYa8V96rA1jGCnEkx3YwhXcQaWE35guJDFrITrdFu9VpzwEHKHIoXGS7dOaKzdmPVTRAsHneYiqFGahlWgsx"},{"x":37,"y":14,"i":"W5JDGHhEOVznx1jGG9r2ogoXgVnAcpCKamEB4rA5DMhQdnP4KoO5Eax97ln3","l":"iF50Onj2WOWzvFjhgc5O0dO5KJRjfx6sKXXECAQzU4BudeugkrXkWIAJ4TZmJcV2C5xGs6OSDPaA6ZZveSzbdMgqjvC7CUaJthoi"},{"x":44,"y":1,"i":"fnGALDWhcGRwsUJbddHIBg2HFEN4nEPdXyqkNWgGnWsHlcaXSR5YaGHnBFa1","l":"TNGgDyODAj8sVdhEgNfuuq54o0docChXOIDnqbwV367569D9VtahYesbVjqzjdIaCpzo5cbL9a5uTzpIgDz0RPIH5qMKo4NvmXas"},{"x":30,"y":37,"i":"dIq2mEiQSF1VzVtCzW5Ypn05VsnpQQGubPw5HFScJ1feMtyIAE2f0E0kVx4W","l":"lrkbnJg4VegRSC6l4gBRramiOt2JLbxJzPejAtJ22Y0X8jLRbhgC6yNRiVWdbvTPEOa5KMftqGijDgziedgTKiXptmqe0fSGEehv"},{"x":11,"y":7,"i":"TlZEm2NWXT1uiJaSGVjtepCpYty4SgnW6xxPwxdHKYgVxXYefUqMrvsvtHh9","l":"odfNzlVIcIs4H034zgMo9ZLroET2bEUYMlvrGVOepX4NjfhJajt3RA5Hp09uCb3EqwaXHSbNnBCNlcR7spzmEAjtFLVmJvW5vu8Q"},{"x":43,"y":36,"i":"aDAA1R2ymQHpHuyV7LwwCWK6gvPlgesoMtn5F5Fty2a6ab0s4glK7uj5cass","l":"ha4VCHM2fGmRptqti41Q1FGDKtQI78CKkWuYlVaDoF0F62aK0XL1BycoW6T4SNg4PGAJZLDztaymdYY0Rta6mKSANXMnl5LbrHlK"},{"x":16,"y":41,"i":"l8SBaxzzZTvWMgfoIpZS1Br3EqOSFMuWbwMjFKE54Anx37RCS4gi3Gf73AXM","l":"t6chT9tr0lmWQSOc59mYtF2VXQWLyrHYWizss3luABiC5u0FGaCmm0VWCwjxmEbs62k3oUX4bnKzg3UeKmRTnL8vPOUB4RQGNNgJ"},{"x":30,"y":40,"i":"4xJo7lqrk2DfGaKFRE8oOcjF3tgaF5gTfKV0i54yGWL24XJRBlhry4yzpuIC","l":"NWtZw8pkI3dZaFRSD9crn38veAYRLR9Pw1pTBvk9X17IOw3rFKFruIyl8P8K7EFSA9NCGEATfuj2IYXJKbZQG2xQEM88mUID7W7P"},{"x":45,"y":39,"i":"OdaOPnMQwem5nDZrmsmlJCM20WGDUQgKHNQTdUA9rLAKRLuVdTPP1R1ESXZw","l":"UEF5Rqp8AG8s2bZ22xfK3xI29dHRvljizYhXsS2Gt9v5voQ1HPYFbBFt8B1d4mnE14SZw183Y2P3vldF8kYDHLKFRU0iIUsVmD4i"},{"x":39,"y":40,"i":"xeNMPAdLqtTINdgQAYYc49gazes25Vu6lc5LkhWNPfr56QlJAqOu5OOMT7ds","l":"zHxjQUyNBMJlhB0yn5HDCSAt24IIYWS29KjWCbuy8lwa321yu8K0VOcAV30NZHpaNnu9MqvKwxFOD9bI18m4zcaLkHIobPmRzKJw"},{"x":26,"y":22,"i":"Eg6bJw9JPjYtnw9HsIph2bSLIGbMxTupOPhQEDWuK6w7hfA9InWbnWZYGGoY","l":"2tRWyEDemFfmdti7niCwp42LLKgcVYRBo5D1BcvSzlgXtb3vfZYe0GpaFeBLVKMv8fkg3IyvYmoOxOTavIbP1RIGdKvtVstJOR7B"},{"x":38,"y":30,"i":"V4OftpU7NibMteXxOFwS3NvWauEYaLwb8dmYjP9bmjWIqvNZYzoyisKuFXzS","l":"I2iQFoSW16fSWAXvL1AHt7ODrDhv5NvEWG0LtzBWjB9DhL520YyA3m4y2xbyz38Otds4c8bRqCXZfkEo4nlHPiatDCJw2H35cdJ8"},{"x":29,"y":46,"i":"aia00yqITHOhPGlJQCIabU4lRcvgXCXKX1Hbsmq0nqtfVNQNx3TKR92QDssH","l":"rPqMV44ERb49VQU3rhS6587cm7GfvcxnWKLwYnoEflb26fiyzjw0P044XXNwEOccnh4fzpo2BDG4tr2MPKchfihvM2Df8wZrcLMa"},{"x":3,"y":16,"i":"vzST7s0HKErSive8A1HGj08aIgZNjInmpYJ84PjS5XJJP6LIUe8jeDobsp3F","l":"YhXGsMfm1bHP2YrUdTvL4eHAMPOWGs2N3smm2PezI6WvDVH9wGvbExpm69qubtOEb4q4UOAZ6lUVkYxgPzSf6gUFgvXnUFe8WNxL"},{"x":40,"y":27,"i":"jtrJWGoRZW7U2NhJKr8H5DzNAYVamP3wzqlsSurRA90ujcYgqQOzo2dDWYhU","l":"Bg1YI3K9hIQ3ptVCo74cx2UWSlYQPG8InIKNEG5lpuFypwFDW29sbciCBjCIkRwiuqiwZG0hgNZGUlJBAlV7VWmxF5nCnQgTJj8m"},{"x":45,"y":11,"i":"bYsOThaTSlMyIyVgRuPTQAJAOjgtSOQeyEhp93rNkqTXR8OKFsCrCexj1hHz","l":"uBe5awD2C601vEhIB78ZmfGTlZxc2mI9S8jdnl5UX2TD6MRlH77eJKvLq6DeZljAwytFrZhoNTE1njKh6q8boFG4QZVmY2ysLgJu"},{"x":44,"y":29,"i":"Hq3sYhUvx6xwxbckMdCY6avQooja8AQvYIlxufijmWtASwokjZbFYBULFVUU","l":"RIelOPVto85B5zusqejujWx0XesiFHFasjU7DuZRcmJOsGTGVhGK6pnFTbb4pZG1ndjoPqRvgpboozrRR01CqILuCWcceiKDBKtX"},{"x":39,"y":47,"i":"7K3fO1b37fvFDUHgzwAeMJUCTDQCWStjn3kObQj3mamcmxZBN27koOaKQx6x","l":"NNUhk8UTwzlCxOTDISpsejIWr5WYbBJaQ8iJYgAwtZBTLcfP8AsLc2DH7HRsOQ9YnAL18oAecnBPDQnpUVwesDbBQ1AKtzQ2dUic"},{"x":20,"y":6,"i":"bCUxc5zFPdRp1RUQUZmQLoQdwoZNUfAp1m4OftOjAAsWX6u7i3PLZW5CbYkF","l":"WIg7eTMtF9I1IaCHNhWIyLN9esWZKFFrlQeu2NiZ6FSE0S9clyyiCYpNZNIyBaOyIBqyMoKdwXbGPAUZwAYuJHMeqwtyBFPITVng"},{"x":7,"y":48,"i":"DcEb9kic1nOFR8v3BRi6FJuTzSCyD8qt7yKL9okf3E28MozaF3GbrGfZol5B","l":"gtiCkF6e6HnAHWStgnJSdzd8epzvWC7OapxUwnNinWJ5ADk5jDOD3sMVF1Vi1B1ElVgtJmjNH3iOQNBVDscNiXbTIbAjn4kAskHZ"},{"x":20,"y":47,"i":"rqPqqrCvfgu6DyQGWzSwPSgjizFYPdteV7U31CdUI17dHaDEsVSDxtS2CnxI","l":"4OCX59XSpHdtwnzcNRPMMqfM0BS0JZMOzEAvC8tRBVuymkFrpUIq8qsoUAhCxfawqhq1kWKdmiUPuJeZCPWSjQZtJ669cvHUIzM5"},{"x":10,"y":8,"i":"KKYooaQB81KWn6gQoNwoMrf1Q8FVBbsB78GGqQwx6r9xHtnfGRp4kzlU3KpL","l":"uV1RuDKYOutvOTbMW2tb0NAFW2NA01bIcQTSuXVM1ABrgrIQLCKsKUgmEhXVhvHy56HfpOHfHkruqWM7ERrtKgWT2UOkrKvasy05"},{"x":41,"y":11,"i":"oWXvD18qE0HmWiDVA6HgR0ia5YQNUtFgnXb6ltQG7BRMYZrWY3LYlk80oZaC","l":"tsUHK5FCEzYi2tLTL93D6DRco2LURSUhHaRFCrkHjRYJQP84thaThj8EAKypSGNkF9khC19heGuRyavJcONmYHKw4LtPYYCdnmA3"},{"x":7,"y":47,"i":"xiRcblCDnKsiTHts13JF08mQbcc8EcKbUvnxQZRhpxJWDx3qFl1eH9kikNyk","l":"ePN3TFdmt1hBjtzdifM1pKiDcSaiVpFQdShcJEa6NXCD0EATy4xPt1sqVrv7Z0OKv2AEj6H1t1L9kRNxloufJ7gWb3YtLKXUEjfQ"},{"x":3,"y":24,"i":"qDB4d8Rs6XW7WVL3JB0d3R4MzLw11luOSMHi9xUN7KpjIZfuGfyo7BV1hjsW","l":"NmWlswc4sXzVTzynpEegF7pZ0uWfvaDQ1LPvLZaOmiKr3Lz9bK0lDen1nB9rM8eYm3DNWYYWc7a7bA883Tq66Ooz4tBufj8nfiGA"},{"x":34,"y":30,"i":"gDi54TUWHmhGgyvhDwYr8XDblbAOmIxQTNhrOxJRcSxJ0qKzLLVtfZRHQ5Td","l":"QJs0ooewMfnDGqUfcBomjfvvnKEdQX82rWlYHQqYlDw1xfh5SXPX6SYFWZkcQDA67bPxD9Ozsp6fBtfPX6msaisR0HiS8yQ4oZdG"},{"x":44,"y":3,"i":"N3TfmlHrycOJdSpMmAuN0g7QvvLyyc8bRQJUMVk97VCpaMjFt4tWmRPQK5j9","l":"uvixVjYUO8q0d8xnQBedzZA542M3wMSxrLZWQhYl7HHs0OlzpecsErn0NgOL0EDqKOl3XCJRdRdwTwkWRnGweU8FUpmXe2S3yH7q"},{"x":0,"y":43,"i":"ZdqYkfxoTveUPqfB9V9p72OaPHI3x8r15kKcJrlEQ46MheAE0ByP8MIJdIIO","l":"JQdmzk0LSZFNYF0VrFbOJJD3ARe1HpSM5Zg2eUdJGRHQNN0t0YS3Et5yZPeku3wu9ILRRPdhQwLxFa9YVw3sQvB40pFY6fLZsEBs"},{"x":19,"y":37,"i":"ZwJofMHwi5vJnuj3yXutpMm4fYK5SOnzGSAFsJlyD0NkVWjl2G2ggbs7Shni","l":"UZxKqGxpkG638x4igW9C5ecFF6SXTaLRigVKXiOP4Ym2tZ4VdNrvhc3sTibFiLMbsouCe2JSrrMunXL1Oxy1wIXT1BTk9ExVkj5X"},{"x":18,"y":42,"i":"LOZbrK8ZHmziGGVjHhAEckpEin5cx7T2dmLIsZJAAPhZ9coiA0J3fxFwOhTN","l":"TCWLdlbV6inD2hpBufC8JzQy025PWbt9gzqCuhgRr215cEPAexJNW3TMCAs0KEB9OCnKwH342QXlOYVOg7AH3GNa2bLG1Z6Pr5Hw"},{"x":23,"y":26,"i":"bofww1YfaGgq9wPo4IICKpVcKP3ifVGWxNTAIWP2xqIoPQEycCd0ZtLOj8Ee","l":"Vyd5P0JrSoP8msbCauzxPzUNEbSnnpT0tMKklFU5P6yQQCSKXdPJq5K6notztia2iHv0pQhWQazALuDJH9J9SeLJGXt7M9M50jwa"},{"x":15,"y":6,"i":"mOPSWBn4IBP9VMixW6eOtz157xHdHCKUqo2zhftpQqNp6lwjqPeDgzYJfCjp","l":"PG32Z4FwdPcMiBIRjwfT4CPCxVcF1t6069VM4NK7T4rmElT5eDyVQuyBbP3ACkdtGYGYDCxFq7RZhgUgIu54blg1f6oMCQphNhVj"},{"x":29,"y":24,"i":"9M5UUCal1HhI65zs2LkW6PCzpLNCFELD6IuIZcBJP4JOiaapOTVqlBWaj0OG","l":"OcZsGnGZiEuIZ5Cv2t6FbWMff29e9zMcPOp0Wp6T85zCPfwQwpcez0ivXBiOeiNKzF8bxazwuEHTkvQTea0GOr99G5EMfWcrCTCF"},{"x":47,"y":11,"i":"LdVC9vx97FwHmcsaAbaNQ8iWcia0fhriIQlJ8bpNw7yn2N2Aiab55obDXVQv","l":"gj5fWTGKmP9Ojf2Tk0cRCgF22Y7vTvv1f1UWWyhyfxoukBPYBNPiB2GVgzIlKjtmT60n7zS8hSks6GcZLAHGbXPSpNqFehv0SGNQ"},{"x":24,"y":46,"i":"fRydJCo2x0d4iMJbtau00MPacWcZQpdCcZrvTAWzwWrtRK5aGv2d0HSXL2K2","l":"RsOA7GUMBQqgYqf8qjiRPhbYadeuwSFnqYBNhCTvbypAeTPSfU1IJVSgpSe4sh2EhWv89zYebYafxOIryhxDU03jzm0xVIqGPogO"},{"x":16,"y":20,"i":"X2R2AYT0ncweZxCGC2XEKZB8ze0ABDd3OBIcGw13R88JtegN9QWfKZSO2dbw","l":"wovl34vuTSaO8OE7ho2eOeG06Ksb9t7Cql1bmjLh2nSBmWW8oJyGd7Jx7j36T67I1R5PHFf3o4cgdWPHW2HeqpUsOtcC0GWJT1uS"},{"x":9,"y":5,"i":"pem2n7uQdE0CcdmUksRRJ15Wcvj3I4DzvhWwwPCWVzXuI3LqbCxODZr0sVA3","l":"tOblmQQ35MnoBGuhMyx7IYMyKUvPLXAGb5HmU1euydllzJwj5nTZdDbdPam6r0wcbWa213hAO11B1WboOcmls9g3rMpOBAlC3CBu"},{"x":17,"y":19,"i":"wEhFd7CfQmWfAQ5rJevTjYGOmU7qxbW7zchWsbYpECsBu1pfBCwl6omGS5Ju","l":"HZ6cDxhVWqJzgPn7YygQeOcgOlErMldcn3ZhGS3WEtdGiRzsGsUqdaUQhqzvKcQSuAvqPWqgF4jDSmQh8l3cTtqPeapPkkQbTAZk"},{"x":20,"y":19,"i":"IILPULVuYmcZWxgSAbaiFsA748N3JaQEOI5ABvvNDtW3Q7o5dwKx7pKeOunS","l":"qz355QePzeiYGAZiTg7v3YMJsNZ7GhsZsIpcskL09bE3fWQ9P8otv6Dr7WUo1aHS5ZRjyY2RsKZDEfQpukRUaRP3ds5wkGwCwmkQ"},{"x":12,"y":49,"i":"uPbhnqfCDObI0kko4vRDBvIfyOg5AIawR6KKOLwemeA3fKVWOGXMMwPW0FRp","l":"CbsZInrWqsjGw6Usbnzl9K9DJAq1tqxs2y3FmzX63hVx00F9XvlHu81VhbFAEsCfHx9uiymZtuat7ddzIMvTMskmfgEkgGZttT59"},{"x":40,"y":37,"i":"AoJstVcKVxP4AmtXMl2ULV8GFcPF3vGkL2vJC4YgGnrYFMZwbHEGDMiBGnRt","l":"7PkTTjrOOLbG6O9WXGeJcXBjlH8KnckwqXJT0zar6vZ5x67tCbo6hDJpPiW3iwAlXNNoGz2tIebGAnjGBw2a0rnX5Ks04t1R0UTv"},{"x":19,"y":18,"i":"xUdJMU5WnsLgXugGtLZIwPqo1jugpXiHs0IjVdDyVI2tF5nJ8B2gvRrzxKqq","l":"79xGTvHD63Xv5RGqynoFMqjtuevA13lbSekDSOS6ywj8aV8yqggF5XumDxgqc0e89WxACTwmSNyz9mTtmUpdFr4eX2auiwKWr6JZ"},{"x":10,"y":25,"i":"WPJ3AF9m8dyvrD2AZrmcJtl004kWiW3i5esBN2mrP8RMUx4cOqF9GmQPY4H4","l":"DLefCg3S7VmH7eGOl34wY7rDfjncgbb3Kof1OPLDYYeLx0EOGTt11F7dMIxK6bqtu5Me5mWbeiQ8vLnQVsh0KFX6bGUW3XjG7VSb"},{"x":15,"y":45,"i":"wNUlSmvPbXVTKPTYTKgpDsovD065eqGO8CW1qoWuaIgR6OEf1j72Xi4z4Y88","l":"urU2EJvoy2wT9I7chD1tWkorAJwf1LH26wPPkBoCLgUNC8H1dAJJxGIqWOja5bRGRFxrGVeo109LKSWrLEIVL1affdulU8iRkXMe"},{"x":44,"y":27,"i":"yA3X2zwGfXTDNDP7SxOz1aXPu4wzf0DcdB6ugAlelV0vW4FFC29JTEexdUjP","l":"Bsn8CUZm3VtpjkGBowDXH5RzPNIWsXO2nIeZXjV756iuvR0XUwlWJxCVr5syWhAGddHTM7P9gjXzNvCAHPQT49RU7UcTyXFNLgKv"},{"x":0,"y":47,"i":"is6w5mIhC3Do4KrzcFGsUlgoZbZJ4VDppf1TAFwQFObtgrMuVAcul3nJsLTl","l":"SeM2nMwUAcMN2I5oisRlai89fdsNWvI9mt2Mlxzb2DqsB9BXZubYTvfpIJxH68hbCpNLmJ3QXgbDUQWvYv4dG2YDEr5qg5Ji8wQv"},{"x":30,"y":30,"i":"4HWQGOOhG8kqDV0t9tYCJocrvPehue3J8E0xzKao4PLdWPRvnkKSbR4bPzRo","l":"JaWVk5vpTRE0sIikrBP6zzyweWcDXHbqyQJ3r16etORiHSXoCjPeywGB0EpMbL1oo44vfyOTS0RdFGZWT2XGIZKiR400vjCrTRrz"},{"x":43,"y":30,"i":"lLMugjM8Y7GInE57P4njtBg8IiWv8xzCizs0gGDsfunHQhV4MsyfHgBJYpQU","l":"rMbtSa965oeo0yCTlO8RMmZmKDYVTYLbOAIfqdbQbhyqhCQG1SW0R2Hk7XODsJp9uyhvwjRq0JO0QeLVY3p0B3ArAn5R2h4rkW2J"},{"x":20,"y":2,"i":"rLnjX65QNc3MMz5C2fNCp8eAw3ED2VClhCbHQ1GsYJ1utyfvDhXKMqGpMkyO","l":"ksnbo6u7grJ9bMtaVp1h0Vzc9zVqn0mdsYs6N47KJsuSmkdA6egNLWVzv9yLrzy4ttOZMUuGb8Liio9TK9wn5USNxtaMS6N2twvt"},{"x":0,"y":16,"i":"n15sm6o3CEhLCa6dihI05EQO79aH0GT1AApJ9RQRYjH5xppnbzVvSINRfMgd","l":"7pBIFSTHVRsiJH5MC2YWFsJbiiJ0ZNywYO5wBnzGIdv6tTlydwogVk1SkEsVYBxAA0X9asQcPNgNi2ZiiHPBWH1ChDSdmOo33NcO"},{"x":33,"y":5,"i":"aPm30Z37E90duNGXGoUnYkFentMTboA2ugLuf9BNgnJCJFcCzoUZveiQIITw","l":"HzeMMYMP8IAuOjrkMdYK1CEuJqBTHL59LfxULFjZu2mQldYdWudLMMPTTzLcFHGnBPLYN3IaV33sfSXPQ5QLg7VKqyAPRpLDgsNJ"},{"x":20,"y":20,"i":"oxT4354eglljIqnW1kvXum5Ky6gcE5Qlmf92YovUsu97QEA0XgceisAVs19g","l":"Nl1QFTPSI7YSVTkQUg2GkiCjaAcvCcpKVeK4iP4pVvZEoHXXEycePiRSOLGlPsUB5q2A2l0k1tMWcWpG3bVvvviXz8YgR8t7KGGL"},{"x":11,"y":29,"i":"4bmba4PP74OPWrFAoaPkV8OvaF9it6UAWAczMMh3NpEHig21sbJ3jKaTx8RL","l":"kf2zG9Q9k9xBBQ7QqptvuYOyQ6tdnyDSZGGtSQLXC0cRlTKsG4XVZFeGwdJuj7KMfBeNvDEqAnP4DvxZEFVEGh4WjRjWzvwOzjKF"},{"x":19,"y":49,"i":"1kZ3dWvpxerefjbEPzSt31xRCOjDsSH2PhrAY7ddQNprXjypuevPYIKW0Sxv","l":"BBZgKbOc12zsikP81Ou8mDT9epr0hduwrIIsiwYIAdWuMCa4JWj7SQ3G9ZwVHDUSvzMBMs7txCn83U2SVPSgivchDpt75u5JRCby"},{"x":32,"y":34,"i":"nCHcmEFIgA4rbPM2jVyjXtz5jdZBQFyzY4fClDEaNlAYTUcPF1mbMmitoV0I","l":"AFCFaSZNS06ZY07UsItXVB5WVbQqA7sfEb00tUorVs5Op7YVpkZVPRkpmpXwy7P7ffxWe52rn9aOhjdK4FJQLA0FbCTmJV3bGOxp"},{"x":40,"y":31,"i":"eGRwGNX3fb73njbepgZsB5xhjlZIF3sZ1RoFIvt7UYbjWdVEOgp4XAqZSZ5z","l":"R1CMxmZC5wQq87OEdudpc097eCQ6UXxx41sxe5XMx4174gghxpHRHJRDfbDaREuWQehRTa3LNqJkHAVFYcFUwzwdQFZwe1NXIvEL"},{"x":22,"y":42,"i":"Dysk9ivTnjaxNeafoiLzL9FWJv2bjw3vx3fDvGtcNY4DknT2eidcBDClPzBD","l":"QP1aA6YSPNwVaOcECkoLvMHj2pck4ZApCqTXcN3bc9w2wunDt5LeTQl2bbMjG7reSiqerfiS6hueuGNjXEUhx8vTF60aaNjLrF03"},{"x":26,"y":44,"i":"g5LpgaCSXSs1Mtuvt92NFbw8yPdAPDNdaBuJppJlfQXOzj1kdNHpIPdrrWT6","l":"MkLsx0oNJRwBrv9bgtBwVPzHf6TOhhDXXIaAriCojRb5BS8YqcJskOIpRFZqSxnOZNXMyRl4MXiezv34tABSLKCpR9XG3UlZwKLL"},{"x":18,"y":19,"i":"VbJTTKpFMBwAVHOfYliR3XZbWa5viEJD6cOcotWNhjElaBQh0tA8ocwT2f7D","l":"ZZbJwIe4jEIAN70lP0j1mGneBYoHdVLlBlynWyMP96DzoFSNt1hUzaRaAkXNAmi3dNim9dvKNz6UDvr6JTpvMqBDIDdMpmcl0hvb"},{"x":18,"y":25,"i":"K3cz39936FJwE8KS7R3flT04dNnHa1pE8jwBLqFowqqrsYDsiQRyZGv5EUHw","l":"cyPSvqPoPfMD5oeWMqyn31OSIenYIWt51mBJZYYARgNFUS0UnvhRz3gWgW85v4DGjrNPFV61UEFc1F8AfMjVx3mzaILN7rT74WVe"},{"x":48,"y":19,"i":"im9ucKOyMImT57Fi7TwfgNBFgHxvNGzzPD5YPrIdhCr0GOYNFOCaatohb3W6","l":"3F3PhiEEUZ0Q9XKLdDytPawMImwRG99d395YAfD3VOPgJcMqcr4IXhTi6so0XvRTY5FgnU3ygAM2IibODJw3zFjr70FGRMu83szt"},{"x":11,"y":36,"i":"gJOSjPsIlLCdBFz3e8pDJrCt6KBG5YRssLgC3UFUCShVoxXL6nOntL5bLrkt","l":"YmMOKSRd8KpPyKFCu75IgTgIvlGoXVPix1Zbo5UmhZ150MHimHc0CC9JISYNZKc9njGAws3z6rPdBmwjJMsLVF8bntfR861O7lFA"},{"x":21,"y":32,"i":"xkTt6LC7zXfKv3TW6E2RBrh2k2jCknmhZLz8SrHZVwhKTb3klN8kxGeWxVXf","l":"2hQ6zmXdKcJobpHzcsXpj7EDAx1lx4fdsnskdrVvWOblhcrbLIfKCpZhzbdunEcvgz3e7TxBoBd4VEWHQjlAViABcwxpRZm4JU5Y"},{"x":38,"y":26,"i":"cVzISN6Yg0X2MP7T1raHvWzbDw8w7R94akeqA08dbok6pA4CI1xDTNdb4Sve","l":"ctVeVUCaCA1w0TZe6YipWNbqrp3cTqiQ6IFnkqGxRS8oSq6svkVzdxnj5PRHIkRHKnH5HbgU4iYKxeYDxCwXowxoBUvcG7A3SSuO"},{"x":9,"y":44,"i":"szDKi47LnOKBRs1Tl6tTvdaWeEporTu9xsdDiJUwonhgKWOlc2KHoiCu4094","l":"skX3h4elZiTaETErAIhQlZ8mpvQop8ty2gTWRg7DyfqGczCkVV1ddwkXO4NYOk54ZbmCN32YBrAoJT1FHyczRKuMP9KAfBIkkBKX"},{"x":23,"y":46,"i":"E06KlGW1n4jDGMeKBJUCzUUQ6VD2cTb76VOzhSvssbtgAFffwZpHPUyTZIfk","l":"BPoqutOh28PetOptMsaZNHbZJbCPWtW4vgouH01ROxetiOExBxkmPCfslNQs2Dikh6PtCTC4Y3timt0A40hKUmJgD5MGbIvsKPSI"},{"x":29,"y":43,"i":"RIsfVCAVolZFr1c51cMFu6G6yYBTT9YhMAI1ECLsXaDuRCx33lVx2Gc3Y2mE","l":"280uHnE9a59WVcFh4LlvWzQP3pYxyYYJyWgSoPhax5pC21S08PjGzkeF92Ifw3VU5zXEHkrCk9qCLzpu1OPuxzEBr32kuNWL6ME2"},{"x":14,"y":4,"i":"qmwktlK3l6U2eVbCt4SpILKOy3B53AJMTM9d7iIfQ7RGccYtDXgd8lYRZVj9","l":"m2BfayRXk022MgJGAEcMiQljuYJn2SQxA1naw2kKGjxwnKXN3beq2iYmgknBZg88lDkfAYL42yfoQzSnAeeHaiSEQJrpO2t70BMb"},{"x":5,"y":20,"i":"vHRWVh3IE6ReuLnRPn1VPnxE92FJZWpD6hm7jribyCzI44uBt3tgLFhXylAD","l":"9onK8WiJ5jXDUHHWyj90B8KyHtKcz82lZXHCV04L2JCffEectvGCbb6wFlwRRJZkMQPmStx6g5sdWiDX2uOmx4FAhAc3CfORTcH0"},{"x":11,"y":8,"i":"Ym8nhC69npwvlCZ8aWGqvNtBYxJ6uG4AYfvDCuTU7ap6WYz6aiBszVpWHV2D","l":"v7L8LPrGivSpDIwk6wThZXRkX5GjStVTq0LL0lckCjwHYF4B0DWQRxGEUH7EptKfinJ00R3zkC3M6aIwqMRIZlMD0c7rKropPV2P"},{"x":35,"y":3,"i":"XAHyK0TKe7mEN9yvJyu6sYrBdsYFOmwPI9wLKkaSaLGkbYMX349yF9bgRsdt","l":"XCtO0fZuMHIIn8WOoopkICzQD6a5GftI7JTgCCCbvLNvOgtiN0J5ScY1ZnwT3YYBsMFI2JHLVFeLISI2cgUIujz9SWi8YzBKaFYF"},{"x":5,"y":38,"i":"nXCsBiN4foOttx40bRq2sfH6CZ90PwIteE1lZGKGsgLYmSq0g5nqjBmKLkLK","l":"4ivZIH2pg9yKaGd4U04eTJBT66uzJrbRdDbMUmhvff9S9kL539kvu0nKA2k8ws2IeOomwL29sFPkuHDeWl3OpH7hJdcakHiEQQlG"},{"x":43,"y":46,"i":"gnWhuUg34ntFoskZq8IybuYJguKhZRG6t90UmQ2RGSulEw9ba9kkzxvJdymj","l":"DNZFor4pReaUqGq7KpOet6GOx5ZWQJCAN2V6JTOGo4aiHJOL015RUVdLGXSquaOKR1l9wmLT17H7CdNAY9b6TYLNYklLUtHpdgBQ"},{"x":47,"y":35,"i":"vMeYDSyMuG7EmUHUs9GQyVKKkMyhmzUxnr9uIC2fSux3wsEEbqxzpHqATGNp","l":"gKrhyu3GEnOCDrUPv3GLJ3BW9da5w7F8lTHE75p5AuXEFSyaThbcLitWRLGvuAfJHz1F9l8AMGshEPBfZy5MjhrrohWbn74FqI7o"},{"x":44,"y":49,"i":"nkjFrQAVlxaRY2aChW5RKhS362nkVfJ2eG6WcXwKpdTf5mTraCf0AJAcLEpu","l":"hCk5whCDFuWmYRn901KqSpLq5T16B6HWQIF9bmXHDqZLpiZOogEgyplFGv6xHXBW5Mho3JDCwq6WR2mM7sPJy3z6T6yDUxVqUNL7"},{"x":31,"y":39,"i":"VN5TndRAiWpRGTm6dbzEtzFuI4tDXZwJPbY8bcqmrxOFbU6dY34cNYX9o2DR","l":"1KDC06Wt2SCCLRARgCYlkP6zkXdrLrcBSuqc8GcYqTQEk36c5LG9CB3yR5VyL5YvyOUXLOwL2vN18tQiHZSE3z4bhhzItPWup58V"},{"x":4,"y":5,"i":"3KvVfYQpz6Pty6DbYLl43qSWQjpJIDtHLEkjUlI95eSGIbKkjD4wh1y742nt","l":"cjOjS3Vdi6B92zoj6OSSWGP1Za6xqz2rGbBGJQO0CxXJ1ZaG43kgrqMwre63HknghIP1TLLJggcTueibWPaGHQRUhIZiDuOdrMAR"},{"x":18,"y":7,"i":"KPhrQ6gSjw7VsPz9jUn5a9sESwNoH0Tdue30GwtASjpjDcky8b8rgwZJq3K0","l":"GHygED37eWlYA3ih9FsUfHKeLQFI0ocVpYwPDG2XO4qlD1GrzVFmQi3QMlYEMXorGNQEiQ2NQexWv1d1v9KZGEjKZlfdgPImIVeY"},{"x":29,"y":45,"i":"Fxj6Imeu2eBhsCBqKYrlR2t0VpE2I0EqnCBu1ZnqfRD8fG3XU9BgZhwH4Lja","l":"SnCfVop3KcUyKE1AJlZGwrS9d0A1sqkl8uHFEWCTHMqOSftNNXPuM7qDVPtwkG7cL1hRVkRe39u4fn9MgzzDmR4erzWHzOmsn0n7"},{"x":39,"y":13,"i":"TWcYsR3cKbvDe4p0HACpQDifAPgNxtTqpoQTsOIzq2lIeZAbwCVhjlNYwhU3","l":"RuXFDDUk9NcgP7lrvBrJLaPjlfSFsNRT2tZ4sYNIbHzWW5ch1HMWuytVYywlE8cS4CQLMVvjwAwMUqmqSzUh3GEZeYdrNfwoJVkA"},{"x":24,"y":0,"i":"4KcDSjd6JEA3rEQeQimLQIX41OsI0VkUrR3OMXt5H28JxQKjOstivrctqkVT","l":"iNrf9h5pEkreLT7XXMdjxziMxVKDpzg1mDtkLX3jRX7xtUeq2keteSbAYpLSCswGA6njPtxNUzEaYWX5Z8n4oBwlBT5cJUiMO0Vr"}]}