{"results":[{"x":21,"y":21,"i":"b6Ox0I7aiGHik1pHlJZodK9ZVPqHvtRiULtTxQwZ5qFHdWWapDz5u6drpOYe","l":"O1lNV0R500FNjcDMZyizRgqtmdlPulQebdkCfntHRkVbZtIOV3aqGcVBzlPwUohoJV1EhRqFPsp6v85UjrD759edZF1pt9qilDEy"},{"x":45,"y":20,"i":"Wxp72YRa1j6Vfm2CMc8yKAxn9CZUA8aQuEp7TwDsX5aH9E5YY2ye8Mc8GFo5","l":"HbeOY96DKke7Ebaj5oJ5uvDZv81cviqX9g2ymCMo6eLy3M9bbVb7s5eyX6cSH9DLSaMyCmrOX5Avi6KGIbunuiWOqJOVa9VEjRiA"},{"x":49,"y":16,"i":"GDsE9qANL9j8jqVvh2g9e4IMOPyFjTVFYa1kf8fq3G5khMTbJzWScTmXvpu7","l":"yq9fPTKDxYedAWbnBYVMftVKMDwKHIhGekAnDQRG1gSyhFB09bc7HZMbUgX2doFFWmQJcNetc7sUQQoWbsAmirWmA18CPcnuvNY7"},{"x":24,"y":5,"i":"AJD7TYc68VIiaI9HfBWuouq1cF199YfEwbFS17XcD4iByVe0c6aUsPOIp4CD","l":"Y0syH28ZFr4jo7FfBFtdjnpHCIddftw0Dorjm1Rs2tPpPsDxfN54tHfX7ufNIKlAd4ZQRkfDWzp56N717OHJiP3pZdVxbp4rakel"},{"x":22,"y":14,"i":"7Ma8HTAjIlOIpO3xROohGV6FWY5vUl8rtr4iFfJNOtDuoFqmKlUrhWaunfFx","l":"FG1DyrRcV7uR6n0ykLmLW45LOeukmXg3RuThnxc3PozHeiyiYlKRIdhVvHyqPvZXF75mBis7ufYTjqpthISEKf2AZnGWmHtI7zep"},{"x":26,"y":24,"i":"7BYbMAbhu7iANs3CIxCIVFVWUtYRXDy690rxD8g04O6dO4sSE2dF8HBmgSlj","l":"m24unqvW5TlfsuKBH7fS2bfQD62HuwO2CUcxgvdKIwC5SktFoxbFicq4e5UElr7TS0oVKIlQ1U62Lkkw0TaI5XoyEg59v6Nn6n7g"},{"x":13,"y":7,"i":"KIMio0M0gUrDV4HTUWQ8pe0KnWxJJSQdfTI336vN8Rk6iQ2AustuzlnW9swk","l":"2BWtmFlFWlGsTPlXQy5uBi1ugnlaed9jLScZdqG5dWnLXNiNVuwPZwWi78600fZsbhTzwIFW2XCcMxsKLpMbyyGcfgpGn73eOZl2"},{"x":5,"y":7,"i":"Vf6ryHMRudF20Li5ieiBqVNDyvS0HK5DimDUgK01kR2D0xEjzYw2clxXpn5F","l":"OM0UouRJ05q3ye7r3qINUuvDibYgHdXtx5GP6VZzR4rs0XIymE9SAozZfB6vjHtu6VG5qFVehg8vBwWBqPcAuIj1DVDbCnfogXgg"},{"x":16,"y":30,"i":"KGoKmvhNZU2GHkSeddhF03BoBi020VyQxYQnau9Fmudj5TOGOg1EorJqnUQd","l":"sn06Wt3MDPnbb1naUHHQdJDKF0RqypCkjyRD2Ai7DFL7DuOWZulOgKuVkRO0aZ82BtqewhmfIf7TMEwdcTkmZ7dDKsUw77Nt4z2K"},{"x":4,"y":40,"i":"1bSSIEUuIdJAzn6JoxvMHQvKr87EwdBlQaoewXVhZfaGFa4NYyqXZhXDbYk6","l":"9DxGEtCFqqR3ozpFhx1pYYa18SAjISMPYNp0do1kVszsTLJxCB99etywcl7weIk6ui49KzBXVAoJ5rVs6DeFJWmyyfJPNnPvTXox"},{"x":12,"y":49,"i":"LiRdWoK3CC1Ig1sxz6ud6Abt9cDWLjExCJuFluZ0wzCHyYjqdskWwDUetWd5","l":"s5eSSPpgmlKM3ZSJXEcVFBAb0Q5QpPTEBGsu9df4oGZhT6y6ce3jDMgIKwwPiEopwOISw8GP8YoJ4rYfZ7mm1QmvSb6rOB8T4ccd"},{"x":43,"y":22,"i":"FygWyMZg7i2LDEyncskrpfhNGCpfVJS7tMRN5JWPT98Gezo16x59biqfVDYq","l":"BmTpUmox7HKke5UxKMJhs5wp79ooai7a1QHwkp5UYhDm4jDu9L0l4cT0K06YeidemAEQfo6Mn0sYKblHYW9zdw79nnjDCsT15rg8"},{"x":32,"y":12,"i":"qDs6exReEIweH8K6nnTpxs10AMwO4HbT4wjWUbbnj8t8m7mXxFhJwGfD8ORt","l":"l7npkolEA8pYWE9vhFW5x3flGCQYpYxMuUq1HT4DmHM2Dihz5H2cGtgTQIveh2DRkCblajrM0AzudPLZ5hVOCfjWnnA7IkXGf2fx"},{"x":23,"y":7,"i":"MWozOWdGNMJN5Nwgos9Dwjmhvp32zK0zidFRGTFBHqulVRDsamrfaWQ4OH5Y","l":"QhHLlAC43iIjytoEm1rD7LRjh0FYduSS7IRTJJ6PW91Wrfic6IAStpdPBUiWw4ISrxZBvbnLkK4GvLaZiZ5Kb8KBxSm1QMwblBeO"},{"x":8,"y":40,"i":"3WG7P6cB9AdTsXeKybpIAw9iUd065Y3rgSYRUsjxL70BE89p6UsYAQvZZ07o","l":"BJOCtYsfW8SGg37FpwhLOj6knqKAeGuQBVUGuyDNfYRhU4TQpgNT2PnpELzBoIJiDM0HMV0oA3K8PCuBDRXTFjYeSukDlMisb2HN"},{"x":2,"y":28,"i":"MaydBhsNjVCN5aeeTSwr23a8mpMI9anw1cpniQjfAMLnP8zbYb3RpX5HBO74","l":"IfB2KsBwBwcCArLPDocQk3MqYEsuQFMSbsXbUsS3g8twxT3SL0rNPvTyfZygNnR9ulfFy4hjVMkQOkBfxdahfbGOM3KVlqZvdoBd"},{"x":28,"y":48,"i":"LtzL5ID5tIGOl1nPflPgQr00X9x0zy1ZAReIZhsXLBFhPc8maVi9YD40y1Vv","l":"0DS2HnrrnTdSqIQ9NqTwbvN00FdJURzaM3tIomIzDclOaYM349PJpYBSIlnyB7MMe0V0ZkuKhMUCdv2hOd2MAZZCd0MWnjZhnFqX"},{"x":15,"y":43,"i":"oSUJetBHjOOkuujpcO4pqIGSfXia3ohdVlFmcGG2IXJoiAiSGSJRA0IdYriA","l":"drixlv2dsMrQprCJIIgUy06P0QsUHDodk41uHfNTUoFeqmWuqIo0pQTtAr78a2nkLYu4Jb1hLjiiZnFtIVvDh9GheLwnzljDHxGp"},{"x":9,"y":46,"i":"o6X5fwc5B9lxIvf0rNwBHqe5alaNeqUBRUZUKhAxXAllbBe5cH70iKBc0vIX","l":"OGRUZE3VZe2UQ8PmyyAPcQFCzMVz97e68PfymaPP2LVQhFCYmVcy8PiK31Rp1eV1Ayqbn4GmKXDGe05pP5Oso8i9BrwvwAmipweC"},{"x":31,"y":11,"i":"HCleh0uT8M0qhh3jrVEnpFwh3nCHlBIMFOEme9alWVMxcFtP0cgEAlZpC85j","l":"60Cl9iuhJHJ2oy3t5QhuPcgST5MaIjJbnuO3rCDuSOJUVPP5egmwUJJVg3W0L7GklZ2gHkILj2IdRypywgkVFpG5Lov45nVjPQuS"},{"x":18,"y":20,"i":"b3UfFmeyNiqXlJLqIIMv5ivEoikr6hpAs4nd4mkaHh9KDhTEn7FzZ9SGTJ1d","l":"6S7tmhatTPp6JMXItPnAGRrGZScuAxlU9l2Q9DV810F7ymK3Dbm9hU25RCePP8gwUda3khVPzsInqFFm9cFkz36hCqDWPEDyWAnb"},{"x":29,"y":49,"i":"ebFBG4wQJ35sJewlCpwEBtHGxTsd4iCqcH8UXQDgbPPfLyV5sUy5EIRSa2y3","l":"4paHnxOrCthZDiFblRaH3HtbcejXBipqszImc77rG0X9dCXSkr8eAkk9POd5WtRu9BEXza6xqvZ5d5kNGB63kA22R8RssGI3Z1XH"},{"x":12,"y":27,"i":"f65lbS6AkPRzMfFqFlIdb2WkfWiJCh008E3RgLPjVS7KvHvMZMEk4yr6TWAW","l":"Dztz9yYhREgTPRHLOncT3P17MvrNDRmErqbTYrAFgbfoCgwqFxg7cQcqi4NtZKee4bnMzuJ8HNapYv0iygOA3J8wZ1KosSNzciss"},{"x":24,"y":16,"i":"ZaEJzsoIcZcpBGHCvKguo0EQ9yDljD7uGd35RBkcITbrGv7XS2MmoVHN5vyD","l":"nBH4eEq4U9qJ8YPhAKUnbBbtMfLzNo3jxdbWZD3UE4fMZKO9XaEexicC5xosrm4Y8VhJafB3UDDKIxai72a7rlvhPt9LKSjd8yRI"},{"x":19,"y":43,"i":"Eez5T7ff3imBPLkXN9sgtd4vqPtmoL1K9h4U2Yu9IA3tWYHplai5HWPhedJ9","l":"10Wzm9Pp4O2sL7HuWZyrG9SYwJDJjd4x74IQR6u4SSllM9ANHHZ2K9stsztvWdmsGEE3ntestPpURMDDkYm9ajz0nDEJlttAKtdq"},{"x":6,"y":14,"i":"zUsy8g9v6dTSM49PM9TwSeGXGj9TEcKXM41dU96crL0geNrqXnU93lJtNqeU","l":"LUkfafBJsBXJoIURim0vexof2VW6xivyuSU7F3RXUtJGWkc5SaUt77b27YevNs9dS6CwUeK9yDVDS7sdKQ9LLcE1ynf11C7CEiYO"},{"x":37,"y":5,"i":"qEdVDP8sURW3Bfue3OJSolaFk88YfdwhHaqKqRIDjNhFVjhfzW8eGaPHs1Zg","l":"ZVtzna3VCmsVZV5gV4Cqh4k42Fl5MDBVYgPWjJu6jgtLf6m8uR9hXQ9ckBLhw2s7n3ohYtFRypPyKOZKtm9Wvlb0EFKjgNaUdUw2"},{"x":34,"y":20,"i":"pHLOEzacI9RzwxUtiglI5QN4HKsZlUbl0Stonjwgu4HkNQeUldRZORx45I4y","l":"fo5douY75zTrcFWRMzkYvcxmqt3qzvRtohIvfRoPzKVWn1qrB5cy7nzNV9GWNGH7Lx9rzDuNGDPaAJ1MB7ugo2nWw3MKEBuQjngi"},{"x":2,"y":4,"i":"3GO6PIKUO4DusCT3xmweqEBJ2PpfR15QsR5grDuAyR7v8PccSDf3LQSFTnj2","l":"1R8dkHmyM8l1Gb0WO5RJWjVR23BQ6nOUybzwtEbSdVCUAkmLXoBR24HhEPBkbSStDgysCOliUBPLqF3VCv8QphKkrT4jyxyuNmUo"},{"x":27,"y":9,"i":"Q47YGEqO8YSca1QXBD2fyJZpDc06WRRzkvu5qJceVu7dFt0E138Bu3va1y1B","l":"pTVhCeYN5hMZ3uNiSegzECZAevfwQmQpcxYpeg21ijrmc8KUcXoeSHRbLHRRzNlNrwYSOvnilT3GlGn5X2UGCXta0YzRBI465yQk"},{"x":44,"y":16,"i":"X5gYaGuZYtGniWtwxDIy7EDES5IVuHYBw5jtTncHOZC5GQDIMrGoPvXF6cyF","l":"Qh4OJjYb5EW34Qwv0pfUDX6rhB9sYtIHzGbKMUe8B0KQGoriKfyjOOlPQZP8KiARTxwDLk9Mfzkmuye5C4sITUGwOEG21gKsE6nv"},{"x":40,"y":48,"i":"QRQeBcPZLev8CF5aYbC3PkWyckvjGNO1y88kKKocekYmXA20L0HpX00Bsl4t","l":"ZnVhIJd7WyvXkeTEQaxNiQQRHayMuFrP5xU3J35lIcAQBygPMZLrRnSXrcteU1Z3SZ0U9rpver8fmzCX2qAPHwDFkQdEv0aWyZbG"},{"x":33,"y":16,"i":"2MVOj2d9H53YqzdoEbFOpaRF7Ceteb5EOJYpKvQjNpjHMGALAoVSjRwI7fY2","l":"noizkFR3F61PaL0sZf9DGkDpe0nyOiomlu0xNWAPzdYZURs0bDuH0PLJ7EUX4B4SAIp1SYX48jvVYE3HN5tpSMYoUsUrSdfunGRb"},{"x":9,"y":29,"i":"xM1fPfHzbAgwR6KQhLyWY3c3cxKYAt1qKC8stLG1TR0mzf7SeBB50Mb1XgL3","l":"jz5NxrtZg3C3L3t1WMzm9c3THNop3NTFF5m8CN55ypm8dal4UwLBiX0du0A3GsBrAKa3kD5r7nZWQH1SeDF1mfroGlX3Cur9YOpa"},{"x":30,"y":47,"i":"NkEE3icTpbyrwpMoQIS3gUPlGLTEFyhbyiMbatUCs3ttvacrYpdl3ToJ2O3T","l":"SJXfNjSSUKc6Kwml5NqLOzzXxqEKSTI8upWalmcLquHBwbxxeUXLLPYc1Mpyw2EexNIsV2zJBvq9o7tjEvqO5loUbMeJx8cPDb54"},{"x":29,"y":39,"i":"9AJrZCb69I9AXwKeTF50ltLnpcysJ95ys5DD5A9yhPel2htEYiPtpjJnKCEG","l":"g3fyGZdLzUBApwN8qCvL17PtQQW22HIcASTwUXgsx46KV7MqtFYDEmzzBECajxSeRFPDMgWJI9eDvLFY9IGqGbHlUsWaBE1DzrYO"},{"x":42,"y":29,"i":"bvLMPtKCK2QksZ5jQrWCCDOUGry2nI6lvnxCh3eacJmc9KD3WrsxZ7dVQei1","l":"xhjxiLCT1FKxg0xsLMtL7HiHanq4kljsUXpjsEsAxhSWQ7uyw8M06KvEOfaXPRE1qKkSoZppIxAPEtYVN7HKfJPiEGqtahZn6Hof"},{"x":35,"y":45,"i":"h5FK8NbnkTasl8bhK96fbuK3ufyUjJlL1rHJ2KK1tzKBVoJvTeph4fxIamHD","l":"35OhdjrlZ7CzeYYECf735vUakcC2LLUt4cVEuPYhHu8uySZffw1fMvarCu2EauQ0TNDZA8UQcX0uO5xiCz76eCfDIjF6K9pqUBgp"},{"x":20,"y":4,"i":"JjwmrHB2dh3AOqaUM7LRTQ33hawqrGBsSnU8M8if4Vn35vxDxuMy6CxnIn3E","l":"3yelqpVdBPYRuRcROpc3CbMohTiTJAr3QyVx9YLmDJrtM5TSMeqfnGByCeLwGkwLYrUmYc6WVEWl2ew5tFvtXFA4PujpJQNX8Pah"},{"x":11,"y":0,"i":"2pBQaIw9sJgdpxpMWlfMnb5uhsFbjkzrGifJ2NI6bkRd3yDoAlHYMSTcOwoE","l":"q7QHqLilUK0ZCTlQgU9cOsoPXc1jByzmIIlnfEF21GBPujDZHXGSQj8sAsJ84OBNyGPz5FK9cTMylpqpKlFSLYwjQdLa2q2lty0c"},{"x":30,"y":37,"i":"Z95MsoXDhqvzjkbYAxDoNaXijBDlUcaZr1Ae3llK0glevW9XZXz8baIddLvL","l":"xvMYFZasHWHL8TuR1o4dipNgDWzdEXiz9U3v1L1LznR0PQ14S6bkkkGbbvrxXFfsNhQfiOWxaMU9MX2rI27MjAppo8Ia468TzknX"},{"x":2,"y":37,"i":"qeENM0zWiTHelaU9xq2B6o1Fv0LVTguzXsFnhwxiz5tN88ZNTfUfuQVpMTk1","l":"z220Pq6MrGdO36IIePGEWjVBPzENYPwQBE020NOiiiDNMfaLbMBrI41aGVSAbDcdBiATxoV54DGjfvpO7VrVIG84MQWxfFzhuamK"},{"x":12,"y":16,"i":"SZ8RgCmlCW241zBAE9fC3O2lAahjUm8ZrHrwdpdcG1sXD5RtcAHS2pt5Q5XK","l":"b3jKfRcxodJ7LjqHDqH9KBv9piVroxLdwJpc8CU6rRgAlTDQSYAbXbuPe2k0XvxhbmgSGRCG342GqUAu03gOZoneq8oVvCsjYRlE"},{"x":33,"y":44,"i":"eKWWcFWxMGxjuVraacY9cPGBH5yTk8MsPEpT3is7xxKtBIN0dP3qsXzslZ0K","l":"juFcxkOM9sUURpqxqNsg024tTusnGLpxfDUpQ538VK1joDUvxYuE0Bpq6dpd3dle0zEqKHxvX7Dp0Zy5kGv89ywqE0AGmJ8oqR87"},{"x":21,"y":40,"i":"yLbjqy5Lr7HHkph2OHu5dxRwyLWj9juzvfVFCDfsiQvppARpiRV9dE6ohgf3","l":"iT4T1x56GiZ5sZC3RYZ46btNA3Kto7FMxJ8aNb6TmTOwfTkwk0KCiBwk8Bo29PLUlyDkzgjq8CH9Yoqcc9AoqNSPTLeDa7Jhm2hB"},{"x":8,"y":6,"i":"XotavMdpP60J1ie82qcvz7h9UbVUMy418ttiP3hqWZS2tSW6subRWKAIEsF5","l":"imo8NvfsKG5aokqUTkQ5UGUOPmW96bnBSqQ60lFzxScaKLPjAa93cVPlMqTX86M6ZDtIdU71rGN0LUFupHO2Nnhnvi1SpMslkcL3"},{"x":36,"y":36,"i":"q9mIgOXhydPGoaiof23F2oyVQLfHmqRzL6fMWM1fPLfn4hIIVwPn5LzrjZeg","l":"xZXsVTbbLerxJrfahPggFsFDjDu4oytCZbtOLW8u01dx8utNGh96KH1P6DgWvyYv3aSyOwlQGr2T15uRGSipt0YKWpCDtlWbeBml"},{"x":29,"y":18,"i":"CkBIKdIscIRnWD67asDIrWXVK287hdr0k9p4J3Zh55diDLudRvqqry1XU1M0","l":"nOvJqhah8yxoF8l4ETSJOb4R9BlkvvU7qpjTBho7K5WFVxaqVz8dGuww1lB12NCXUuk4Om938VD4CiG0SwejlstTRj4CnMnHZ7La"},{"x":44,"y":9,"i":"33uxpFRFGVlsCw6OsrswFOX6U68A2k8eWkaoErUtRen7HMx63AT3WXa03Rjx","l":"SlqqZRAX0Zo3bTYEkdRuDf9GS52FF6cd53M1hc8xUSbM8xGyN4RKlLgwyqoaqUZZog6v3RgmYFrkNv4nNcNU151FqdYUTmz75W2e"},{"x":5,"y":49,"i":"7Dk0i3weVuRALQShMyqKIvGe3RbTycUrnzCURzLgXwaVlS3WaTcwESCWQ75o","l":"NWQtA182weZOidRaQsTMYXErj529ekMaEBKA4yeyAIjl8zZE0gbWBldNYYmqSiDAiZpyY6qOAQDXVqvyS8QXGlYgCIoKPPnGVNtp"},{"x":18,"y":14,"i":"opmZMD9zMhKwuLMKi0Ol7O6cjPLJQEcHPMAMZRJKYIZBRjg1GVfYVO2ir8OS","l":"dXEWrM74m09ggbE4qMPYIfKSWNspKrb87tU5pUPOVwzEBV7pubB6X5k8yluDoC17J04nOtlnjG4NhUmIUiiNQytzcILnGUCCvqrw"},{"x":48,"y":43,"i":"PuP7HV5JcWi1PYmTKRAcOXopluns2EbL0PHA1jEFQBwagD9p3W8HAkglOuWW","l":"5ibxybZw1CPL7AmAB7u5Gvrv5BO8tIo2AzU8BmO5aQSAdlhjmtVZPQgnMPPA3kxZSgNU6w5EmDNeK5B7kPlP0ko4RWI0Aq5VextG"},{"x":26,"y":11,"i":"xWZHcPjX0TKexaQ8PpEmjqZS1anhpmRgDBmdQCdpYxMtASlU5ZX3gxomZNpm","l":"rFo89Do1j95zYGzXwq2vgp10qaPLBAc65pZQOsGK3hs1kMbWQFakZJR5nelSiMRqGeoqiI0dGn7m5Tv30vahCNyTYW3BqHCU3U9U"},{"x":30,"y":45,"i":"oAL9gtJ8P13kX9MD2apILdNcVC38PTZNSK6mKflC0D0X0f4n8Dus19z6G7ar","l":"ILWdRyaUAIUHMmGqc5L5vA8CGhus13MfuDyovvs1ILn9Ix3bDbdwsNQeoh9JGm1K9kGTF0VMBTTtiHx6bgC5JKzETNUrpjjeKOsF"},{"x":22,"y":47,"i":"l0inJ4ZTLVEa2Sjd0K9RLzsL3FxXlKOBI7AhOE6e2cJZ1rRmHeELzvanSmpe","l":"jb0uNpi8P9eEKaZppW5s8GnWhUuiyu8Sy4gvCM9FgEtx94giaCf0EuuBbmcFI6PQjeblEYO1uSVMXH9BG5LBpu8BSeDZxHRnzkqU"},{"x":24,"y":38,"i":"vWJNQwmHp6rcmEIYPeaTxShpFe9utvftdrNER8T3DAtXbghlZ7DqL8T6WTIM","l":"CWLRg1wUrfhLtKoaBLAR0N4fP7O81CWaYN47Xp3CBhJ14LjoEkY1bphdGKhmVRxEXD7LgnRKs0krZe3squN3HWn0BQwv5Kho7JHF"},{"x":45,"y":10,"i":"O7VvdGUyAxd73OXRDdQalUZfFXc4DebNqwI4Togn7Bjl7hGgFN2ruMNzlK6i","l":"2pVPVWzWH0H22FZaLA2ebUNiZMAgwtfMLjffl8R5BVInVFfUNIMqhx0UEinc675lugQhOectspGCERI3oqMbhU7jImT2f4agaQnf"},{"x":46,"y":6,"i":"8YIM2H6ZZnufppiU3P9jtw0KvWFwN5EGK0l25rdwmcEs104xB0kLxDsbgUls","l":"vpC8t6Z4t0V0Lh1jBzoGRfV77nyS7nNHIE2hmNBnO4XPWOQB0nBNoVh0WZInd7XDkj7a8wDLgRb1NZKelEPZPyzIYKNcyGn7iIR7"},{"x":11,"y":49,"i":"PSK1wcZff9VMYz64ZnzCbfr8dxnkpJHNxq9g52X84BQJT9wlUhoOr4vEj8r9","l":"hDYInZLsbuNUoB9XpWDkxtuBkOC44Zvu1LwmcUQlwexLeYAzHyWZEDxNKdbtDChRPscpaXr4fT40cOcX7dRJPg5ECpj0wfDOBOfi"},{"x":19,"y":29,"i":"UpQkfGgwrkudoYMlQQ7t1g0AygnfOR3oJJCk7T3PxKM1fcpFsxrUt9Xj3X1O","l":"jf4l3myBxrJfjtKBN2xx4hQ89Q9vZWGONY30oiQt14uVv2xXszcsG1qc1EWnaNX4wn3qHwYDg0U7TfLr8mweRZruWgD3C1OG3FJo"},{"x":22,"y":0,"i":"jGbpdIfuzZ1fDlPNfKGeLDo6ROYxXqvTQUtLQFh1Xe3SARppIqNNavWPdwa2","l":"nGtX9bF0XQwnoKEuw3dG4zMHF8M9umKkS3tTKtGtOjYCAqhuOQ9FP4tMPT9SC3TBlvrGQQ6zQycmVZkTaVYWYhJ25F1rOY2HmK1B"},{"x":41,"y":8,"i":"9rSnBnzzIrt4c8JpR4yWcGkYaB8mms4YPVYiICqUAkQkoB7LCsdjtKeuUB49","l":"I7Bsh04txrEruaa7ROApgD6pU4cwKVLAhphnYXHfSPFIcABipnJz1aTPwnTS8Og3sznzDDtGTaQk2rJTJ6ADjm56mVdUlv8s7khg"},{"x":49,"y":44,"i":"INmgqjR8gkiRHX8zZcECtwiGdkAJCOQbjgZtkMEREFGvukgcTpoufn5TVS74","l":"a0krwCqSzJR5fRksvjKZWtJDhswxMiUAuMtl6oIN9nc3ZDYt2u8NKGF0DBfAoux9FphUKLgJj2dWxjdDBwOIHuB7GXPdLBt6QfkE"},{"x":41,"y":6,"i":"YK8yY4PQIFM60TQunTtQHLJkmREiIPNtoAUf9AInOELDZAiLq1wWpuAIMduF","l":"u2IP5csZQn9cWLGOVJ9j5rECSmzSYJmvLgV2QPpXY1QdsZYPuTL8QY8W2bX8mpu1zGCHJ1jxOjVID9dsaRT6JNFmP7H8sdumoyzj"},{"x":18,"y":42,"i":"QemPrGpWKRO7M7xbu1kEef9bk4aMyX6lQfmPL5pxyUTESBxOoUM7zoVG3Efc","l":"67RyMNrUTuhkUuCbM1KkRyhEDxtxoPqpFXMRbaWKlg8uozbr0XtTXSWqBRRA1OYFcbiXb6abMPePn6rUdaWiG8eCxy5pfEAXqMUr"},{"x":17,"y":45,"i":"XZIJwisE24mYEexvST0B0X6FJNL9xDJxyk46fnC4aBh9TyVlcrw19u6JiNUw","l":"ZEURMxA4KFg86YuYuipihlkzFQEuGkiKVlPxFULMQvLI08FJfF8y98l9v5kGsbxYk2Tq7t92OYOVEYx9AAoWKzT6prdnfR24ORye"},{"x":16,"y":8,"i":"9BPQ7MMmApDuiDjRz7tiA8BjVgXU4HLIGqgW2GveGj1FnJbPZZG3zejtqhw5","l":"gXq0WC9cj9ztZKH3cW9mo78fN6EzEpUcheb5s2FqPYAeJfMuhg4wRFy1CZwiV0HSJQBwStKRg7UurOb6lRvCBm7yZ5xTAEULK6R8"},{"x":38,"y":11,"i":"KViqd0sReYYLMah9sLnW6EDqFHo8oBlxd5jPg2uUpSKfjNg9sXUmfo8Fi89w","l":"c0zFzEBOI7aRZQ48sV7GEDzlQS2yb7wykgH74EnH8aDfafJBGO0lN17b05UhykKSNQkN9wsoQP8NiHmY9OEO8nM1U7KoQvjnzwtV"},{"x":39,"y":31,"i":"6fT1clokB8ghAXvcjNQHdcEAdjf6MjJcY2b1sZUeCz6ucJx4gjXGnCPnT3Kv","l":"Wlm0FISA0rF1wcmLvepIYwxL87wYc1E62vz1ckT2nZm0Dl6Nm5GgheyS6uyeYfBa7cBQHQR5HWZKmIWVcSv3zCjDrGK9dAjpqgX7"},{"x":6,"y":37,"i":"AtbTPCzpcdbYgxJeeu8mYeg2Bs37SeOEVQGXmL041a2nikaY9udFmUQejSK5","l":"0qSnZGIw616zzPwYtsqMSHquyYQyjHD8Qp3tyJO8xCtpwqATq137BDfDPCnceW9qC0TlJNzzrSUBjFg9I7UAbDYN22L8iHiQNah3"},{"x":40,"y":37,"i":"RmWKMlKNMVQvU2GvTWdVvQqY0aYL5LGweph51KxbhCChIBpS8KsKVklPQ8UU","l":"d6y8JSE6BBebo9Klp9kdE7bsIxqUffEg9ugajE4TJJRU9lE94N43SirF6qJKCuGzjM5HCYsuJJNueyaClaq2QKZlFjqtZrehuFRE"},{"x":46,"y":44,"i":"LqHWZQXV9sYz601VuXRr1bzkRPspAzPwloric07XiaA6zwhNJAVq3Z9RIcGy","l":"PnF2Ca1dujHXHzq2uTzPtR3mHNnC4Nhd79QplJIvRGjAZ0DEKXKp8HwV9fBiceFR6QTdjIgO0UC9Ep6259GK8uBxNdTEpo0UgQAA"},{"x":26,"y":44,"i":"vj83blzQEnkzsFGkBjsoa2dEQgtWLxWwpio7AEFQ2UEJbgGWXv9ImfuXTe04","l":"PtOyxgT92jCxU8RGrgxHzdDh18bUJlHOHYOQPsjaPk2NRqJBXu9TUiqiXTQBjVKU81iw6FzoDrbF4IAzcq8qiVjKKi8sPWLnt3jq"},{"x":8,"y":12,"i":"aGA56D4uEk7AglSDsjfs63nfbblAwtidMxHjGER13leos0cMnEZ41QibN8sV","l":"XsWecL8kl6F3g2d1cQ0OCTRddth7eUAlxjq8kCM3TiK9SSc1Zpikzu2ZMwKay3QqFs1GSFSSAGkmgsknmGEQbzNclb7si4TXj0cP"},{"x":44,"y":33,"i":"vSxEP5HZ7xN1aTCUVk1SUxsRGW26f3jpb8ZAxqdWGYY7TeKi7X6fvyELCetU","l":"lC1CyVsIBCG4KDwNP5PVupUo7bXvi0Bdy2sNl18mTYr1kFIuZ9R6dN7yt5eBiFEMW5nfcvBuSlt5BMJISFuZMx7Nne9SRczT5Dsx"}]}