{"results":[{"x":25,"y":39,"i":"lhwkG192htI88Xbf2vDYquUo4WhyeLueGyzgiSIwAO2ZCl3YLsqyPtALmssg","l":"66JeO67e3UrWFV8WRekT3YSyqqwNvYBWiyHu6cBTckjNf10tr3K66ZmmwCKfILr2AkZSS7HvM0ofrCtjOFTNULwDAYUZ5FP1tfm8"},{"x":16,"y":44,"i":"yyZyPSgEZCSdmNGxdzHQI765YK8GOzju2dOzqA5qgaTVfdw22vSB3SOFhbRT","l":"VFJ2zhIoCWhowVKgDaP6zymsRJX4OQTdoSgDM71IcjcYR8wJnq4AMcA1Wz3SuUgQeTTi5tnsOo3skBuUo76OZMWcnhLrwyidNMtX"},{"x":44,"y":2,"i":"5qxrlKjpuydxxSxy1mEs4znDtadD9sqhnrS4aXRV41soWY7fCK2cn2Zoo5NH","l":"rs2ZfmxwdSyy5HsrqJTQ7aP8dLyDop37O1vVAAB733cCd0eLHKMALoOEX4dyC7LmZa2dqcrS2ysOvkTgQp4X6er67WXR2mF3gu8j"},{"x":23,"y":26,"i":"d3tTCB3yMC8ZBQ8so9R0SIacpSCX2TRUns5MqlJCFGGx8bphr4W5BvF7zjwa","l":"ODlqVK3dnUp9dyXSZ3d0695XOnJjqrw6MWgmq4BF0ofo58fthvUki8YZKINaY5Lp26Z4ybFZSRWbfaBVrnkoWsaztjrtzr3T0VVP"},{"x":1,"y":0,"i":"zfPAmPchLbss8UX8IuPqed0Gw9S8UL57zBtJ68QccZcg3jkNUKe0vsDtWCiY","l":"pNOOnhqnyPreimZEpOmFEmonQx0Cq8JA0lSwcmUv6BuCUM15b0O4WmCoS2oKpUE2Frcwlj5UUDXGqV7NU4dE75yPNmHipBPP8Uto"},{"x":49,"y":46,"i":"3gB33KGAFDheoicgr9A0JLsWWOWdptWxNPKhdyCQGKKlYqaMtDkYwuBBDSVc","l":"GnNLpvwA5qIrtKIIVYFlEkVoBLlVNWrwXLnLkpQksT4m8fZKCh97X0kjNSTUfOcAZYJmgNvSOvnYCIoCvJ3nVVWIjPEyOsi2ZH8p"},{"x":44,"y":33,"i":"Xb1YBUMPwQ4VSutcUbY9N4tz0EYaoPWns273diZuhBi5zZWMgM8X54dwNB3R","l":"HmgiPMqkxrdrsP6mehLWcVxZuQxGtxFV9GoRiP6Ieejl4fRgDMJTunVd4FVFJnS8CAFcWKTPMVYTgnCYx3t4G57gwEqYjrVBO5Qj"},{"x":30,"y":6,"i":"tm0lzbtizrejkhCE3WpPkJAbUbCyUPTbNldWR0HBlzth8vkRPAfXBkdvPoaK","l":"Mee3EPGorJeI5pF8C1zMczb6iUbdXeeBJJUVVsrf3rsMLowNk8ALbdrkYmEEpkt1MQz2HkRxTvFxhmxRfC0HY64kmuuks35BWngr"},{"x":16,"y":9,"i":"4IsxmMUaJDBtqisbTM7wKbZMqdROlrOjHg9S9mf1BpSiFuXEK0OO5Q3VwG2T","l":"6U7Jr1wmu0J8GcGZ9bi3QOmDNsPwhxe7o5ahIdevBryQq6MVFrEXocIOdweF3h6r6i1xGpOSKVkK0blmnlUFdRq1UopuKupNQLpY"},{"x":24,"y":33,"i":"5TjEuSwDOO75P4rL4x4wXHeqBDgqCF60Mwy8xVLFIgKl11Iwu61UaymMT2OH","l":"Cj4iHIYkUQvlqLoGlxTZdFPVIKT9mQuG5pY7HOWiTDude7Hs79JT76eSyHJbe78fJy9mYyxZ4UhGPGi4rybHQXpZfq53mR6woATZ"},{"x":18,"y":20,"i":"Yx9DdaagVbRPcpyRx4Weq2c1q6HuyBs12pHCy6dxbZ6s8XgtwAmhDgfJhpk3","l":"i8V1NtZIPGOhOH8nyAQPeQHDxnlABm3MY5rU9ZyE21tGUu0KbpmYqq6SG34AarbNhAv4Cfu0XWq17fuLCJhp07OuRlOOu6MhFSEE"},{"x":0,"y":25,"i":"s4F426OkgbZfRONuvenxDrZtnlBuTtcmIM3dqnNJVSgSMm4asjIojNs5xfEf","l":"Ony46L3r5GvWxWrlrpmZ5p7w5nUlqMkgLuMgBpPxg6YwMBEkU46MXR6tqNm2cpg8RYqM6lXowdYOeG4GmujEYhHFhm5zPqGeDRzf"},{"x":11,"y":12,"i":"0mwYGQKFAcxqXJ07xOnmEnMP8CDKOtbE6IF1byBXCIwIPjbwXEJyh7j9eGQD","l":"r0CfUu5mNOPad2xUqmqY5gi8clm8bxpAjAsSV91BSEkUjwIf0Psc5QSmCJVEPH86lJzUsGtT073dYn8dlT0FFdVtuQUWzYDP41cS"},{"x":35,"y":3,"i":"58tPrPnp9LjyOFSHcb5Z3YZjVuY7sXgH0lhcMlPHwrNNdY9zVxLYGuMfN7H4","l":"ePQ36jjlTT1fIrSkQpKX9uMD57Z9GkywzArabbyWst8ONSVz5Pic3o8F9TyvfsYZLOroJqj4h6HCNUl1cytDvOkAIaZmNdeWHXT4"},{"x":17,"y":35,"i":"fu0ObSed3gMpkWjPlP0Qr1Uf03ZubfCuBuV2H74sRxkGxpYb3vHdWbRu2HMe","l":"NAJzRW6XO1McNJ42Kk5breauaJFAljHYG8tTQVvVhzdc3xcg2tERkSqjdbOTZBzn5TDVTpJSJfWbfeYs4yRtgHX9joa2ZjPhCAtO"},{"x":4,"y":26,"i":"uGKsDc7k2KVkQ3718D30HCuwoPrt5gcg1jKVIuyGPh8N6l9ouq3d5ifjtGgn","l":"QfaaZpaJA2g7WUhbyy85Pqgg7O5W9tREee6iRUSK3eSA87IDmyN7xrQzaHBMXhUvNsrcndMy2P1g35oNi6sxYeVp3nVC7KnPmoMW"},{"x":4,"y":12,"i":"2szej5LLGijcPaJPl3ftyKwG2IRwHevkGKfoiUHYppIojmi1UxUSrvYhLvBm","l":"MFa0TKS8mQOGtPq3i6vY9j4feHGSiihxsDJWsA0bfsB27ehOB91QnVWUxUPHmhmmoSU8bnTFYcVAioGBnfVRQslXuTHhSfnpjteZ"},{"x":39,"y":45,"i":"xT35ylpDfCz0guMzrcjnSmN2UB8S3fG3nJDamTMu7kbDMVptxclAAaJS1FAp","l":"9B5ljCxdNkqAsAmikMQFxZTNpM1G929JSYVFiEmzhDJjgW8DHzfyxT1IeGFSALlrGpZjmwiObqZmZM9IIDSlPqgi7ALodQ9Vmdew"},{"x":37,"y":48,"i":"7LTBLlEOSof0ohVFjmic411ZOO4Xl7Hx7PJ4bnS2bqAaLZO8ylRWi8mdZyPR","l":"zbzeHbsgiq3UkFlpxukb3rr7mBRmlED412dWVUVKY2yBCVxQWoKK6lmtJME3e7QxBEiXEewg13M2NN7SH93ycdT6HAymNL3seNLs"},{"x":21,"y":29,"i":"dSyHidTSqhiZbWeo9teqE3pCk5b55AZzl4qUfWWu4mAE1uYfPzFAlPrIFMJl","l":"QR2DrDfCHM8NdvVGM4sBaRGcABpncOTVET18x5U2iPJkiy3eSZkAeWG1KpKgdcPCsbATD3w7KpxVEOJxg7BknaaGQfQdXt0OzLme"},{"x":45,"y":30,"i":"GKfb0faicyYavsFECeugF4WUzp8hTV5KaBjm6yXlG4jxcyu2YgMjapaAP2lI","l":"YVWw1JPwE2nng2tiL5l1HEoXphKMGH85RgEhENTL9uOgZsjlNLTNVXI0P9N6pnk1OXRMzYl1eSEMGvZJOXYOO159rSnOcryGhzrF"},{"x":12,"y":34,"i":"zneyJsHymhmK0Unqwn4za0qa5xY5OZWxyTBXhtvK16ThhAWHjY7EiUaY1GRV","l":"jPvcL1PGHoVwL3ZbJ9Vu8RCNpoTrh0QU8F0ZoDBnyqONZMHe9sFaXUoBIAu0nZunewDfftHfPDl0pxN5hh2D7qmzRunVAIOwSLlN"},{"x":15,"y":28,"i":"wuB9GnUN7fD90hlUD87ZJutLdoFNsDPtPpQeWBVYS9utLNtkgcJQmH8SVbHj","l":"f2t5L8y5YYKjoWFbhgyTz5GtckUotMpluBFou5zeyRcoxXFriMXwZDgaIQeKD2nRhwqLWKv1UnTh5KSU8OGbK56Om7dCLwGMI4Cv"},{"x":36,"y":13,"i":"Vc7Iqyc9j65uOPAibCrOxkuWkVzu3tYoFDD9qsLTAHxy5wW6p9ZZ0Px1iAHN","l":"O9dz4DQmnP28p0VAeYfet3BymAR3VbCgTBXBlSk5G9z7lzy4sq2hxbQpGu3WNGrOT0gMKEVWjlKRGkonCeCC3QFAANa96pgFcT5B"},{"x":2,"y":3,"i":"1gNnQTDr037pDGZUZV0G5w12bzKjqTqW6ucI1BkA1mv9uuv07OsUSIiK7LhU","l":"FfdwaPTeNsDYbQTwA0FwLgPJ7ipchcnzHxCGwhty9163lik6i2PaQZadHv3EqoFo7xgvYweF6SEpFdPx0WrJ3JzKtfVE1XJSwh4U"},{"x":35,"y":41,"i":"3oNHYDGdL071zQkyTxqqdmTRLU7iYq1STXQ0QZFlg4UylBEn7EXUT1cisI99","l":"qZTawPXen4VnFKYTVi4MxFjnX7M1LqFTrkj6zsGRoO9Wv3Ydbv4V6x4pzjFyJPgQCqPLMGlIGehaIjrSJKFXflloZmTsRt1IyjoL"},{"x":32,"y":32,"i":"u22UZaBfBL84ZsSfxB5LzQj6UhjgIuhIJaOaQzKsCd7ea0jKY5sz4NFI3lUm","l":"RsXriV2OuMbBfQDNhYI0I0lC7FXnU6qK5hPoXH7ZeIqAG828nkLkvQA8KGTTsF5dpVTPsejDyWVelBTjbVbsaYLfHOq8gBtaVkiG"},{"x":35,"y":28,"i":"USe8Dece4sL8Nkwy7UwdAeN4j8OmOOFxZ2Us7vbTw8B2Jz6MXzQ29ZReUot2","l":"KOF98a5rNkRhSJAhWgGPOrwXrKe8B3bluoprSuEUVAsX23Esu6s5QszJYU3yKxdCX6hzxjhlBqw0sMt9xOkoZbKmgFcSvlBWuZgQ"},{"x":6,"y":41,"i":"OjQNKUOadVdnTncD2JNVshjRIwYBUSdAjVOhGV9ymaV6bZU9WqG6YTFSabSQ","l":"TgooHUl0bINMTtieyzWAeHzYNNKeGDNDKNRlIjYCTxPDPdmtaCTMNVvWGNPWflUcxi5tCxdsxy3Qe8FOQ1B031hCR0A8NKZsBgMs"},{"x":13,"y":12,"i":"InxRPony9PkGzGpqqVAngp8SuXW18SAWnQdz1Ayh4V3voeAMsGSxHZX4ehPi","l":"ZR63yzse0BYlSxJxOTZUTF2IHXOMSNBpH3YKA0iIlEjzmD2uFR8F4RCaJdvItXwc6gOKgztlWK1vhDZceErAImLQ8YQpWUAparG7"},{"x":44,"y":37,"i":"CcPWqAnQI5iShxO93BIiVbbfNkMbssq8Kfh5pkAVe2mHhBYCbfKRlPL1y3xR","l":"GUP7LKtpQDUL4gfxbbYkRKo0cW6w2sJcy4vHEumgR5fXQzfHNWDFKJS3TobrZzGN2QEd8Kz416Qijtmd9gdl38s93JsEHnnMOc4E"},{"x":32,"y":15,"i":"wVIfuTjeWMOuZEejKOBhKT9cfEB47CUPFbR9xYW8sKUPyETfTLdTxMAy9qbx","l":"RqGwcjQ0X6dr2OfP0PANIPWnNUgYBMKux5VIpNVA9OwHgcE1OorDj9qddV50ZrGB5OC7s0jXskoH4FbEbcuNRa910cNwwoQRKkor"},{"x":8,"y":22,"i":"yK961Ow2CFm5KfSuRr9NRs5KhsqIEDvC34rA21mbjJAVGCbythNzT99K5dCI","l":"2Ir7OWdfUjkqfR1DHjr4X0P4IOeSyFvkZB9LT74m6X1kSC28Lfja7UfvG5Q02QRrglKkDaksPlcxKdIFThH5MRPCFaDV1ZWRTkeE"},{"x":7,"y":18,"i":"QJSwVEZkIT3vAuO8uSDELEUAtFV9WlURlvP3l3nhvTcX6EAcj5fU81XA2ZBJ","l":"Zxyjfq3CAkpFrROQOzM7Yivfa2MRF8J0hPcuckaHi8GYBlRgMzI0gyJokJq1zAbhzBvQnzzW4sok9p6rGwHBuk4lARHkPRC9zzqT"},{"x":35,"y":9,"i":"K017gUrGsHyJb1agSaUISCayagESnHMAnqR0imuug7s3YfelTcmAHukSEFuw","l":"x9XuR4GEDUJhn5vAMkaILIAnoSUxGzqG0n7Qx3bubzikOaZO5tGfVrHtuvkhZlJ9YM5bS8qgZolvIaoPCQJxFkhjAyRAq85flvKo"},{"x":12,"y":47,"i":"z9kQXYtGX5B4UrELzfSWXUwXGVgE5ENfPZZwh9xqk7gZBvrGPZeiac8lXwX2","l":"5PpLwohX4Zcvrl2Fhnmz92FxuQOw1XYChSO8FkCD66e1OwHz3X77Nq5Q9w3Giiw8GuebuGxb4COW3Bam8tLxf1auHk3BzbrgBMav"},{"x":19,"y":8,"i":"GMrlKWIhBNTh3AUWoNoB25dHTIXLRQ0p1zDv7ZiTGW7uLLlHGzB38IOOcdpO","l":"digYg2MdCN5uIYURLSexEXvfYx3BncC0pUdn5VFz8M8XsnIxPScV5ryRi4FRQm0NgpOwaqglDTQe0DyoJtKBJi1oSmgUehP5b00n"},{"x":32,"y":26,"i":"h0XdNJxavWHCB9ePsVrMwEJg1JFdQcVJ7PkDv0FI4EpFgjsLWYAygUepQL86","l":"QHelBj448pLMGN4JndrgMXBRoCeGXfCHI7Ges6Wu2GONcPb6z4MrgMA6bejyFZ8ONQhciJpzZBSF44zJi6kQmljqg09hRkQz9izI"},{"x":31,"y":15,"i":"Q6gDvhshopTPbSqObCOELiaPCGPeFPYP3j5Oi0BOIfAGDM4TDYUIODvsjAUK","l":"PC7FfTadqIwYZGDbTEeKEWRYrt3oJMERd6RPZLshhHhRgULgvVE5h0CXvVt8Urg78C4mwjtdA0ccNbC0B0HXvMV3iWwUZDc8J6Wk"},{"x":30,"y":7,"i":"EsnsCQ85SlURjXAxTyKO3FIkSGVPcXhShMXSSeJif6LNs5e1wRnpY1QhAzs7","l":"xUmsyuomJuCbQOtecnWjF8qoRLKSBAAiWhpW8YSKMp2WrGkBHHfiLVhUnVIQNKb09AXqd62wNtOkXSMLDOogXWUosfUQfjZ8Ks4g"},{"x":22,"y":21,"i":"ioESFy4vsveDURL4Qgy3z89L7jmTHUVf5WIliMHV6FE8lQD6ntLLb6qGLPGX","l":"c2uYKMjmLxdPGr8KBEzgPV6rfrQQnbL7EEzwMxQar6ygpxeGtm4GkpalvCycfBn0bYuGREjVnaMDGR7sGe8ofFs26KTZlPnSFAs0"},{"x":25,"y":7,"i":"maumoN6USe5q5l0PQkiVKVPOF2Jvh3X257pHRNMdZklK77XOeUmFvhVujpY6","l":"n0nmoxtp2bGZPm8dQtv6VPLrskbVdk25ZBRG036lfJ9gPrZnNhUBrE3rkoDNeQ5EQ4j0ETvZem4yhEBve4q8MpXpfNNfAeV9BID9"},{"x":41,"y":45,"i":"fqU3hWukzSW6p7UY0ko2Co57vBC1LzGfbEnIIq3Zkwa6ZPy69pyXwhW6MOHs","l":"akaVCkkHARGEJZhSsjgrXvfrqHQ7hTtg8j64CwOINSJMf6PKcsNKDW4M9G0TDybnCRFduwJasZK1e38qjHpuFzeQfYqVGOm0LOqO"},{"x":4,"y":44,"i":"iE5LviYfQqgDSUVZwlPHx91BLZsxeYPK78H1scmJMSj3heOFQBB89Jq0LUwK","l":"ey4xU3MgLS6gjlHcIYvMel71sYwbkMyKhytqkurXy5GaJQ5r6sR9rpPU4YIfEzMfcuoUVl2tVuyF256MJR3GkRrTZD320VfL2ovx"},{"x":28,"y":33,"i":"ll8yfl8IoEeYVbmYkrab67umitFQqXvq0pBy0O5TGDa0VgXhBLzdmC1jO9Nf","l":"1kyxxZCNdNPcP51orlUQQPYqqLcbQFN7XxeQsql9H1Tm7YIwyR57Xl2jGusp2znFmDevlgPwojsYQNDal90jB4K0AFeJHrvgJDU8"},{"x":33,"y":23,"i":"Ut2C5BFp8g5qlY4bSEZIDjn3bTMtaUynBsgQMjqVB7IHcjvGlNFFHPh5PWpd","l":"EiNLrBZ5d9evvsbOtSn22biC0HoKAJoELLzPShcoyJXBih7NBa0XYmVToPYCuGBXMEJoAivBHMag7T2wmtShbrKnuquBHVBkytzu"},{"x":44,"y":42,"i":"QZEg6Ikk2vgmAbu1A38gqWlDZuGP6KA7nNdNgmnOlDfVSA51v2DJwc7oHQoH","l":"ePQJlXAInAVKz0N5ZJeTLu4puNF0x1MTohnYxYDK4pLO7Op8SdohiL4WVlifHkxWTJ6dYqkoCWkJjSJTdvo33vZopKle2WSK5i30"},{"x":3,"y":47,"i":"x65nrNQ28ANlDeyIG53qvoGbVtMjk7AP9PqpQOUWvweajUARpYZJq7G5kBDX","l":"RraMavV1GBrYcAPoAumYUVXNuXcGhT3D0J3blcFnluINWQHlw9pTt6LMo5JPEL4zkYa4KRsAGgOGIJk7LIlM6Xa5W428aOzrsidi"},{"x":49,"y":31,"i":"bIAXHt9pt6SOirSdTAE92YAbXhPwBKVsQ1Mv6lAlPDwh38vUEOxvWhPBPaDP","l":"jFHc8eaUvLQTftkk10iQCHfzFyu1XJgIvcETN83VTJ1S0IDQ5cXrIEvh7oVzfWUslWDUZNIYcSHF5yXFMVIxBTwPQnszaxh5fM8p"},{"x":30,"y":5,"i":"rNU7y7ZtxMVnEot03noHZ2i9xX11IjyKGrMDaA6QehnkpdsqyFttsIo1f5ZW","l":"AZ6fw59G2W3BkoUqd4HuZP1c6wPnRtqlLqnpiXUy9yZScfmRUHAWU1tWfgtaDniJDNRsSUw5suJpXfcL5WLEv1xnkIFR0MpjFaT5"},{"x":12,"y":18,"i":"lyJX5Au4xk7vyb8PLiBYfwpPX4aThlgFa1zvcqMaZ6tn63y9tN0nHUyS2nev","l":"dLLj7zrwSruNBJklVIVYIk0vVkxl1CumYJISX9zuXoi3ZiKmKI2n5g5x5kndAtn84s7ihCWww1GFcqoA1K575qAwZp79XtK2W50w"},{"x":26,"y":40,"i":"L6Gv73Dx5fefVffgKRjMMmZzWemaTZANh3G55oIewIX2dCwI5ISUQl1Wrhlf","l":"gB5t4ireeux4qCTWtXr6uaRytkA7E5NAYjzcqPyH87LbUbUkwXRyI1PVbWQRuaHduMWbXUM0LzaivPi90IQnJeXEO4Dkfi1oJj8h"},{"x":24,"y":30,"i":"0TZFLCPs7lcJMbznx6NOx6Xch7M7OftxUDqqppbRhuOyNSAG5H2oV1LmEt2X","l":"109wzTvlYXh9a0G2NN80g97810Hqg4ViuRi1pDC90nJM8XOK7rmS45VhhJLPVCy9nAlJQbZ7igTgL03ClnLQXOpIljNHMbzmPXSk"},{"x":29,"y":7,"i":"UM5JUJQIgiyWLgXB3YwNJimZMpgLpNQA1tjvSvV7SjSnhuAZ9iLhXa1xRKsc","l":"GUr56CRxXEQ7ypnh8dePNOJfO1zd9JnT0zXbRCdgeB0xRniMpuwF5pI4fRaPtlclkVMc3EBN0Aorv8s2TOcjj7A4IXnWOqdCJzMN"},{"x":39,"y":14,"i":"jiixohkzcIpJ3HntVR5jVMlFzAxGZBmfPGETpejJxOraZS5bGf3yXfgxMEVG","l":"uHOt2xU1w0bTH9CqTW5zqqT0EXLYXC1GpdjjW1XOmt2YqSMXzLzP0HkRF6HnBOnADilqPYQpWmu8xHFX1C0BjV4USSNaDTOr0qes"},{"x":17,"y":27,"i":"tn2TbBw92iXqNS4XpZSag6ApHUqSeXaBUDdTLIeVlB2vAF5VxDWnD952lEhx","l":"GZqbr8Ot2jTZkkjxt8fRNT8DwukDq4GZGChstcXZu6XA2djEfoxUP6gflD4ddRKKE1zNX4DPG3FMJvcK2HInQ3lcl0psXMaZwucs"},{"x":28,"y":24,"i":"bkKyCwAQTtyCR7LUs8nCIf23UFSaPfZUei7PXdngzJmLLz3bz0NoEn0c3W0a","l":"8D2tXvShiwI0Vf6VBtdPcLfzbMCdE0K7rp2HUWQW1CN4FiXrGfJcn2ujS1ml015qnqXRHni2gp8ZJXf53OMOePhcKDOEXSmOaCrb"},{"x":11,"y":4,"i":"Xqf3nztamwGqpViAaEpKFemJeQY2Kn7LH0tw401D7QwWzxipesbaeQAfELTC","l":"dziLGn2aP5mf3gpmRednp2KLNr7C895iEooZ665Xo0z5h7UMz0PRqFCeLtdiuqqZL1foBzLMHMvE1lpHHZpQ2yp6QEZeXitshG3T"},{"x":43,"y":33,"i":"vgFonsRP4GOU5jRJa64tXC8Gd35IdN7PjeOjN7wvtUhM3s6c0Tmp03T7g4C2","l":"hky8DtPx5fVgaQSe2kYGcXUTJivXZ7C07hNnpISVgUHHaW6k7BgGbwWPIJ1VIdOa1ZiD5dx3FnHoRxOGOwZE3sYK11TOSFeG8K94"},{"x":44,"y":13,"i":"zOOXKeSbRvz1gjeE6LvXpGkNyeQ8u3TAK2mtCT5nUE82rjRo04rJRbJ8KB8I","l":"8yhkiFsH9XHiEbtcPdSp2lxyWw8n4T8W5lO91EtDDs61KBMtE9SZIIsQtiIjnk4LJ5zTxBhjrYfn1J0LJ3SC9mZ3Go1FoSn9asIa"},{"x":34,"y":31,"i":"unFCx08POGafGXqOumO14sWCGC7UNxILhPze3W3GqS0gLq93nYzJ6DdIUY3b","l":"N01ZNppS8UQPqv8e6Eaqjv9ujD4pHf0xFqjE3FVu1GFxpSOHb5EmLtHOOADRVDLKnvecbaE63ccXC5nHSZp6ABbxMtIVr0YiEZYy"},{"x":18,"y":38,"i":"8oHzVyWHf5j3fFTxT4UTHWKAcTs3cpecUqTc3IHV5PEEqHpneQMIsKWkDegO","l":"GgO3VtODJjmk5bKsxAOWxGJWioaJph1q6cdGrkbHTwvDU0rWGKXZiLs7sTj81bCxWpxCfY7q7Hp048evpioObU98nQnItCjIKnl8"},{"x":46,"y":40,"i":"wuPS0z6HfX4fuh3Xa6YO1xsYqh5uh6qcV7WoSXX8FC7E3HxqAjJ4TNGNlRkh","l":"t8iUv5u5muuvVZ74lwioAriyoeFIuoZBs7yT4ShL7zfyW811JilnAgsA75cF9X0h9ONzPMWCAVbdRgmCsArHFYdq0ky70FophbZx"},{"x":21,"y":45,"i":"g5HcynkwhdXg9ZpFjETpY8f29j06KGVlNBT4buP9uFzS2fJy0BU60fQiOlKY","l":"UR4VeBEz0ukPDvsfpmpuuEJnWeTAcSNUa0YHTjIQTbWoeOSBZ3iJbK5VkZQOT63rWFpiuaC9BIQ5SQwH5zjDNN27EWR2Tkgzjl0h"},{"x":21,"y":35,"i":"4QfdmBvEtPqYlPp9mA9YmWa1tIj1L8fmKWT682kgT4yN1ZsMIGOPvqPWxe5f","l":"goKY92Zc083HFudk1y6KFKBuFRFKzKPMsLYS5JNEfKwFdsnGvV6mbJ4LGPVOYXVoCeJjv9PjpkAp58SkvtKL41ZnSdOEUt7PDtla"},{"x":1,"y":2,"i":"CUHVI9JBMJ0NKHKfSm2qR58THcGNYSBOHXnwr4aOxE2M6PEz5zZ1FJG56ZDF","l":"YmtYKHe9AEDppQEmqGfyCMstPiZDI4PjCTUwxqYcHIVW9XJ7VopX3RoEZC2A7jYuVSz0rFdbc4MRLfgtKT0GDd9KvuwMuUYzn8ZV"},{"x":2,"y":24,"i":"uw1nA5DdCyOAB5Ao73mWfTfcucLCTxek38NGkG8AaqXpfMiVZRoIWJjJ4ku1","l":"pNa2Lgz60JKL1O4CkQt4JAAhGXWrqWOZ6z2VRkGjeLAF4W4iJNEebUF2Xgb5C9eb2joTj4XqIJT40Tdgyt3c9pPKi0KjHdbZem9e"},{"x":33,"y":48,"i":"qOh5XmV4XI3SJK4irBa33RrQ51d1dFNjSqASatVeXdiJtxHINInFGWc7cWF0","l":"KdtHUETsnxM4ExtQzJhLFOoQhANULzaj94QCXzoXTCqLTq3C3tmSUSweV3InWq33R26rqFr6w1su6dMMWDox5CXODLY6JEVSdBu9"},{"x":19,"y":10,"i":"FnClWHJy9h03oJHLUUGoDIJyMGfYOfjwLQbYoxur2ZXUXUjftoTdRzw3Cuuy","l":"CghrTlLvx5hoVUbpSZ4qaOA7EOXM7jQsgtoxEmaKjl0SFhYIypiLFQFqarsvrEcTW3ip8p4ihCPa9OYwB2wWhPbgY0j7AdEt1Pob"},{"x":9,"y":29,"i":"aG6fXnkXm8oocm805exPqozeV67yvvAHeDPZ2JJgGWfW0XnzWhXkOIcT6zgy","l":"tilr3Ia2pzVZfONdbvSFQA27jXPeGCblFnMqptP17O47iqTqgkG3YUMOGt2mTuVHjyWRcPTPJINvJVoA1J01JyR4h1QEGUmiOUCe"},{"x":48,"y":23,"i":"3fHh7erDv69duw18ZImOUBXsQz5PhDyMghR7dxpoF9oJP4lqpR6eKXfdyuSY","l":"XsToDLPQ8pjuj1tuXCGEzNoXbuIwNpfCgG7OsY8DabA2CZyiK9uSnKUtz9qbzTCGyXurrwysmUmmj1JFh7mdOMfORZlwT21GKakm"},{"x":43,"y":7,"i":"uDqRF20hArZUah52VIddQ0dz82Up2PeFNCu2WxteFiuRod83NQGmM754YSu8","l":"kAWyYuWy8Dzd6nyRYq9b36m06NQoEuQ3kQh5UADtLaFplkBStGsNPV8fCMH29lnyhW4b2LlofwavbzexS2w63sTqPZeu7hcWLkrl"},{"x":26,"y":27,"i":"kscdNu6Dy8FBC2kUy4dRddjIYVahta4xpQiuT3NqD5WJZQep9LRFreFE3PkW","l":"GiwEhN0wQQzCSHSIxfjTvRWcXc3MmKUVXsZW8GnwiDi5Zjdh8anxc4ggSYoJIjQE9DfEGU0fFRupQLvVolFa5low6USR3p4nLfN7"},{"x":46,"y":10,"i":"Tx3IPLnzopkGUJqNcdkbYfuWaqYXTFc11Eay4db3s44fuvC3pggMxHNY1qD3","l":"klhEtzVRWmEb3EaEx6zmLsfdp98KGgMWvL4AeFVrPM7oI5BYxpNjaLvcYfBNhQSWuAwIievwcWXJupsOrMOdlXTVubtZfEIhtQ0y"},{"x":6,"y":16,"i":"Hj255CsgW31F3eJQVSUR4L3CWXUpSzkODQDPnAbsgwtXTxLAFwAyzFkJJsTR","l":"6mSH3GLxuoEcZQtDVgsYvSuysqRZ6lyAv2QclE792o55XwNIeLCAsEV4RVej7Hrs8WvG3RogRXIg1HZ69B5Okv9JaqhQw1mF080k"},{"x":40,"y":2,"i":"LNMidYIi7UJNjb9shX7uTpAVFIMOGAnTjpY65Y2mHEeCrK7oHyIkbqebZ2aI","l":"F96JEBBwRqS3z43mj7kw907n1rVokhkt7DOA84eahzlA86jRArbgrQxH91MyLmKvdEOBxsOlvoF02C5bvQtwJfWRZmcG4IMCH2GS"},{"x":13,"y":21,"i":"enQk32mVKkfXN15PS1ZZW0dFi0UGH6ocohFXjyTsrfOkplNpxqFG1BKinVvw","l":"oEwXSSoAVyvEoRycgBFzuRir1unpa5Ezg29J1YtZ7hlsufmHHycGfsUiY7BtfcExXQ2IR8kF4VmyXTm0gI278jtOXSJDvOreZgZV"},{"x":40,"y":5,"i":"CGTuO1vTbDKOQPCDp5pKbsO7OZKcnNXfXDWm0uGYr2YDqQNigX2oOdLgCy4N","l":"qPG1CPmZqsaQ9CzH0Wnuln5Wfig0Ru3kTOk0DcGfHAHcysXznooaARgCfu15HKLh48W6p9o4xbssY4QVXBoL1BPadPW32SUhzteq"},{"x":20,"y":40,"i":"2G2etJaNWo34DRhLlsvtNFJKY2WBOvm8h6twPUoqUhsUrvkDqZTKv5kn5Vxw","l":"s3t3TSF7m6GTyM7urS4bViGKaLeW4nTCw976LJ28ljLCVcR6z2AVdwyQ4krgoHdzGRxAajX39bGesaoyhQl66QaYsLIu61P8eVaS"},{"x":17,"y":37,"i":"NcAVSnpTUBfz6Mz6wVvwl5QTle7iYcRPiqXGaEbaE5LaIPU5ZojU0gk8uNPL","l":"wrtCdvxPxZIn0GfeF8UP0fsM5jBb0eoxFIBHhDZihBmHHBnLiAQImUyhMojTBaYwNTz5mMF2Rb8XcFRNZoHFEHAqK5hBxVPmd4nN"},{"x":19,"y":9,"i":"UwnofrpkVIlQQkpsxJi43B1Abr3JdQ8m7UkcKzWBg2Mi9Zu1T0b7Mx6YZulD","l":"AgdgiyFjQLDo4i2SO3MDoasTUMog3QbE6bNdlWaQSNUqMcbNMrVYIwLF83YfqEQVC5YFrQkRAEWO9JIW6MSSoN3yfqO6jgMuD3ON"},{"x":34,"y":43,"i":"drFAVs4WeheN7wDmPCxGdd8CDGBnpPkGxGDik77wpecRXSfh97uinSwOYjru","l":"fUpwO2rIXlKNwAahMuzfdX63pge5sXaOe4RXdM0ZCSqf8pM8rDFtMzjHwKXi4dvO1hZgiAO0CHOD8VxwP8kzJnRxn6IRQBBN3oLs"},{"x":44,"y":44,"i":"V7126pPz02mT9VNARqP6T8nwm4qUR2k8jBSdckOM2ITHcjcxhhK1PW1HduPu","l":"CjXER2Z88EBangwiCYhN5oBXB6SeA592Z4E6HiVPirNPan14lR6bmrHrx31IylBBQED1RLYxdpFi8aZI5dCPA4t4quWJSkitykB2"},{"x":42,"y":27,"i":"La9kWyNt9MokCSiFp4DtIidag3awTYmqoLa8FeBiLK5RKIXQQfyW7WxEsiIn","l":"7d4BUh7IcnP6TUcJAKgiWec2QvyPc6YhWhI3CZGhAAytkmUzuBYLhyljEbWP4z3ikKujcZNFMgap3yOSFbbrlQWI3tFsB72dYaWd"},{"x":47,"y":23,"i":"aAm2iuYCOenidMvhnZgz7qLwuXTl5hoI02MyhHoxbjPMmXk7T1QcOLZIA0kQ","l":"QlnsfOtzgtcOtkz6lme2K6tvSrf35CA1mkJQyX87sCivQxAs3oLFVhYZ0nfwH4YO0XNQ72sqKBG7vVJPWI5ZG2MX1FtGsLCVN3Y7"},{"x":3,"y":44,"i":"gPiVjPp6ACBDH8AqbRQ74tRJxftioH4GmI4HieL0hlo13f9FYn5vARLPTiPa","l":"JG7bfZN2HupSWLvJPWFPUOKwl8yOo713NupumOiSnnBmWHU2ZLSGFvmJATdLUtNvXyEEkE4SUW4NbvDtFoskJigY64YxEGlH7mhZ"},{"x":23,"y":14,"i":"CqZxQ97LPcBBxTa52wOmj2J0TWoyN01AxFzkI5FDzyakoeQjIjNdc0ZtNowe","l":"icXkTiqykQdPfycpgG8gHVmYAH0t3mt6hbsDU39gxtAfMW5UcVfMZ3SjP7FtUoOOZPGwj5GUi02Qk4sihjPh0F8mKo3lJswhfpKW"},{"x":18,"y":23,"i":"B2AONVCFn3iKHTXK9KExPiXS6lm6m0B7WlM0iRVPBTw0sAEGHmj5IbWbCcdr","l":"m7VAlPGyhzgtFsYIv2TwzeSpBOTO58D4SCFmenN8xGfeljXFsv8ntETtycCxMXv8dxPBXHXkwORwM6R74ajwTRhFm6L6PfP34Fdx"},{"x":31,"y":3,"i":"T3G83JcosJs8UHUixCYvCQ6xRsRkW1vfGeVGs9TWrOTakarOlXnuHW9kU573","l":"TwxwdUWcETepjZ6pnDF9L87F6riYMPbaN8GLTiyop9yNU9KqKWkVYxJlR8OVtwqL5xVgL9s7oLBDuWBWUUy65XrmnUWKcmnRnXmS"},{"x":6,"y":4,"i":"7vgXab72BWwyALHFnUpwfX3XHCJ5limBmn4UaLwxh07kzzxVAVihGUaKIeJw","l":"w5T1QLSC7EFMgMhFpi9bWBCfxMv6raHv4Aj2W5UUyp5tS9Ypp3DqGxOjM8IODrL3GNOzH0v0ygDyHZnYGRubuq0UZ2VvWtaJpCgV"},{"x":41,"y":30,"i":"Zjg6J4nmEi4Hw2DzvJm7gSMdcOHaBzXcM6nArLXtlZtZJXXtpey1cNTxT80Z","l":"Y3bhWXgzztNXhNuTjXiBFYV2q0ZjtJ8NKPFaNn9eHSlS3EkI7tRyfJc1lSKv063RN28zWn83KFyRK3QYaPwLGdNdJiE7ZhRntDgS"},{"x":42,"y":29,"i":"WUwnTZcYwHb3OxR10JH8nK2QOqDpxOgRpU1pSaDqHgEY7CbKSOUbpfoclXY5","l":"taA1eFNjme0lulAXjlva9p5ODhOdsd0p3GCPixfvSx9Tdml9P9xHJbBHPjAr1SF68amqZvgIg9aaM4jmZIbZKqZLOxARUOwU3MO0"},{"x":23,"y":33,"i":"MMwK232oU7nnXwRHL4lwCuiFDoCIQBduLm8sdmQpJ3L0rOStHFO5P3uDRSD8","l":"M5T3JuRY6lzCkmC7XZRHj9MXZmfkL8Hrz7qxWngYoUbEPG58hz5sdzzeGoekSZeO1ooUvzIXPdcrNV2nHpmfubh3jPx7gWahyW6l"},{"x":31,"y":19,"i":"ucQ1lwONo9yKg0yiyoXM3nwuiYd6fLyr0O4bcADb801cot5b9p65oZA0J8CN","l":"mfCp0HjQntzOPvuX3gnjWvyzqLQfLHW5xJ9eTHQB1jKnJizqGSzYjuC1B790clOBU2Pj8EbVBtyb8lQjaTUCHn8Ji69XwEShQOtE"},{"x":49,"y":26,"i":"BANYH9RQIHXRDm84TQ8qtaLoDnRj0bxjBPE9Cy1gC3HF3t0Eek1DQnfO3qwt","l":"eUrRz54aK7b7VXzCccja5ralRZYOUVaoovI50xLQPzY5HlOruNxGM75prCUCpRv4yRW1A0cwIMFHgQ1hQHJOczB3mPbZGjiCoAY6"},{"x":18,"y":46,"i":"Fw1GqJLRob2kIKoMzMQcOBSUqSU5j0fKzbIT7aS39Uxaf6K0E6HIDAuxiEl6","l":"pi1xUbZ7krPTIxxSPvBwnTKQtIs4cBqjDbZT626bOhLSNOify5H78LLpayblLaubfCiwUujfSMFuIu0RxGIgt5p4IFd439XBiGJ1"},{"x":8,"y":37,"i":"p4Dx9auQP30uGmmcDYKJHz3UzVKe8LSsbc1FGtRZRXOgr1q93UYmA7vbl7Dl","l":"iinAhStFxgFOA8JvS5FOY8POd2ZgvuTE3Jf36bPOCwLf3iXajg7qbCm4NOBZ4Gh6uWQk17UwHEzPYIqMK22dkeQaqn8ttuMXAX1w"},{"x":37,"y":17,"i":"yKyT4UAEVflriCZyHoUwp0KVOPmvjxViZErWID73QauzIIcFgfRbopU9YrR4","l":"Oa2A8X9earzGhubo7RrMdhWiTkopv842tqeAHEPh3GGLAPVUrDT8ax1z9K8V9ojvDu91zqfsViQcDNlMpSANPstB0cz35jVvhEeT"},{"x":5,"y":44,"i":"ohxYkyhXztnUgClmgefCZNySMWgP93DR3grEVPfReKrkpLoYK9IQOs4nXdl0","l":"h5YI5rqX168jLEBRvrEgPBunKoWKt1LXFaq4j4huVVy4z6yUbDhJhcheu3mIBPoFjma3MYy1upN46hFd1HfjQIisL13sCETyBzUn"},{"x":41,"y":6,"i":"btpNzE8NnB5gvGBTpYJ18qp96hl4lHiux0eM20BAFzKrbvvMgI3GHemC2elB","l":"oSaZ7wE77pyz9NA7RvYmlCJI0Z25zUijSPtaoIRO3IuMCcf9CFdTcLlqALZ8WAqHjWcQPx4JG832B2DXVXAQ8bqKzREZf1p3sUct"},{"x":12,"y":48,"i":"AIzzTs0Fu5GSEI8uOJQp3qBqGzIxLCux1ES5riTMW4J2CG41GwokJvgHX1B2","l":"KInNMozzfYEEidEy6KE6ZsKhR8PzjEHWqvYoQBTmx1vkAVXEPOnEFbUfQ3SWFsAARIgtrVQm9bamLFmY8pDSM8N6KqX8gOW9fdKL"}]}