{"results":[{"x":30,"y":3,"i":"MaV1eurICNrlZbJtSiwJze9qKWfpHDS86pvKTEDmtaa4QB1Domx3LtnOv3gq","l":"r9cohMRdiBcqc5MMjCIfNap7fYd7cU4UwLCzHmi3ZMjW1kEikl1V3I1In0LqfzSWRZMeDD6ejsTD202u6IxUyS0t97VkN4hPOqsl"},{"x":48,"y":16,"i":"vyHI4cD49LwnEoilaWP0lmHdlfohcrHvkCWSmASo96lLUYnxM7TdKiQ7nE8g","l":"LJJ7Sed1RzlLv2zJMlCbfltZBxNn9Q91GyQrN7WKmHB5dmUDUWVTerCRNkttUJP29uTIkCywvO02zjhWQxgDXZGocdnYrWaCdKX7"},{"x":47,"y":23,"i":"BL7WJqDSORj0GaOjvwYFs6zC7tXuyy9LLscYEl3Gk1OuZsRgAlLSZdeQqnm8","l":"J2rC8H6jdbpELPjlN4D8ogwOG1A3TadUblrzcTToog6ge365PLPk0PIHEquiToKTf3uCsZuCK1LTNdPpkXIzBuAlPeypXHIIdfLr"},{"x":34,"y":31,"i":"bzYOaNMNqQtkD40G9u0mjKMG4ljmMXGDXZ5Fm9996gi4zDOoNYcPw6Hm53Yo","l":"shgwGz7oeSG5aecXTNWekAHCwWO0WuMt6t1pm98d5RrWkwsUVlLR6lUpfvmlqHySE3502fGEtofYeq7rK7QoNvqcITloyf9nqfFD"},{"x":46,"y":21,"i":"9j9brGIBI6ZrHV6Z5i993f3noARh7YqccMGryceEmPimQ5FTTaXWluFbRKAO","l":"RvZR5dVpfWvJzlWy6vsMmlHEZdl31Hs0ovX0MvIXODMI0mNqMgM9j3LhHjAWbwLLoxop0BQamYI75pOEdixGRDpwYIDzcH5GhXYu"},{"x":27,"y":11,"i":"n4l91CvCPSKeK2b1ottnb6TB3IPQPjoOzfWdONWN9OCHg6bmAJggOLpKZUV9","l":"VsC8uHLuCwKX1JGWJfw5T7DqLbEOWp39LodAQ4T0glKPZoWsLBVl29fjMRCSU1RyODLFIHNfsQzScocYtqMohiGfmepuWIZSPu1N"},{"x":43,"y":19,"i":"3BjLbj6sCN4W8S4uS1m3qQ35kSeZczBshhMknWeiKrQhO86GEG1EEIO8NQEo","l":"z7hFSOngWFunVx7KhsenqchCq7PolflSQhe2fRrDRr61KkxPyr4ZZ2wHXVusbkiFFUxfgxPWEgHqyAEiVNVJe9zT8L3bijTeo8sU"},{"x":29,"y":10,"i":"kTzVRcJW6v1XIQRyhdPUoL4zqzlQ4peK0jRKCDRpnBSJfluq5XhYGfZNzaFe","l":"sYNqd8ghJeHwhsMTX3f7OMVfH6sSjXGimKu5P4ExyH9WG1xvk5WMK2bDj0WL2peDwY7gzkPSDkKBDiZV68zW6hGitc9gLiEAlVrg"},{"x":49,"y":31,"i":"UXW1bBk9MWAZrj0VloGv2OLFJqZPE6X7ZcqvlPgnhMzqMDtsqgj30pSfUcwl","l":"ZyJOdrChO4mdMdBdAi1z9VgWE3ZTBtjZrsz4Fps9xHPOAgiGiNVOpc94uHHcCywakUePo2iXYQe8uhGCxSgCu00Vw1VXxihjBXLk"},{"x":49,"y":29,"i":"Ze1EfxznxMN3XtStiwR43nUdQdxUNdifcirhO5mnRkYZCmWKvYthqpx32xFd","l":"qOfw9krICPwluUW1jinKQ33tQ1NAR29aZelejRrNIny1pICTX2ckBAEjcxlB1QRE8PhYb5sTUgkafZw6YWRMDGaMD0QF5H2niKE3"},{"x":3,"y":16,"i":"gTt5zHlixilADOtiRJ9rDn1NfJLKvEQw6IfrVENOjAISIaMbCgMcT2bJoQgb","l":"8suBEzY5NQW8PmBvbsfkBJmSpmxGhSRdB7rWMWHnXtw28NQwzPJsK1tun9v3E5NYqROfDUc6qSKz5viDiUmA15XCyAwL5rQp2LGE"},{"x":16,"y":17,"i":"XaIa3hd6UXIKRz9TEfzhx8TuobUZr9nqvP0tYjr2M9liztdTUipyJ8HMBJYS","l":"NutEfeQdrRHUQsoKo2u1zqUR7gefCxKC4I9dK3NXF1nAEu2nzgiBI9QcWt8Tl2qqPZ8l73yquzkw3RRJMbfnYAbua58U9ikyFMsT"},{"x":30,"y":13,"i":"cqDkRaDszz3SGNN835Fti76SQfFLdFrTWNpNMY7hlzyVZFmhAXkkRmBOaPg1","l":"51TE78YTUqPcoA5DeSrNTlUPDrfq68r8ASSmg4MzGSdWqs86AlvgvOapcSdbTLgrx1yHwI1w13yOTx7i0ninmi4R0B7RYOVHEpFj"},{"x":31,"y":42,"i":"jkNqsJZxvESOqOCzrcJYgViwEyd0I6hfGaj8goKKgba5J4UXDsDKGNA5DuvS","l":"q886oVTjHswLYY5VfTLli45a1U0VPUT3ag1KQahNIdQeMmYO7gz6Phjt6krzwyelkvmFgygqOcyiKoY0if6kRfq2NybiSfmcaMTa"},{"x":4,"y":38,"i":"yx2uPLCPox6BkQ9yMrLIgnoNQa9bmlXfmszx7gwG0UNr43u1B1lrPO6nf1cj","l":"tAklvJztGKKemaCNVK9cciqKmIlUib2SD8FQIyKLlXdTFw9MaFGYe2XYhu9aDvOvoYmthLhanWeSjbMH2Ae9OmWmaltApmlFsjza"},{"x":13,"y":32,"i":"U7JpHRZFcXFn0XET3THaVEmpzLrgeG0NTNwyZjHrR2zRag4qpyhRV8nBNUVx","l":"6dGyes3Uzo8C3Wpdi8Kk8GJVE7VXIcDPMCY2nt6Z0sF6iy2mqa8I1lDJDxRwDEkL8qgP3d5odWxjDTeU4CPF63fd1EH33uMWlzML"},{"x":27,"y":16,"i":"PkxlzDI6z9aoGkF5zuQcpMflx3xGr4vfhRXt6cuoRazgOgFweoXvsalWHQxY","l":"BYqvhVbImSmzPvuhgKOQTTKzn7U9FCjbMY2NlT3R3zt2pLIm7hfptzUnFtz33d8cKUD5g5524UUlnk8OIDWc5mcOJ3aM1nkgbKZ2"},{"x":3,"y":14,"i":"lhVnLx6Pvirr5BsWcRZmUd5pNSk9CcvaqqO1gI9mD3ywdgc0sswPtLbNxbzu","l":"lgTcJsmC0jCWdmnAznOQ4B0whRudNFkFhXjdkqDIBXskRB7Ja05S6lb7fGRaXiOlnY25usrNuyT20RPwSNhIqlJGGrdZum6VzMLE"},{"x":42,"y":5,"i":"5k7D0su9MqfEha2SDrelFDrcOTArX0Q3A1g0hIPNrlxb5YKXgBuyCPmV2fxf","l":"4xTV6kkdvw1QJmIGwXtWAgUTTi7kN9pLCZNNGXBwvweW7CyNwPl0b2nAWFERjXobK6Kaqb1TUPORYrPSGogKlLbCP7IH4hWU6Z0M"},{"x":38,"y":29,"i":"8PXzabmv06TX52RKRDG0qasRxp3nXYXWaLFkpQr7sQYN2dhfnbwZVDgO024e","l":"ECZsAL1yQrJW0g2YEvRQNTmUQD3YeLpz3rRSvNNNOYBUBPBPQgGVDPJdoLUaslIsOQD3EIen8XIzKBtGM4jr26a1r4GEuQqroT8N"},{"x":40,"y":31,"i":"OuCWhcLdvqYrmEvenfKhFbzeLfkRSxKc3OxK5MdWHZG101d7syVcZyDfuiBc","l":"Je8JD6ZazkNobpUCwEa6iHdO1EvEDIoULiQLUYJRCaaO7P7xDsnfyx4k0IpfQTrKrwcWCoZC0NtKs3E7l1NqxdO1ViqX3xwh6xxw"},{"x":43,"y":14,"i":"95cFnmwccTEsnxw5FIfxliMxu2WysYeLHvknCNrZbmHs9b3OmkoxkzU9xvHs","l":"RHEsPF5ABdavNL0TetAM4FZqtRcJJ99O2RSzERBESBG5up7Lm9XnLRDli9VUgt4XHE98itc84b1eAw0BsZRuGxTtHHZ7YGHWRn6o"},{"x":6,"y":4,"i":"f7Vcj8xM23BXWNApIyR0MGQ9aJ9cTdsszh45XwfVdeLnnvr0Iqq0kI8iV7G2","l":"2Ujt7VaR3S384vVnecw9MbnXZcKwo9e9ng2K5uhczRm7kw5pKmahkngLolMZQCaugyEDklLSVojTjlYS6HN0yZq0Lfhkq49pey6H"},{"x":44,"y":21,"i":"Dni25vnqiecI3Omp7NJ1l3PmPzFGRKcgGI9FxbMVfhjtUFfujBuj6NqCedPF","l":"PGuPfpGzIKwpuk0pa1zeACOq0BrarijQbQkPyKTszrYrqlV0YCTSkpHOls82fOjDGtGC6Ed38RqlUCwpoc47S14rJcl5IRDosJpN"},{"x":48,"y":24,"i":"ZkkoXvOJeR5oYst2W2FYlXP3WFtGgp1c2bU9n71E0uvh2Rzgs8CUQAWCbzdT","l":"o8RoIIr154TIH3I09mm4f11uTNpA1wMZPWJ8PlI64hSIxcn9oSg0yJbYSmSYlZuqsbn0HSHRa7wAjTKJEo4J5KQUdikX4dGl905j"},{"x":45,"y":34,"i":"KKm9V9ZzJj3uMupQS3Zo9VNtaGJqu0wYiDcb3llnfjcvtABoem60IGoLQG2O","l":"NAhlSV1Sc5uk3CaSrTUFZsAFkhZK2gqEuxSMlCI8qVWRwkof6YM4858EZEpRHsC6hKazZuXo69JxD4gonJpvCpgIwKr7LNo8BhoO"},{"x":8,"y":34,"i":"fBkoet7nJxfmS7hyQf75pIBq7uIjrMGn7CKgmgl2YC2CAOWZXngqUmb9sAha","l":"wJgFbArvjcVeznebVPtqSYkVTxfJOphyC4SrqiHFXEL1i1G7tVePb7PvmcSii7tJUqfQTMmUItXedDo2W3DbzvtEH4aZ5e6kqMKU"},{"x":24,"y":26,"i":"vUW18ixhhyyXvJUvyoFf1iQbp3Rww79mutcklvWWX9ErVb5DDyZq5nl7O0s8","l":"2iEVa42H3XfZHT7MyPUc9T2poEHgVD9E4G8F6QdJGU2dbfqvJrsfLx6KYFWMLlVyLYreU4qwPCdfUscIVBc3vAhaCGb3gWCfX1tf"},{"x":25,"y":42,"i":"ByrKhrJ8lT1uaDUlxkDeQ1F3qYaR6gwNNeZs8p28JwpSdhtyPCioK9rrnn8z","l":"dbPmWZZu2HZVwgidFpm30Aaxu2gb6deQh6vxh2tnNngusgulrbR8otk7POPGeukujQfV51kDHjds1uNXGxbjtnLz3VeYNtun0Ukl"},{"x":45,"y":21,"i":"IRMs8939jwLSPiJ2YyCNpLxfPZg4Dl2ZGbieyaLvlD1YgwtqJrICn0xdD9pq","l":"cpsYbY3jrjHEuzk48aU667iN6B7Bq8MTWsFkT29q28fbVWANVZtQccEiYkPruE1XAlgkYoWfnIUYA5XkInMfVT5wYxxWPJ1qdWGK"},{"x":10,"y":40,"i":"gh8kVueDPdqn4hmLWL9AQTUCawbMMNrPn3Jxb11dThLiXcFFNhhfTvEIaG9w","l":"K5xG9lAq7EfYmYoIgurYHiMaNI7tQhrHiaMCoXJbEmoXGzYZ2xh9RgVmktWJSRPetJPRXxcTyGvhNjrUbVLrHzV7bm4vclIgsM11"},{"x":28,"y":16,"i":"dKeX0X5tpeDxhu7pV9A673N3UwGgLTfAJa3zSjqkMFzRPmxWhFlzvr8JtDze","l":"WmgNOGo84YwGPfpGyelcK7aV9WT45dh9Wyr67PnfGWVAcXOOV0UuV6GW0tFy4AdAo8EoJmZrMcZSUoOk9HiKIOlO3gCNiDsy5cb2"},{"x":11,"y":43,"i":"D2hQmSqhw1ipTLqJqvLWBNVsiaW4AKCmv6rtsDtFXcPKPxRb7iGcUWf3ZwP7","l":"9A8PQUwnHAktezhVRmDa320cqQJYUpbKJaNSk6ZFfaGDgIWRrI991MBzYjTauzaTNi5hy56IqAUTnRBbZvXgpSi2Rq9K2z0wnkiA"},{"x":14,"y":35,"i":"iZgXueIWg1Oma4ThB6XYKnkftNebezidvfTxPieS72cCq1nUoV1GyjiCsUPK","l":"t3syCgtOlizzihtXP8u91Tm8nuCg2giI0kfP6U7SyLIKf9E1q3YpUcx37N0Ng1zr1NVzNhhjBrjTm6NI6eUKjn264RK15UWVk6Ed"},{"x":24,"y":4,"i":"rJMAAsusCMkWoyYoRsyKRhYVYDghQsUCBhAAbjB9ee8V2rkzEtXi3ZbyssOb","l":"N5BK67OjZqO1hFdgXAEYleYkTXqVy6MfVcE15Mzx4qDZChpvqrLPEEbRSIyugsx5UqcJWuwAbLLtk3HpbRkSGg4Dt8qYopQIT8t8"},{"x":27,"y":48,"i":"9EgXRrsvLbuNYONLKQE7eeIHlRa5JfhI2bRgatgzJAncosbMiAEblDTIN2Mj","l":"tcGHQAuJNAxgNc7Asut2TMdWDVqMmbkvfUaXPLY8OG6xjsoV58jAxACY0ofIyCHm6ClKYnghZXeYQHytL2NobHEMChJK0TdgUtxE"},{"x":18,"y":3,"i":"Pntid2bjEXmVHByvnXFDNa1ir7SHsNdKenvAIs4tqzuiCN8M7RumsUXV6OQg","l":"QMx7j9T3CF5qaJN5NOpzVz1TDwEJllWS3N1vS2lVEwdXqLdtXkJS3QdEnhQj6RMHdUDjCPx2m1mH0oMm0FfK2zQR3LZKWlkjwV3H"},{"x":4,"y":41,"i":"bAy5p6FmSIr9OVFFJVs7d8wFp8hLmsOzKHcVqYswssoEJZkewy0z6e9BEyXx","l":"XV4R6UIBxU4JYJIO6QvlnVgNCBUHreKTljzpnkf2DnVsNLBVrBwqOnbe4VFlpsz9TxSagv3OXBnwBWWPzXxTaFL4lCD9oqw8Y0Kt"},{"x":20,"y":24,"i":"KGXdfNHCVayt2Vxkare4dEXcUqwWuwdYSeaZgNmHXR9hVY0mCgdnkTYnjAxl","l":"cHsqs95MB7mhhQJz1k2RWuZyzV2Pl9BKURKSi78G1c1jflywuhMY6Qhvke6DX3VdO2MuVv8iD08vd600ZRelptkdXMDB7AXLstJu"},{"x":11,"y":4,"i":"YCS5XzR0NgJ30Y5DDjrGQxBJt9o1m0xQeL0NZflezyI34rOsj6XKHxeyb1B7","l":"Xlv3w1W87qoOYwryEZ8aV9fP6YsZbO0HMplktcNjhIhd7a0jSIEMMA9Al2e30OqkLgV6shXhCuXkGxy7SPVK0JfvUlCLunnPxUg9"},{"x":35,"y":3,"i":"CXzUIAA5jvW3QMe9VaUv4c82w0AdrQ2lSTPINu3fFCimbLVVOfPGI0TCaVdG","l":"zPRz8H777imd1gfmgn06JDJ42HgWxT4v6Zae2DyLxbB3vEwzMosddVQY3gMHm91Xmr4pgKQw7UcZPmWwwXhv83Onl5o6lHVLWnhs"},{"x":2,"y":12,"i":"ztqJ260jtnLUTrykV1Yh72L6YrtrKzGPEPPkidiDPW6WeuvVIBuOXcSanVB8","l":"CqLoGhO3JilKZgWRSptNQFFWevNHQtviASHhXhwWyGTvh1zFINnffeLiwidwfs3NcEWbFapV4j5KHEzbvQJ3ITZzouwRIehCkGld"},{"x":30,"y":2,"i":"JoBuammKIJyUorv4ubwxdl4YelbkdMZDVOPKSxA4MO7YmqfCesm1S8DASsPu","l":"kzi5nXit48a6sCg3cy6SaenAhivGGEKlWQXunRiV7xeZTm82K15B5TqUArFyJLlz6XUSIJRuhT0Hy0M06psRbTFH19buZ9iQLyvS"},{"x":44,"y":48,"i":"CjpRhOTOpuLLv118DzSvZx8bVKTRMIsmQtjO3vLmpZ5jJXBTmitJMLka2OQ0","l":"M1xRyCM4znpbVut0HKp1GDNiyTxZQLrqxzwseKYcE1t4A6SSqtZl1uXKVKyCrVwUzFneqDaEJz0UgqtSYBqHfxKcbuhxM5FBCre6"},{"x":35,"y":10,"i":"7C2NifEGuVir7PF7l6huTrKJ21vHjT2YOC7o6Ax49gpUwmbB169E2e3PR3Ni","l":"MCuvNRm4GUi9EVcGt2Ld4ZqTMPVGbT1xpPWqJ9fzXiFPp5sqSVZqYKtDGNlWrTCFQIqFbo572sphdKj0Rw2yeXbgh2I6WAICnhZa"},{"x":18,"y":4,"i":"D6KTXmRPcQhe7uMUVFdayxWOKH1CBQDslwKa6vlEugO9mEKk1Q71t2VHCWAI","l":"BWd7RLIrmYaLHNgTpjlNmWSfy8UTRvUi11gMWdrLo049pfePjeuHnY9Kr72LRIQ8NhwdqQoYt4r7fL3JniJzQSsdb1Z48aAdCcnm"},{"x":25,"y":10,"i":"EJJVrHvPX2Se2Hg83AoN5QRbbIDSdJMYNboRez86cpZ5nR7VBNHQMNXkSwKo","l":"RRLJ3nXi4K27VWsOGbTNZ9sEANOM3cxezkRmGB5361bVNKRoo0cpT03STneZzRWhsz6YgwGfL7kFeC3kqqNym2aruBONcvPlSfOZ"},{"x":39,"y":38,"i":"Rrz8oMkxL7317tKHttYo1gur9CdTPyy72CRBPGWkIGPcUYwnCs751KIM9nii","l":"e7qlvySWPQkgUV5FIaVkCpmBzrKWDJzQahXkCIgQkxxUhdNXabSWtUCtIHUtLHx77V5bDdgaFaa5tbNxzPRb5ErYuoNkrXtj22xy"},{"x":14,"y":16,"i":"dX068ojKe6Hxs4ncX3jt4Vv08ie17dB9tCRl8XsfVIGdwkj4DEd0Sc2J2JFz","l":"uuLAasBgmTymLGT77gatSbnh1jIbZdR52k8iztBf1l5AS2MCgkkrIyZ6mIHvUEgjfbXRDcwMptFumFfnSYj7yJVyANUEDJRjbli2"},{"x":14,"y":18,"i":"00wayfKt6WjOhAa9isuDXmsLPntCbrz93Oh7vuaEEsiHUae6OneyFrwJ8si3","l":"xEMEKse50bFXo58PlbpArMSxERXTlwqSvPqg4FfoKkl4XRELDNDDffAPpqySL3XcbUmR9l4W3Sr5E4GcqJ4fmwAvLKAmXa9W2WAG"},{"x":38,"y":26,"i":"R2nFCVn9L1ZYecs1V6x4nWYMCYclftRzIG2NtTcC9VYkjnbsHHg7aJfcs743","l":"DEJxyDZfeWxlpvo1Zz7k3Ad2fDgYVEADwrwsg1A3SihbanGtlOQlvi5irOG6FDIyYGZJYR7Uku3A7fy9jGsQsM6kYp70WCSNPuef"},{"x":13,"y":12,"i":"JtrhlcEQ9dVrreTZFjUp4OgDvR9PMTZ4KeZMDtGIzFSNtSwbbHDqK88OO1ac","l":"pFnvcN3beCdl9B35BLfIIRV04K1w1QBgoe29PJ5Zadhq9hfAyubJzAmCVwBvtuWYcYkV6eMWgBdcIxGgCOaYjJoAH04lpSLC6dBe"},{"x":48,"y":0,"i":"AE9nLgBa1TwH999llArxjxlF9dYJqhQ1ysLaABmrcnN7ERmk4BnAo5jdcocd","l":"a2ZXteCIcMwDFIMcpqgAMDtMKT9dbydLhqJqgxi8IJOdVDOb7QgGI8ZY5mq1OQ8wUXdqMPaI670J4cSIHkzSGOhpnCpOVe6sUW8c"},{"x":18,"y":0,"i":"dLvNbcEvARpw4lVznVt9Mu5fQHimQ4EePYET2Vod5dIL1uI6on7ap8b4eBYv","l":"ZeJ0cDpOpOWC2KJJRYT5JqD2KfgVXATOCl7qCn98CkoPRVBkS5tlIz9LjTlgskXoW9AoioipjyGYLxI9MRvV5C2p4BmWWj7DRkzG"},{"x":27,"y":42,"i":"vbNFJiTiNtZQb9qWUZoMOFzXUDvMcNqmH7A9f8QdT14goX6J3GWGMXH7zda3","l":"PJ5mLLH1LeP6rX40gWLXySyFxKlbtOWtilj0xarvhAm4WAmpofPoJPfzgjRiX6JAahn3WwHA8WwLdqF5KnHHiuYwKo078NleNF7a"},{"x":37,"y":20,"i":"sUtxG0hKQCUnBgVcHSvUgMQp2fZDN1kxn1Xwlvx7W3fWKtXarjuPnq7FQ3ZE","l":"Y53NGYg8jWJ8QVFj2x3YlUHsV3NYEihkpjACIEp1c3riUwhq8ikOz8VBAs4kkeDZ2uqajJbQ1EZY8xmVgPqegClue2gbKwO1GFH5"},{"x":41,"y":46,"i":"lQEGtoY7tI39t0UNDU8hf5yoS8zto93dcyKIpPRyuI96ikABIxfK75m7ml9h","l":"sFAXzL8uHNqwBRfCNA7TQCVSNVfXizXKe3JbGmf09B2z6wzfFAXi0IEnxJwv2YJmYnL8QXybiFPVgsaSkB6tryVWbBJKWZuVez65"},{"x":42,"y":46,"i":"1xcNcDTljydXpSLlkD7VvShBtuFQdBR8EcCRBkDgNh0cVRDMA7DhPV0crwPC","l":"7APeOtEV2GWkkWQupY0qRxmpWBK3WOOh3DkIcdN6wE3G2VtMu5JTxfOOHaM4vZ8leiZZhDdEmSCrg2P0TSUxhNDop92SzmuFFyJj"},{"x":45,"y":23,"i":"paNHJMuUXaQVNVLelBDyAEOsXnkWRLDzFJTqfeiQFOILh00gbq5jWTqCx45C","l":"uRwAg9EMKpxLJ6bPZNrkXGNKjrlUnovokfSpP78fV4JSv8rIBGBumDJxQjdwm0arOkNbqGn120tl2vNltbqRsPf4A2FmLPlDNppq"},{"x":47,"y":4,"i":"7ZDFIKbIRwiXy4KWert6GFpSOxuJrNgsFj4ryqITuBniJC0lLpz6F7vKoflk","l":"IvKOkxJG6YgzGvCXMIfJBxPMSuZGLnumwj5xNXUhkpHtDrS74bO06bucFGahfO97touqeWJEPq828azHQB0lH2zMp2IG9a2ZNJeG"},{"x":7,"y":21,"i":"0JYqPVXCqtW9pU6jagdKG4F2N6pKWN8Yyth5rGO98JItTjDlUcnHcNtplhAh","l":"czGPUCIqizOdZzDNcKafFiQWz1WOPeNnSK2fH9ccqWnZ3UKpPS59dt3DnWHgzsoZfpnBZL918PbzkCgWdyXVJy6f1X1GWAjTfqvE"},{"x":19,"y":26,"i":"4fq4s8tjrYsJH17tGqDW7hD0aj70A0Ka5QZ08vSucwIo0KQwZ0rmyTk1YSEZ","l":"SKZBEO1WrVUhUkAvIAdDmE8VCWcR9kSagZxPVeQXsxIgwVKetiW2SLNMvjMZ4OEZiKQ2FjocOWMBQgzvMbxDdU0Ln8FZhon01cmq"},{"x":6,"y":10,"i":"O4o5Fn1oDQ1LygNdbHz9zt4CJg8pCCU4zlKtsBaDp9ZkU2DQAG6X9KVyRQSd","l":"XO319PYQXcwobxnJCg4Pe8pMWKzgjkSlPWXglAjvcsoqzDGJXfDMYyatK3miQoU5T6qWEj9V4ntrizRk8A9eDgTCqA7CAdXcj0BY"},{"x":31,"y":49,"i":"8xVDx5bxrtIUVxOjecLPbGnAYArdjaJ9YfiaOU82sMd6IBLv3SEx0NuXvsHn","l":"OSW17MVzmw0p7SXiaMrGoXA0tAPevdkeCZE26lWUS38xINIrt0sdgaVqN11cRdlKHT9r7fSqAevUBtu7fMqB8R7OOpoOUgHElacB"},{"x":24,"y":47,"i":"nZ0zy0Yc8ERDDgELsYTFMoqxXybUXKn4wGEOsm4zV3Lgpl4VCIeqpUEYSx3T","l":"0M2Sv6B9RJnKVHEgJc45HqWDgBe0DdZBwWite9KOA7Gz6z7iqh6apSKpgixpCWtOXyTzkG9WjLJNYvY98oKiBuQumTkXfLajC5qv"},{"x":20,"y":4,"i":"3KNEFlv12PRMejwVgqLGbwVkP8EcpmLtDDX0isj9zNfgAnqLkDJzlVthSfAg","l":"k7xKljrJYMQTn7K44RfEpKDiRQxTUaYtOX28ojASPRsFK6by6xG7xnDQeTgeQ4qeB13qUXTBNyrm2fMXrbUiAWo712Z1TxezCRBF"},{"x":1,"y":0,"i":"jzwPGAq1dZgw5Vbbfbi1ond1kCGLJoBYYyyKRWaJgl7RQDQO5sPo3RgiMzNY","l":"rBahMzwfVUFk9SkJimMa9g5fZTZwCOs4LJIojYqlizvdMpfTGqyoZi82gLPdHQCMqCEaWroVz0EGKWbyKf8cxu197HwPbxTbl7yh"},{"x":26,"y":17,"i":"kKm1cDsKOhaku7FaVCvn6mzaTbOz1EI4L4x7yEqRAkGWaVYaeWm77q5yb2ms","l":"EalhlIhnMk5zuZhDLy5nMVuWpl3C8V90bvZgVqvJA1crpBqZiKQpXE9QacILywfI6mLnQQLkpvJ6RFUnyhSTCDCSiwPYoSPo2gWG"},{"x":33,"y":20,"i":"aboYT5Xaflz1bnkSKPKm1uOkhygemt3lG36BSBhqQwl8QK7DvJDZRRUlXSZ0","l":"vqdkhBhRf03wy6EryjEdHOJwQYPIPqJrnixFXqpT14DMEtgGgpCUTSsj26ZZqNgRHXvJTAGOSWAqi3UyMnT0bFrFRRK3V2rPHURh"},{"x":18,"y":45,"i":"SB5uNRI9z3G4NsXZcaNX6szDO5gcUEIfwNPi4BWLaNT36JfJ9H8yQSwsMN49","l":"cv30724LJQRwmZKiEcZXCYfvqE7FS4sTRxdj49IyxntSb5dC1Y7xZKkT0IbOEUgIsbjkqPIUQFEh1KDQ2C04fk5itjFOVH4ke3Nr"},{"x":27,"y":2,"i":"6qfsH2lewdCjFtCojuHKWlSBoUyqbLTExx56TN1ZdBNFcTw20aAAHtQBHBbj","l":"Cjx7qt2yuwxAAh6UD5ZrSSTKPdy9VmXURN6pP6C546vZvgmxhgMAVSjxLCVkduMP2r37lC7NigqV0Uzm4AoHSyuTFfzdb6awE1L1"},{"x":43,"y":29,"i":"twcOA82dtz9tbMzgPbED0MmsDttBrwns5M508aMhVOYZ1FO5xqZuTFcYnHVw","l":"isQDiznFth2q4UnwE1hd4Tmtnq2Y1EqPI8oIb5TcoUeLaLG1JPUSXhsf8h3fbNASKl3f05B3qsa7HrVcSZTJCIyKrqaxlStN1meT"},{"x":10,"y":10,"i":"NtUIzOTKb7EV0czWXw2sG1koyOR5ncO4Vog9LHZ8sXHQ7crte6LWGbrPID1S","l":"8TJLXT5vMFMqd3iMPo1rvkLKLLj5ipRWefZLOz60Vd68UykourZFlz67RDPCvlWAYsQd7s28s2GsgrwLaSkGe5mX6OZJtSqEjgyS"},{"x":37,"y":0,"i":"H39HrLOUPfjjnemfmoowi40M8ZKZ9p3kkRKidZ9dRejdHR99bjz4ixTGP1EC","l":"jEB3B0lGMmi7PZBbP1uafeYTh0SlxhFxWFIImRLlxY2M76tt5EiJ7cQHV3XgDREvBwCirhcH095TDA0lQUQYQwaYyr4kI9yKU3k4"},{"x":46,"y":34,"i":"Jl45ZNEJLqofg3c37mrgradgdDvv8fEBAexfVLnFvgv9qyipXiHu3xomqfrg","l":"qATAWoxYvuYBMV8DSqGXPgeTDIosKAqpioEdVPfILquPr2Iu4yfQLITrT6FBjT2i0Pt74gnXs97YhekstPpy6Q7e1Xalo6tbmqbB"},{"x":23,"y":44,"i":"cro8xG53I0VriNrAeRHJMhAgu3F5Inq7O6zauVTT6F3iDTKFHgWAg5zkWOZn","l":"F7jppsfjSZakeGnMYYS6uD2z83fMRMCBF41UO6MzNV9NbplPZXdSlHzuhkOWB7krds3WEKOMf8W6qrJJgTxymbdHkCcSGbiJ7obl"},{"x":41,"y":14,"i":"HcVjuAZts2fWJMeMFGdwXSViw3WLBxEuSDusCQ8PMB4M39vkCmOTHqkiKvQn","l":"ALeKUvZCuEgqt1awaanTvvODvfCbmYaxervWvN5SiIh6l5WlwGF13JF1lpwEKhJR0b6pfbfFAgYj7BInLmAdYfOAsOT4RzPHQYkp"},{"x":20,"y":26,"i":"e9p4aRlL6vtMxYoolCwOFSP6S21mBACzK4sDQ62KqekXkN1F7mOOntFAUqPw","l":"cxxgINU3lU9iSqyE1DtVGzrMw66APATib4K57qxycmmMB5WAtvkjtlNquW9JToEjarrXNf8roGsDNtCpFqj1pUzf2pZDwM3bf9pr"},{"x":9,"y":44,"i":"a63eX1vGznKGVDYyFnJFdzkkH2rvLLBCMPiVetdEbcxY5ASzbfP7BxjF4yos","l":"BqsGbZJBTWigj4umyUJmG7wcTUDxImOvkVkoSu0WmLZcQQNFPzjNaGEaPLbpM6y9mCwelNyXTCYL6BBhJFN1ot8oTyANwiMLimkS"},{"x":34,"y":33,"i":"5jiq9itjKCZH16dYoedjdOJXWRn2dVlstwtJaHbux9eVRTslxsyMrZwVkM3B","l":"Wio2PzOwSHN6Nhl1E1nrekpMIOLwuIctnxs1s7Ii5fgOupz09R6mrsOxwYZieJa3dZjz6cKankl6uKPB9TCmwRLgeoni2d8isQBV"},{"x":8,"y":38,"i":"6QhhyhioQPY2Aydy1WdINc2LlHqorb8myDj1GLr5IYppWVx9ZeIs9nfFugQ6","l":"5nPShiwB6ZzeH2WzFXDibRW9Qylcte4Hb6raPRyLHX4cfu8VQXLzdoMItcnaxGej16Iy5zh6tmcq1yuLawd8lC4AD90nxkqVorJK"},{"x":38,"y":22,"i":"nLuE8ZbBBX3ngOxHNCWiqJREueg8I3nePmUBufSwc4UpP9w8WAfsDCoZpzMV","l":"CoCcQqUsnqAdaA93kaniOk6BUDwFCcXduZBFC8VXmP8inUkvZXPjp7jY20q89g5omTbix81e4dPR6lDB7p973k8L3fGPGa6BwCzQ"},{"x":42,"y":18,"i":"hOdz4TKdjgvWbxKQWo0jn4RJ78YJr70wWL0SIaWFDkPs5Hnuyth8f6FMPwmg","l":"5EmbyxcT2lWxDs4qitacGwaEyVZU9taurWKgRCFQnOPq21MzpkCzHmqgfwKXkRbDc0LoL2ldYFYEUw4LOkCielUJw4zKOFzwvC5z"}]}