{"results":[{"x":42,"y":36,"i":"K16fxxNiuk1qWrqe87rj12iAEV50fItt3qA8qU9nMOY8hdtndw8edl5CUfPm","l":"f4mbUwfR1ZU7Pk91GNdyVldsrAZloyCnEf8AdT0G77fYDrHWNuk0iO5fLCJm1mE2CpvuYDdoHyIjV8xjze6a7hD1yO3fl8oAdJh4"},{"x":30,"y":30,"i":"vwlyMLYCJRdn68U9xHkJXrxeQyUXjp4yeKptaBZ4UigMU11EUWhnwtzyQ7gu","l":"mXgjwlsWY3PITuvHPSlvF1Tj8OcdxuURZjB1byhpTyVqW6yYDlgqL3TrP8GmqMj457ZnZV5FoqFErTGhII1dh4tj8NUtHs6ydrZE"},{"x":23,"y":11,"i":"3ryokeS2cnuPB8A7ISQHmqu7uAYLSToOhJpLSLczV8BzXfbRc0RUsF1ckeNk","l":"hDpdcT3snrhK5evDcjjizxikMnKNyXFfQ0wlokTa2i3uX2oW0xKsnV9dy8h0TWATEzBzjW59boMxYrpZP7wQpY3wiLvcPrqqbU6Z"},{"x":23,"y":13,"i":"GjlaCaM7dMTo1n0GH6TY3xJuIICn4bdziG4tVGCSHVxTpZxoLIhhHqCXJAcz","l":"iSzf9QnBkJKhwMVyrgOcPBqn8jMbzkniVglg0Oz2vb7jdczNq2Y6zdwjjwb5hVnjhzBxKqWyKohDnB28PrjOnGdT9AZJTIFlloo2"},{"x":14,"y":0,"i":"svWIvmFGPUzyQpiQeXEjZtAVvA7ArMRfdC34iU0VzkUL5A2SBbiQbBTjLW3V","l":"qd6PnvoTbnjDaVtB0LWcJtgjblOvgBhhIYtYO09XNFylAfJa7XdV7BVNgBDBgXqPO76JwMJ3PAkZ1pgqcJWhhcK1CHmEdw54s6xq"},{"x":34,"y":31,"i":"vxQ6eiUd5WBHfWPkALZRMaKq5FWqlBWawTHnj9dH3FkO8TYiVRyRjyYpBGSN","l":"jzQ00iwmT7ucFBLKVENMDCoVwBcwFPoX0FLc1J1G11WexGYhLBs9bbJt1e1ZfKs6yx9U9IAJIdADTvjui7kqdHOkOfgUyKY1goUi"},{"x":32,"y":9,"i":"DAmFM0vBGlg1CkQ7J2mw9210QL0zwzx1utNUk3pQsB0lKZ6NWAY8fj7kJ3Yc","l":"aTU02Smw3bjgKAUy88TqkoOiyb3NzCaI2zsRi4kgjHtwqYU8tyU9OcYTv67sPIBhWLiTMG6oLRpy7RWQuFm0HQejfXO6ft9B6t9l"},{"x":4,"y":45,"i":"MeuzmquB57sFRNLUQVrqlqH6evc6PKobd0HBI95Ef090sYiBCXOEuqYNkct6","l":"QpdretaeRmPJR94DeoO08eFfuVzDUiRVgU5BDc7sKlhigx794SgMUeBTB7Ni0bzfPZh5nVBByF0jTHz8PMgTLEPXKHP96z3AgzdO"},{"x":3,"y":39,"i":"o4rRLFPnon5Li1EypugmM0DfvSudTDK0WyCMbNBMvmhQvY6J7MO4zQRuJVGy","l":"pYlAuxYUe9DHgxSXlC25IiD1Go0dRuojhHbkPiqvb1rJqgxvvhAQesvhTtoafti4qCeldYZ7spWrAdCj3l13AhghlLuoaBQXHaJo"},{"x":28,"y":41,"i":"akXsG7fDLxWeV3IEmRj6jgl6x6Dat9v13JuBQaccqMjBbb5Q3fmvfdr7Ib0i","l":"RqDe4icIsZyheaw5ojAp1Xi4xXxNFAq9oTl4n8NLsHTdqpr1ja7BVvTJcMlwRkwzP8udOAVuT25ifHuRknQ6R34fgIzCT4qJIQiH"},{"x":47,"y":0,"i":"TAwN3UhrU4KxorCXUXjMtdJqdBQXGvZqvy8FOE12ddcXqLssBq2oDLJEHH4w","l":"EzGmVmh56wElSdfAwsUXUQBIj23xRvYYu2WOwHViroR13Cc6bCqliv2eqUOmqMRXlloY6MmMO5ny6MPXclhw0hiHoAXL488Zu4vS"},{"x":46,"y":26,"i":"UUnQjxcAo01J8AEaxY5ZFzPMmhHDlNafk88CCIFGze7oT2ExstaJSZOaH9is","l":"SLeOKBG0p0ECK9Y0Nyb9EHc07TYZfXxlNsD8Xbr8aKAqaqYzFok5bHR1fOPo5UIadEXxKxEd4S8CgUXLP8Vv7l42CvRyOhWOy9uW"},{"x":35,"y":25,"i":"NMidYH6ghjTE24Xgy4Lt0XUhE46wZMEv5BRXWZ4gATlkHIMugd8eegMgZQns","l":"D2NXdmRWZEYMmN16yJXlLS0xDHOfs3MWUSqAy5QBfgcy7seTPQTEV6xHuUB6MBrt7zUnGZzFqixmLgMmAw4CW7jTnTD57ejIYY1W"},{"x":31,"y":16,"i":"nyBst6goT4wsnOuxIODW8rFSsoIjc0yDoZvF7XOaE1785NlEzRrL4zUN1Unt","l":"j5MWCEEM4Mu7zoQXgs5hbLcdqO07GNXM1WMQ2BMXZXc7EcwXcVLvRQM7GpEaW1rul9Uk8NVVFkmYpLPg6Sy7hgPcBsBCsZGiOQ5Y"},{"x":2,"y":24,"i":"B5COPImMOCGKib6kbDZKwyWBgtcTooRSb8I0MPWLboMVsYBfggExMB7xpuy5","l":"8khwVFEm7CS2HiOOA0ddmWLKFfkqHcdGGRZlUzie6WumYUhb1UHLBAqIR953RxiFsz9BhcVPMaawiuHquCI8pbzAcrktioKQU6hg"},{"x":45,"y":1,"i":"13FuAooVOTH87rQJTQWULaFv78jKFTwkOTzq43ONFeHrEIk5TLMBbxBcQLYS","l":"a4ZzBMPeVyi9wKL2VzzOdHocwIE8UwTm2pQHlNcnA2cVeIaxK3mye66lMZsHRadZyDBqAoLDrcn0klAvQCTPal1QgNjPohJmUtfr"},{"x":48,"y":19,"i":"s2UehLVeY5hwsKdS4VbWwqSPSOT3roBrIsrNQSe7Dct9VDyurexuOICun7M2","l":"9nwsu58QGPpBA8gW4qBuoWRKcdWbWIMS8zWnuUuI5qfJOE9pdFlQRYsnuawBk2uGDZwQfs7RayeV0maoq8LT9aGa761X31i4o0gl"},{"x":23,"y":6,"i":"jkXcXh4mrsCnqwiAH1vSGeFOP5uKn6Rw9nF8J7t1F794rcqLArIy9TH2koMb","l":"tjXWRdNeVtHimQImV01QMM1ILT0HaAkao15nvJOTy9eUNnMpT0vtJV3QedI6CyuXbmFFbNV7N0AjQvcJuYAMd0odBOfiVn1IsBDI"},{"x":22,"y":22,"i":"pAXVvCSFWAwpk3wDCWxEfVQX3K303QAkm73fGowJ0KsaRd6YD7HYlmeSJP5b","l":"1XO2Ry7sfxtp0maS3yiC1epRRGX1wXiciAnxwbqUF13mDiZZE0G3QWSMD1bEu1f4wZZE0vKChHSbQwteYkW8rADlKvJj6TfZJ02E"},{"x":15,"y":17,"i":"Rwc0psmHqtuaEsGXAGExCIeEZ5ix0DgzfZ1mmcI6EsG46vUS21DseeC9aFmz","l":"OcHwyDGEIvJd2a7n4ugNgt1ijZSDx1XyyJwQCSi1asoha3QZH0GtaD8wxvaxGiaFzwCUeMZTDktuEGX3iql3de6GPmWomIK2JYYA"},{"x":19,"y":20,"i":"Czr0i8PwR5WCSni4v0xdy5ISs1qtdpzhe2jTgYQMA7t8lkFWvHSeAqnopaGE","l":"X5kJg8NaRuCHtCpKBNmxpzG4exQGtc2c7iEgDyt4QYvSZ86Vi8rpj7ltqoJxn4lH4IlugaTAZIHgAN7z56KF9SYzVxQxo2qiLeXu"},{"x":22,"y":4,"i":"kiCCGkAGrufyOmjmAjODZCc95nOCrzrN3On8b7anll1tvmRypaPF3O2yZjaJ","l":"A0xRQTquDPpNg4KW7rzR3PtS0COiw1rLc1EkQgxo20lHfQMLFWCUpkXPHAYCqBCNp13QqaiypRERowg85x2xrLiZCXOQHVHME5AE"},{"x":34,"y":10,"i":"SF1RlH9uqXzoA8NdytHY0mnB7xrXDMjgwH8MN7MMv0j0jEUPS1eBRCGD0bj1","l":"vj8fi52aaoLwY9YPQbJT5aW3BQKo3eBJ8eIUdalZfduH2kqXGp4KbKiKKea2uoGTJqZvGWBSzRtQb170OUghs2aqV2fqILv2EO9q"},{"x":1,"y":34,"i":"bsAvFNm2VnZUjMNA6MhcFwwsrMciNF85bljpVzxWE964TICHvR8tbfrY2Glu","l":"Hmovf5PlE0T2E7gBwAo5fRRG1qLtEubfR5pfpy066UnuPAAQk57ru5WGZIBTn7pluvbtsEbAn5HpXMi9QVOQ2cq4TSfJb4xmQNi8"},{"x":47,"y":48,"i":"20Esxz2svk6wJcapDfyyE6lDVocBJzJW9DIt3LyAuMEhh9fq5H9bf2QXoe5W","l":"bL9LhCSlKF2T58ea3c3qrHatnjxK2TfmmqpY35XC8dtjNlAESbCya9QktGTuQR24gUGwImhTYSw72RaDJAPOIGfTP6gDc8bjZxGB"},{"x":26,"y":44,"i":"YGkGyhdngffD6VBJ52MVGIPyh0mqdBJ2NS5p47mv06vsRhm753CL0WdX6UeQ","l":"b0qf8qLd5cskv2BcIgqY2xrbXW0k2or5LWabgOk7n77nbCOW6AZV255xrynrUhpaBxBrN50awrOk82M6TlgxMB3BbSD2ewrg01Eh"},{"x":40,"y":41,"i":"3sao4mLwGWxF51iacOLmDHPKAI0mjY9p3kyHyC2n4Lc694wYlIVO6CiBqcwg","l":"bd4FC5MKuj0RjfVGkpLlbX3FU8dz0Q6AgOQZB3ir2QuLQBUmHlETM3kIq51hiVmVEsphJ8RpEdo4v5mnfreWZWgoC6N4uckiNA4C"},{"x":46,"y":19,"i":"PaCYLoEAGykCsdOaAZ5LEfnwS0SrL8gGuJ80txtJ6OpEqdk3gXSJcDAY0ltv","l":"bxWbnTidZgQ2XG2BEKbiyNzCsnXflJ9ulNkg8uXR1IUcMLWjvyM51CmMoRU6fZUVITm5Hi0xFsTRSoy3liQ5XiRjATLBs2YGnV4j"},{"x":23,"y":49,"i":"TZXFVC30S48rwiwGFpE8r8VR9r5NnRClqjo5CEflcDkXi2UyBr3srNL2LUzH","l":"E56L7U1hd7ADEvcRDxHj5oeQmECZZaP01IHEF3yexltjvaBf5LukbLfAvJzRAtUf8hJkXGQ37ppq5VAswrQjK9TD1XSiRIZQmATk"},{"x":42,"y":2,"i":"sbgtVHf8hrdkP0O0hCt3SpqZx3YdYYSQUYfthnMF9eYovMEJAzMObxAOJm2u","l":"EGWtVu4qiBqhZHtHug2HOoY40jVnhc4HfyrQHYtPPNM8HuzdSqUXpyZ2sauiHojMDs1qoUB7RDjM4W2i2A4r7HPDuS4ovfxhy5f1"},{"x":20,"y":43,"i":"srt3rUJfABDOF3Af43slXnWurQ4tIN1zi6p0TcVnWMMholsR1E9KWC4w1MjF","l":"pusd25oYrKhuHIDaM7Rb8qh3n7FzXwjO2YkYjXi7mIyYOiO03P2PAh8NwmVHzvY0vIoMt8j9kiBowahvcbxDi2E2AfIIRdxPUHjr"},{"x":5,"y":6,"i":"VFu0xGZdvYCCi7j4FPyQ6I8JprVxSDaVL6SCuadd76AGaeZPaYhTXvjYQYn0","l":"KdoHkGIjdMGEPFWpESzjJRml3n1xLhsiaRsCMdITSGfYBzfa21NYeoKya6ch8NNW0xvn6HNPX0RceLbwaXOO5IjHnwwopGvR767w"},{"x":13,"y":0,"i":"XwSgw033wxoHDbt2XgI2PJNVUSfg95Rug9rWRUwVyhiwcRdEFAydOURgKCd9","l":"7WUMZf8KQpQKrj4eaje0BTFjeWqyBGTJ6CmhE1BcFJ5ctGys6vmA0gYG8MkeTXhsFQ0jp0F3pH2NqTBalyALwOKMnQpMBwGVVQKx"},{"x":27,"y":10,"i":"hTX8Ix8u40nqJ5haJBa38gq9MeFY7gC9RiBOECuCF2tq4u83QsOl8bgodIie","l":"N5OEvbAAGwPm9U59tzmZYBh8kWbP5Jg4FFummEXkH0yG9BWy8UenxM8ofO6qGyL4aymMnfs1IlhrE1F8S2JPesgBN9Y9UsgxqwrU"},{"x":27,"y":7,"i":"xuSdEHlYvkAdjpKiLyxAhVPkiljBwYgbS9yuxHgJ3ZHCDkMJcddI4MPlhN8U","l":"SURXaR9TNgzbEquCt0Yti39UG0I9jjK295E3bMX8F6pmuX0WliaiXosAUzl7i1mlQiNgbpGMNuSeMr2LcQbaaSklqKrDp8cf2oDp"},{"x":21,"y":29,"i":"dGhqn3QQtLIGtZ1y3hoXMsfZABNwAFkib6cfOhXzxtDvL2HZSGWT6B4FISrg","l":"dXHCEOYKaedeipuNK27IKICnt5Rxykzx1VhpffzM9cMYMwEMIQwiOiVdGMfYS1CC93Ox5tyFidAHLUvTfMVBn1E3xREiEjOxmb6U"},{"x":43,"y":41,"i":"1x35hf3zpI5e1a7FypNaFluKotCYzmM09Ork3lfnRmyQYWaUjd1SnlwRLmbZ","l":"jHL0Jbgk6CBH7sVv5G1ovGD7m07wnaCR1PlAN8hh75VXtkFahHhsib8dmCiahnaLZNg627eIlGvLKayBJ7IoEvmnvqwypfvlfSLL"},{"x":27,"y":5,"i":"jd0aoLqmYOQHLQCX3OCnSmnn6yndbnTAWb4IRUXB9xWShM9Qngxz9xXm8mdJ","l":"yyi6Q8RwUpsXqjYq21ktPVmGRmMK1zV2Eo6xF8uXq283VstgDnRH2Vqods3kmqGJZ9B9ubmDCvY6zmCEWCrMTeTvMPKtRup3jHmV"},{"x":35,"y":49,"i":"vjl1KJD7LCdEY01vzi8vbJxZQjL2KvHIUvwCtSCS8oHPZf6ix50vH73DocEo","l":"uki12k7wWaXtHF5N2vYBx7qDz7ThhCNVeKaJVvCyMfs6H8iGqPKH3bTFAgBl8PdXFDufrju7IZoqnfk3ZapAShgG8BiL1R68tfsL"},{"x":46,"y":14,"i":"BkD1OREmuXlsV7X7DDYoHKGWKwoQzZRdUBUFZgXbZSgVpkGj3IuKCwGI3aNg","l":"4uWWkdqmr0DDIhb3UKpXDpXdmIUdV2X0nPwVSRSZgKb6dobnuRZZKYPYGUZ6u9enBwGtTaWKlKH6uFIq2cyoEPT786oTpDf3IwiA"},{"x":32,"y":11,"i":"7DRJN05nHRCQLjNnqr4b5UUgaUsfvIFyVvot9RUUXH1MqsHU3BvCfKwdvNYG","l":"QQRl3D0quLGqxV9TIjFc2v8wt2cs3mz0I9MMRsub6bdbJuXKg5uUHEdaoMx2INqd4vwkRYNbNgEoHivyrmZctJA3GBxa4aXyNg8C"},{"x":5,"y":21,"i":"4J4r9LYtJvqczt6YyTdIEBjjmYyeh4dJKbnRKlfOUhalCVgWjv17CecFVRw5","l":"YWBnMdTn8d6Zb2cjgdOohnOQcg3Fj0sAlozzW77uvNNsHI7drpcnxKR8XTOyWSl4RkpDxTnVOBcQjiDDCOUyljayuOXua3J2mBMn"},{"x":7,"y":25,"i":"iRZIgxZvXDHIadWHKM9DKjwFAWEvElBkGNMEcHyzTptjnOcF2hL8jD0iXaxF","l":"9oJhAbzZZ4KEOPyCUHiuHh8YeMwkRw85N9L3fAOs09ieh3xwCdXBgUQdepN6AhbSG3Oem9pr8Su1y86OT0JINoR3mAv7gkCMdket"},{"x":33,"y":32,"i":"iNxvFYRfd11NYG541rgdT1k1R4mZYP1fIATr5PJHiIDyK3Jbnk70JNo72RvP","l":"LCkJ594hE2KN6eMcozngTHJcdcBBbMIEZAtWxes7mTHNnZ8eNVLc58gAiPFsNfrc1XL3Gg9zrZvVteuil9i98W08uJxhS1gVcahc"},{"x":12,"y":19,"i":"NADwfBYxupTLIds7t7GApqZo9Epcw4dWiOtBV6vRygYFKlaSILFewCHoLOCQ","l":"wuXXZ2binVvt2WAXnMaZNO9liuTSR3trL2KnDOJn1u6Vtn9ReCbp1cZJzbSRTDqSHzRtOsqrAYDpLQkdj1bbfGFvGaIwH1tFWAJz"},{"x":43,"y":33,"i":"wTYD003V0OefEajStzdXpRMWx2va6Nc3Ws6XiV8yyioIWWPrzPl5nvZlfKEw","l":"mxBjrF68hC2VdZeh4C7j3vP0YZOveEp5oJHo1bkHDXbhhobBFbnM5799zSFB7i5ezjKp54cUVmTbUs5Wok877TIG7RpCgyooIQGz"},{"x":4,"y":0,"i":"nvcD2h1Wxrn0Kljvc4sBB0PXtAbVzgwBkKXF5zWJchqqb20ZbcDi3BHss0wV","l":"ZwYji8nWG7NY8V8IsevzBjNRrXuoKUxURk5cTA4xG1IXTQz9syIjL3zUxpCEOumy4hqS4W6YQOjeAv5A00NhhcGxgpgPlrUnbIW4"},{"x":23,"y":17,"i":"OaSfTM5vq8uqaKD3R5F9jItphP0iSohU8NVywJyCZz72EryIQmwIMRdsfpeM","l":"zAtzlcUJunUQkDVD4gb4GlTsiauLDTGYSGp1LFR91nvfwzR0VwyAPBSKUzxXLtDrZt8YmswKgkw810Fxtt4YqJxh06UdlVuIOWxl"},{"x":10,"y":25,"i":"mhkwZulPvIIOwRCQqAk38Odtvd8scHy8aoxuv5jaK5YuzA4fN2J9vj4Rep01","l":"0YGnbejzS8HhXc0y4VBw0HwHu2fN1WvXZFJaNlrSebeLMZsAiKWVIzSbS898EQyCFHrvGnGX3GMGVAlGR8xYnIDzFJJVIj64xESh"},{"x":34,"y":37,"i":"YwoKOLo1dKGVEpaKVfxhla3ecQJYMPmBW0qaQM5jk9EqIb2S5JSf7F66nuOF","l":"s0AwU4yRdcwbDPz2dPDPBf8S0PKDLaaanugXO6bDyQadFngEZAJmrGNYpwJpujkbNn77y86cWkErxWQ6KkyltSgL9NCnfi2mW4Op"},{"x":18,"y":9,"i":"urLpzV6d1c1OkNaOeB5KbCBPN4fDRSjZ4QwEBT1UETpoTUTEbl6ZgKzBaEkB","l":"KDpK2rDtBtNAC7BTRHNp6Rm1nGuMYgKrL975W0KVb8dQfrtM3o2t7w1X9Lou0FdGN1pcCfnT8H42AgxcTJF56Ewqb8YLib19JKbc"},{"x":37,"y":34,"i":"DZT0jbm0ioCLzcIxctICny3H5HnHM0JJ4TMsIQI1fRuS9wd0di0K2wHT4wKt","l":"I1L6EOZxJUK8EDWNCzOUV68tylBOqfy05WoyCp6FpYGlM0ZwmqW7XowmOCjxGTPUJdTG4WkLve3R48jWkvABK98aqlPpS2JF2FZv"},{"x":4,"y":30,"i":"7q5Gvrj9MbnYOUGyj6u1L9DV2VrgSrphL6BnaGn5pIWyUS1QMAp5H3OsTn4E","l":"0McmGhgdJXAQy0hNi3SFRUF7O70Rt9nKEWHzPFLibKHVE4Tp9JAMsRzyZrY1PHRv036eUEzLmzhLBN3OTaHRPoyGOIxyd2hlOjP8"},{"x":24,"y":10,"i":"EWQ9E8soV4Bpl7EaD5X70h0oRgF8gnkQLBPxddDPQxcyKvf4PrCgC4yVM0VQ","l":"UDdSJT3h45UuLYj7noasQSO1jSbG8SfSoqs80Bp3hkoAPMvoWp9WqDSxEbWQJIhOYVIsDbsUmjSdaEC0oU5GvcRTMryjucNYzFs1"},{"x":37,"y":19,"i":"MSaGvfUnM5UsWUt4qEz6jLMqlDNfG52d9mCM2VWidCLq8D95bOb6RGS5LGv2","l":"yKzTpbfx7KHNzMkjAtXqWuQ2y7Hggho5rP4debuRbQ3OJTT1YMsqa3jL2APXeCIhVP1JjuQeQofbBad7Pgpk8tA4QuzN1nwGz8Xq"},{"x":37,"y":48,"i":"cB1Mt5xpIjSxVYvKbbBYjJ9XH0jMOLZraVqYHzGizaUZQfK3ZuqsN6Ov2fAc","l":"GpihQS2yBCnqfxm9Lpx46ti6QCKZDnrbcC0WESsC1aX7UVdFTW3mgqjw3xO9EYY0XMJQb52hx1aoFsw4m4P4NyafImfmsy5FVyra"},{"x":34,"y":15,"i":"IF6CEw5cDZgRKE32RhILzSMOlOkBps5CTqAK3iNsT20N9T2pfnzaC6nAPMPC","l":"gQfD33zBqGlBHmBgS4jQHufwO3SIF4HVB9YhrxsJj9DKK4gbf77jWy9i9hQU7SPd2tOxpupTYfnk9ULJLJJayCNE2HcETekIyApp"},{"x":39,"y":44,"i":"hMqIHWKbT7kesGQQwR7mPtnnl4ydbuEJ50QzaJK3qzfxjRLcPYaCsygYphKE","l":"xzpVgo7TFuoxn167boJhUS30dQITT6BoikfxrlUUx96Zb1BglRTOufQZl8DQU65LrzbpxwQGycpsHR7yaUOvalUcDxAKPAKvSrzS"},{"x":40,"y":39,"i":"NiZbSmk5ho5HUaA1zcPlsxZ6VSvSbS1SzIaAdC9GfSCGRKllCMP9lt5oU0j0","l":"XwloJ014Kr2dS9w6l9OxYNYEXH5mtB2mIEQRwt1h91pGHWJbu52PK2cSGMyzo9xk6m0A4BdHM2ixfLqDW3X0aphwsdgPS9oeG1FP"},{"x":19,"y":12,"i":"UcFXkCYq0RZcB9S2Qyvsdzn6GxZV8rZdqDSGJIvOmwzmxm0l6guCgJDlBTgN","l":"br6fLHQVWSRfiRM5cbKxiEhRu6GDOKwEALadArEgUzsc0WHVMJvt4msdQidm699NTDetM80WRr1ApFNULVoRiIBjPBXhygQdo93j"},{"x":22,"y":10,"i":"j52Jpuw7UoVzsYBcNmkQ8aoYp9JpADcpwnlHIflgOdBchUfY2xX2DWyiQZEG","l":"mxzjrL6Zdb2x1drw1plnzcPTnM1XMjmJDzBmjHZ431sjgK2fQsQDKPLVDFhwVIYp2jsDmNMisdVST4gn6lv8SCckL5knUfHFTc0V"},{"x":46,"y":31,"i":"DEJgeOVw5ZsJCVf6kPXOTOxGnPDbUYe0S410FFUIaZf2bD867LzaJD5JGagX","l":"uCl9AxclqJ5YmGa68hQmEu4vdvvOpQdVbakWTA41rCFlGAx3BaXPYpusSRwcXb5wma3rKF8DZAan2zVWJx8CKlbsbGipSYhJUFOG"},{"x":31,"y":26,"i":"deQpDBi0EZqTACKiHKMOUjgRdLRzHClOsZbbYvwCckah4uGsc4JsJiafUOtV","l":"N9Ll8V1Z9ytWIyfZGdoHrTizWlj3evpNqARx0U2Cn9IkJQfwYnN1KRTAXGiyutIWFIdnUzTj1k4wRxxOcOHxGbjmAbNhx309Oahr"},{"x":19,"y":19,"i":"6SWH3hzFpnAop7rPtxlWealxTg3Av3aTUCcI8es9T80CBEF0cPHxeOhXFcpy","l":"WRCpR67iwlxUoRzgIOPu7AInVjhnX1KVIoGx1tBbxTglOMrQvM6jqU4speeHSDtcKtqR9aazXJvDAZRzrbJqsIQDsv2vkrvBCccc"},{"x":6,"y":43,"i":"aeLFS8ro9SsvxXA0PMShzT6TiKwCSh0Qnf5KzR0vTf64rXcsCAchFiOpkaE4","l":"n0ympU5IoD2z5V4INi7j8KksP4zbYEuGLLTae9VVx1S1pFJpZsrMifV3bAXHKmEjHCYGs8WLr2HCD1L4ke4JxCgfL7kOWDkUejzL"},{"x":37,"y":32,"i":"FMmUEDlywrNk1BvOFROx3ZC9uOeIGQd1uNvjZfAI7cCrp8mue3IXpLE44xLc","l":"ZivVIp3RcO3a3s4JtnOxiLoiMY3ULMDD3MLc5JlSHCRS5dX9gcRB1n8b09BcLbXtAIgyEPfaN5KJqX0tNnsw29GTkxEx2WOLEgHo"},{"x":14,"y":23,"i":"yo0xBxjkiiHUVfnuCvArolaWlCQhEG7Aa8x1O2tHdLIA2cQx5lgmxYq1jF6A","l":"jbKPtvWz7JfQui9r1gvF0IaTCu4aADyNPi7dRulJSM2Sm6YwQbahDP0Jy8c5wY5PeGsAwE3RUoyHpgg2AYDfINpNwlVF8VbhjROL"},{"x":27,"y":28,"i":"aaeuKFMd17VnywOe3yH5BRwoJyKe9fMHiYJQOm7vy7T3rC6kpdvd7M85WGY7","l":"MwT27YavQSA9Wyetaql4FTGgV5w6RHu5b4cUfP80yOr0HRFyLYkGdVjVp0pgMZPiNonERTnrNzfyqNKqgkfXqOQmq4FmUkdFbkG7"},{"x":36,"y":35,"i":"dwnjgrdc3WYUOx5wQVLK4DaEwskRTk9USi1PC5q9NB3zSbPn1BDMhvpnzgfD","l":"TXogw9FcQFEgir0C8Ed64hhGQRhD3xE4AG5s45X3r3w53aZzJGRADLO6VKZPY6Jr8KQ5f1p3UIZQ4Hkt4RDydQdnPxR7yhcoT2T0"},{"x":12,"y":8,"i":"Pi6yFFulpQqNczBh8UXRry7lHac3EMUPNjHSTV4pqUDX69I3AZX21xC2eJWN","l":"ulZdcv9mLuJ44cWaFoGFuHo4OF4ozl34z806iU9HTvbFyal48iZ2aw48ChLNXoUDRpNLlqrxSQvS9lgUHHjD1vVAsdGLQiKtWn6M"},{"x":29,"y":39,"i":"zCXgnUDKUt8515A1L8EAJsKXmlVvsvYPvL7PJuSEzyPcS5UA3K6agqYbIaVy","l":"Norabykn3HSkIT9VULHw1aINaEYoOD6oyjD0hAWAjTcboz4ARcUHIol1aEu0xVsg5L9OgUk9MQIzIuaRBuuAZxjlPvYMfbEAEIcp"},{"x":23,"y":19,"i":"EAU22YInVvWGMMdnxO1UJGxBxf01wDabt1qAOeX005vTalxzhWkZXOU8CtKA","l":"Nt6FYcejQZQ1Zwh0j99g2rwRdolJQsY2lMZBfGkKBvz43FtPi2TZBFNFgpboR8HlOD32TpWLXrf2oFrloDgJK2penQ1cLau8mV30"},{"x":1,"y":41,"i":"2Wtba2C29oWNkDVMDGCoMTixrfEdhruiyDgL6mnKNcTmoOgaxV6vDf6fZxMC","l":"a02XNiXIOUZsHfQFsoUq1WY4PhAxgmLMrLqbnP1bxxu8Txc7NpxX2oFy5CowBujz5rYsVGt0hULbDtQywvh5644LexVY85NyVLUb"},{"x":25,"y":43,"i":"7NQBdCdeui3HAs4Bvp5Dj8k2zP7JjBDOC0L90MOERGSZXC4HVmXKXh1WlQeq","l":"tXUB60ltJMFdLRkoQFRkbfAtmxhUcEB6koRyB32wLzKAr3aQdqKvnL7JYRb3JOHBmIRieHnnLA0Dsxe93PF2uCOpp8cmBUAkY6G2"},{"x":29,"y":14,"i":"N9XEt6pnADEvcVFuj3F7NvUIpdzS6YvBxlDjdjFvipgGrYLN8WJLNWEvUFHM","l":"fscruE5F4jdo0Ef9vGTXGSCdhJw8wE1qARSYiLhGcGbqDCS6uMglS8OVtNYRTg03DxqMxVC8rbHiRGjRiil9XedP9OWCJaGMNa81"},{"x":15,"y":40,"i":"igy2FEwzgAHSkabGx3fPFMkNBK28yLJCXVMfBWW3I5yWUCVFDI7a6wsR6mtd","l":"xpG8Gyu7xJwVfoZCllYFrFcHuNw93MNQN0IZ5swUYFG6s70mIbx5n6RUrnOe4vWTXUTWyyRtDhBqVTeqgEcc0E76sS8ccvQOdEel"},{"x":27,"y":0,"i":"2tnWC18aEaASCMKdTWDzuEiP0HSbVUWbWuZv5YEI53Xkpe97IxBvl6mf6UIP","l":"cUpv3irCfh1DeQzF7wpG2fOLrct6KOqYaNi27ij1GosoM8dhveqjAwdrvK9dVrm6ASgOx7rCFIyqauQJ7Y3K4rm3vzCfHt9e4RQ3"},{"x":33,"y":30,"i":"04CeKDapUlIQ4UJCogQMUrdwHFvDc3tf0EqHaUeQOJtkTo3IEOmx3W1zOvDi","l":"JX5dknrZ8Kx4U770bXD9S8UcSuL3QDg01nOROI8db8t2BWIBvvZ6Dxp4LBKUqVpzpcGl3GSyuVqD5Pky9oanPsN8rxVS5ZjNtOdE"},{"x":44,"y":39,"i":"9QQNl8L5Hv7yEfLh0pmtTY7AeRbe4CW4lBfOo8GGMKoFK4gyru6czpvsEGWP","l":"F9DPuE6EEFDFGB8MfNv1n3bmI4XmXNhZCbAN2oDc4zK4wk3MqNi6HpFykrXiqnHDKzb97bOx5OfanxL0tTtixgolCya1AXEqouHK"},{"x":17,"y":24,"i":"JDsN4kvbhoIDFsUnwNHJytw0ugn1w5w2htUSXlVG5mP8fKtsDh8Ruq1mUKZU","l":"XgtBgkcnxMIFkOX8suoUjqzIv23X2XlfyEdTemi00StB7oXYIx4zfjTffZvlQMqGRO8Lfi10wm3ftJWANoVFka36L9ym9PkDeWvv"},{"x":42,"y":34,"i":"WSbWrFnmlunJBQPh7uTLDthMxbbLxMKiaGJoVJ8BsJZc3YYjwnjzeGCZtUHB","l":"yIlQTq1Yv00xLVYzCUOV9LrwhAhUi6EWk6b5B4qFKL1tVLyZwQsqteEJbdXRL1eOBgmHnJUkIzVDvbj6xZHjgG8DHUROqe3Wa4NS"}]}