{"results":[{"x":43,"y":30,"i":"PMjq6wmMMEKh7PZzlxUFwl5SY1yNJeVsqDUyXP6AXGOgWuiT660yHQB5hFle","l":"zDkrBRUoou8a1CU4trzrAQb9K4y9Ar6YFOKNI5xqpD89OTKTITOHcCxW45VYYJgbb35X4HhpZct8ygyiVVa2Yzu66uLRKPPrTyfV"},{"x":44,"y":48,"i":"rEclM27uf159ka2ZejFaivMOyVDWTz4Q42eThURi2c0lslg7TEfYPBsuhw4h","l":"aKtDLlJLTEXb1otuHw9I7cQo0k04CbcRFBklYMx4UOPdrBaRKWjUvkZdLK4yvHXKh6tVrI4IWZduutp8tQYSxGxLicx8YZAGqURA"},{"x":21,"y":32,"i":"DC1i37S9kH7t9wzjL0DXcZDKxhM8uhD9g6eqd7669cRWpn9d6hhiJvxUrfhs","l":"hfYrrNZhiZW3YGBLhx9TTkWwtuhJu4ThaM5rz4kH6eEXgSMgVSPhEPfRSw8WzrDuLhJYZemBsall5GCheaMDU82dSTVZXV9dEpXD"},{"x":0,"y":41,"i":"ERJkWp4uWBB4lIauPzEVHC7DNa2oieSTEDcdJLytbCjrkFUv4WrI2aIM8aAO","l":"guzsuxaXvNN733172BaLRPKD7914b6QpMgzzjwrlGhuT3AdwzDXAkQuFngndd2IgXIl0QNVAKkB6FTfFuSeMe9iffmqnOfOWu64g"},{"x":48,"y":42,"i":"CeB9BsmQhXgbJE3CcUUAotiyhJqGnxfkn8rFk6E8voN9595PbipIg6jpS3m0","l":"ieJ9I92RhyBZaRR6dB5pdpzjP4hDfmXT6aSdMQcdyTR0uOqKk0rTcA0szUYdDB2sXOMJw5119oPikhEM1wbH7i3Qfjo6j8kVTkn1"},{"x":47,"y":4,"i":"spLyo31eIlbDCzd7aMRNwoZLLrGcZl52uF3WJQ7PdjRghAii2lKbczpBnFf0","l":"VaBUedfUtc56iSzU8Xr5ZG0egJ09FyI2x3G31Af5QMPkWrY2ko6jhkaHLwWbV0ahtkMbP3KFMKGxEvtDmTE4c8Khh9FlMCyb953a"},{"x":24,"y":8,"i":"EStnU1eiXpKnQ6kFhQXwEu3N9mS1c1dDr8xsaCp62gCuqeGCkdPqpp66XjWB","l":"YDmZfFqCK7rmxccysyicFpIOoNHotdon1oo6u42bk6feVoUYDfUNNKrkGK80nzdAIJSnSRNCEVhfe0C7n7xf0wMuoYJLCdDdhyBS"},{"x":3,"y":3,"i":"RryTJvX0gvy35tEbXmPDXAFA9OGqdsZUzLcux9jiYQOuZz42ywMCGtu0fdmg","l":"2zFodnuU3gzPV0Cqf4Fo8Vw41Z1TJSlDWnEhEE7G7H0hIbmZAmfWpbupLHp3aFCCmlZlyUE3cXYzp71QPZXwhLLKCHiS9OJZCSnY"},{"x":41,"y":49,"i":"NXHKrwuuflX2BFuxwOSeq9JkQV0o2HcIrgYrysw4fg7bwfYNCP8oep5sfZ3T","l":"tnnjH75wbvQIOQnYwGaJttRAz4LB7BP1IeyUuVpXEiaBhXR8oMFmoxHEhOxg5dhpKYObo0mPPtJBU7CIIDDunJ7E8bPbrnXEGKgt"},{"x":4,"y":36,"i":"HQJ1IFeICXFBVkHpbXx7iAviCIxtB0hk5QHjpdlJpmnV7f4DipSbqYO2mRZm","l":"fAMVn2ROWRjlg8CKhAudnzbd0fjFyPCEB2hJhNzgo0GXHxSf4TEPGGxhJfhOCzKA7DgklXahPZ4wdbtoulZZg3Eig3zRS8Z9sUd1"},{"x":33,"y":42,"i":"g9ZZrCna5twrzfsa9P5Ayj47o3tadI9t3pVU5qadsamXOtOgIuy4LQvXvXRx","l":"OcUda8xs2KXJyZHrx53wN2zKtjboomZ93iduKBLENzP06asu9nfRimnzeiVfkU3Br6aUN4MYWRIOu17msIYPMR6k3HVgELmdobEJ"},{"x":20,"y":8,"i":"pZEAhRTaWcBhXbRVh9IFqCAHnYoz3vsq6gpd1D91k5KuVL37NKlmILfHhbBi","l":"2HlHoobwpCsEt3zFKkpmUB13sCSkmZimlSAwOiFNqGcxj2s4ygT8d2cNyY9eDe7sGY430VvZ7uf4ZX0YLBKncsDUzLsixFE7sDMt"},{"x":0,"y":44,"i":"VetMExerlMa6ydudnF7WGWIUxLDDcbVeZQw6KXHNXFJMFl2Ydg9RUVxbKasj","l":"xSLqA2AHFGNpTVrx4jJwJkzrAm2MEiJjbTTERtlsgQ2c9VEd1cNdEhsfUQ5dfh8LtPuYEWYDytupNcc6knPHRdvXJyeuS5QYu3ok"},{"x":3,"y":46,"i":"8k21ipgRhh43H1uBgHIUL0oJnsFC5x64MZNGfhmArWNtOwqDmE7IzSVIw2NG","l":"MQsFO0umqJvYA0H2QOLuRugemcXaDtlxAElfKNki7dQIMBtPjOhozooFG4CLg29QlcTzjAqEGMD8ATezuog9z487kvobnxne7Pip"},{"x":12,"y":24,"i":"AtPBKNLOK8JJ3iEn448HItJ5EkypnE41cToVUhiZi7yX22LRSwpTTBNxBE50","l":"narfVvldXjyr1Fn7FtfYkmB2AmRtuYcoPlhzUEJshknUZBZ3GsKURJtIUrohwq8BbAvpTGn2Bm8VvKERN76U6rxRTCLqTVfxdO5A"},{"x":9,"y":4,"i":"ylRS5qtRoQkfZWIKfGN2Hsfp2lBEi8JcOCTTSQC5NCb1zMgDeWmFgDnNjUP0","l":"rV1PRT11JqZDopw3cZVSTQGJ5T397rMJGVMIUbX4JM7qdvNXaQzftMaQTJs8dvkz34CfZQMKApyQLYaMBE9kmezRLMhAiFGKZUJ5"},{"x":11,"y":1,"i":"RGfr1F5c4AHZx8HY5MFNqOG6Tz96sFo8XTrVLazCniWiAoPYEfFe1PqIEo1o","l":"L4vzho6CWU9xZrXPNpFtDnvyGgiWqyFP670XtXflDor0ZJUfvhczjgap6VPyAKEoKxmUBAtPxl1tDOayoZLJZGjVwRUFmxkFZdby"},{"x":6,"y":38,"i":"Rd4PgorFBGPN8zMp5BBvxHDrom4TiCmhvHGZ5IWujb2CuA3oR9rp0VvvwVuk","l":"ysBi2jlAuZWljZpNxJg2vnKqqp8ygX8r4fOhk8rXJWaQKIqqAImnv63FREi00KpxICPddJK2Lr1gR6rnLB8NbfO3vjvRWRHZjUJ3"},{"x":24,"y":33,"i":"JyiYCfTxm3YwwO0pRJHHBy0G4SwjiZKsTlCopiA8MUMCWXf4tW4vzMhVKP90","l":"McjsRJjKtoloJFcv3AhEvmSaP9XdqGMP7sXqJls0MCzR6lUE817Jq6AjM2kWPYPhpzJFlR5cqCKDVfhsVlqJjWCTey631qIOOdKA"},{"x":17,"y":49,"i":"r8zehS6m0uwmsC4SWj1zFCjY3ZszpQi4g7G8kInrvIr51ns0RuGdFB39DEJC","l":"6LbzJQEP7W0zWzLGqo8AhT3RRzTYMHTngJokxJ7JGSgOqiBjTmqe70SzROAFMN7pBw46MpYRjw7EEbI3j4TzJ1WXGwYzHXmgt1hO"},{"x":35,"y":23,"i":"HCKUNGuqhpHyIK5vZofgb3OP5baK5pnuI2KmpO81pPOiZ7hl5uPkfHXLOLBF","l":"XtT7cd1iwGh39iYYZUSKYmLYYP74nuwO6pkyCbb8KvsLafJJmJ1HtiE6WwYOhtRwf3Ne0opETmnLRpEFqxsposQEcUUwRvTNnBKD"},{"x":12,"y":35,"i":"2l5vduwPZflLTVvb1AXRUU7U5fFVdiEuAwhQjtstbPMtjjerl0W3S4wdmrX8","l":"4XxID72gHlOOmkaUxTmrxpdLl5EgAvB1rDCBqZGLvfXSQkG5tcxTP6l5JvUZeB4354qaiz6Y6udn2N2N1ThU2cnKzHGdYhQ1OuX6"},{"x":49,"y":29,"i":"55pwCobcWctWhyYzUQfHU71DEGYUaXSYQjdKndQSV9abUnsEW1fIxTgGqkIe","l":"zu3IFSZSSoBrDNFEn6CWrWKybI3lKBEV5DCanE5NgCxAeCvAHw06voMRsXbCfEMoZX3mMM8p7upmnuCWkNPQ9094aQQBbagn2u4w"},{"x":29,"y":47,"i":"lYn0huHxcBiyDNWJmKzn7N0j9otdRB1WROozCJymMohiryJpOkHl83ELIJK5","l":"Lzo64uMbWttmJvPyl1nGu5qQR6VPfjSBQPBL9O1DVStZzIN6Vm2PTZXLgzuptcOYgKERHd6JzHdLJG5Qirc1g4Q5vuGQ07t4BDaC"},{"x":20,"y":32,"i":"0q3jvdShzrG1N5yey4tmudipktxjL1Z3i3pzbV3Hy0myLDS5BHtUsVbk1pDS","l":"z53qUfd461csRlFGIlnTff5npqHroPLCAsoosfYYl2uUyGWxB9GVaabl6wzFi7wBLLmVHgl06imd4hVDxFf3wijsACXZq4yfaj50"},{"x":8,"y":16,"i":"vpGwoxWEdJf4HJmoHS1W3ky7MAcyxOcHN0Kx0DtLXqHkxAEdni5SIDM4lIFO","l":"hGH53Kfg9vJ3sWhtNPZL3wb22tM4o1mOxVFYwY5fSV1nALriJMdjuLkpCmpfoWMCJvDZTlC3oZm2SZfkALGmfEqaV3lREuULfJch"},{"x":44,"y":43,"i":"UCswk0Oui8m85J9HQFBtaAO7lslWRL3Dq0l46tSPzAz95cveh0wgq1yYwCqb","l":"AeZjCJOm9ka18OcREVqGBqwCzWDZA0Rur6X2mm2YnYYDfrwbUbz3CTXNuWQ3Qxjk3upjlFH0AiXgBGiX2GNv9npywT6JeFvuJ5B1"},{"x":36,"y":17,"i":"e0CRjlBgjYxMA4RHG3vbcDXliy541tDtvdPrq6fWMOKeBaLlt4gEapjfys5b","l":"jIXaHFKY0yiKG7VTpQKvCiZgvzzlVkmmCjWvZlIdiN9bQrVzxGAYj4Kze4xvHGMvFouCaCO2VRVme33JF1imgkPLZHJgRnguw1wB"},{"x":19,"y":46,"i":"B9lLXyRvhQn1xjFsHSJKf87ih2zgsFVRu383eNLS8yunRenODNd2MUsy21tl","l":"lifKPZJTvMCeKiR6lPM6nimreyGiNGxyIoyMLBmKnzey7jRwT6Fy8BIH9ZaKYwmBvhMXNdZobeIuoe1mLOaXBHJXFQO0QMBZqlxj"},{"x":38,"y":28,"i":"xp0PzPWLUEwCZCuEfAnqtfrzkmtH3NQpFtqw3maafVRrXIyIf2pnqb3VBnEl","l":"fgERpVRlHe1VcP3W0lcO6j3fe0S7Kr8co7PQ4PDuIwnaN0VzKZYWRcVjuavdBSksoMi4E5wTwGqnz7ytvAuI5hvxXpuSUY7StZCp"},{"x":24,"y":24,"i":"Ax8xXcNJ1maqgBiA2YqtDYV4qUGhbAQ7Y9XdUaoJHKQLi2ybGTrcv3hwvkla","l":"f26HTCfRTnS1uVJ8AMjFcMfhCX3qmcoS4r7PIV6c1ESJ9b8nWHsb5UZuA7lMPH4dC6uttBXYbjpmJ3QHd4CYDeHj4ncscjIsaFc7"},{"x":29,"y":48,"i":"TzSZ2NC7S1dDQESAo59ajmE6EKmto95Nwld7ZgpOfvlOn9hNNOJSB86lFvZ3","l":"mnkIC86ZfV2D7brP3BF0qJ5XcD3bAP8g4Xo8TnsiFtFa4FxM2gNl4mJIAkMgMWhDSwCHCbvXBX9gKLMYniHyd6cUfbgsyXknCg6k"},{"x":27,"y":17,"i":"1iIyDrATMlPzWnBSQXwJereM5shpt8sfLLNCcu6pboAc65ILuBTdwtg8rd9U","l":"CqkWYSWlSifyVKu2B8mBlyl8ItHMN3D7qF7t74tl4hDaucEj9z74W4hKoUpNageSCxQRemWTralICE1tjfH6Zaz6QIbBJiXeL5vu"},{"x":22,"y":5,"i":"hIb5hkCOixKULJRyeRdxhsYOqNu2comqoIyTzqBp3A9GGAy7dzW8zIldzXZR","l":"8MvMciaOTrliQ6efgF9msdtKhlwNHVUkNHs3ymUBmDU94FSuTvdovTj9biuXpELJif8OPdG2j3NIaaWPEef2Ff535UsT4BkzLslX"},{"x":14,"y":1,"i":"Kp3dbTSwIHx5ND5xIzlhj6sBofNqDFnJ5rZVXjEiPgSkJLvxFEpEJepDDydw","l":"GFYOZY22gMiOLMhers74rDC28TjoEonG0SrbNnzJlUt9VgRboOmX1qKzWUgEIa7ieVuW4bWGXZmj0dmcTD7usDof8HbYTLuizx3k"},{"x":16,"y":32,"i":"FCHrtNhclxIYhZC6XEGx5MCKcsG8DaxvS7HIQMj5QLoxMGKXv3lZ5AONGFLU","l":"ABq63nuY2tnut60a9646aKolUf3C40yad4RyrdQqVwCihoikGZoGfpqO95Wj6vnyK0DvhPCTjIFm7Xglcy8Tks2Rax9xIN7dpx27"},{"x":0,"y":43,"i":"wp3iXB8JLfh4cPYSJE5bizD2FAt4JGrHtrCnv4YUHcBKD2CM1wxtwQbk090f","l":"Lx9nFtI1g0xzmrz4w0tTawfdsuueyf3xxQe69dv2ruG2dEhWhFg3lsZBsM8tcekhWxPHzudHdY6KGQ95iDBtDtunDGEnMAFXCtJ3"},{"x":43,"y":22,"i":"vmzGJZSY0QFXIhtYI3OLBPsme7Mn0laepp6wl60kLDgEgzFuJriqcYHvmWSJ","l":"Ovcv2zo5YyLtspy3pLSoh1pG9dQF9TvD96NabpnYRII4ZL2t6eLKxgEF9byIkWwOz5QNXrrp2HyVp8JM10yJLVYWmGIdT2MFOd84"},{"x":21,"y":3,"i":"p7RJmgi576YtT5LHya2oe3L6I1d0iYRpq3HHrnnSf6hdKK2wxSc3dlPDr6i3","l":"m3hEpjq1rIBqARFwLOhpK7NywwS8ndxKpKZ5YGLqnoyRsuzjPCN5X30DL6l2kgslRFxCbIrdB8cel7ZfbuuVVq1HoaD4VYqemYpA"},{"x":27,"y":38,"i":"rW9H4hjtsDmIF4CXVODbgOMvKREglXoBLr0A6OhvJ2OmSLVGZ5LGFIlvb2r4","l":"QR0W2VgYsSWAmkjCKcj6kuhfi46L5WicqUF2sjbMrcHF4xN9WKcZedrCiZ3JVemFO6cbhBUtzjPWoMF81ilrVxnxKY5RvmZdHBS6"},{"x":38,"y":0,"i":"bBr0vl0MzIhvyNRjT9hcdoi3y7YlPdntxo4G61CVRqEkHbeLk8cEXY6XD2fV","l":"OrtWca4vDVWHFbsVa7qQNUagkURL5oq0Mg9BMHrXTsSGzTU4d1GEsOZ6N5b1Lz8CUSza7xRQ6VTneWzq5tnw07n2bY8to06dcrBo"},{"x":38,"y":5,"i":"v7vZQuxTfUe22sMUjGo1NfDIMTHGSwXJ0IOhP9e2Na0jasbJopvxuAkfxT2m","l":"7Oi3Y5UVZ7U9Gwa4qj1rT0HJlm4xTVdbIUlhpCSDvgA1SRmcdE7lrTPpderfgSNANY9OGMnLfxAryb1cYtIPd3iSlVMaBuFpXoEr"},{"x":30,"y":11,"i":"CtTmfkXgErleWa6wz89FobH9RQeLzsckggRLzNIqeAa94inNElYKwTAHzHSh","l":"F7hT9DaEYFwGloqzPRVf231l7XCOLu7GLh2hQ936cbdGhOZ9Sro1hI9nZELJC05DOQNoMILhyUiM5ygivxGPLXw4sX4qBDrhlnzA"},{"x":18,"y":19,"i":"OMXU3CRpXN9AVpn3ROA3RHELaGtDLcZeNLyhBzSqSeSPNgHZA515DyCfpBbH","l":"anBPCbibI0srE3ItMfqu2cvTCtXgOPWCdnrpkF2mnwVM5nvLfC5NC5zjpguqPZBVSc3vfHPno0e1aMIoeR5EdDj3OZ9o4LKv33S3"},{"x":2,"y":49,"i":"H9ICkmJJPL2HtEWt7ztNxkb1U6mZdPyqrbnVsmw1SzRYY3TlS5vhuWBhmCRA","l":"4AffCtFsZK1jh9kZWuxB8uyh5Mx4blAmMOQZ0hPalTfT14UTa9IG15BpC4ErvZEAA2Yk9o6cNblCgiTca0EyRbOHQHzECH2cODs3"},{"x":35,"y":49,"i":"5Xa6HJFSFnddi3hO6mvF1x6uCTznNt7VCuHV2Jn4ep3uhoZ5eZxXeQkFOy3a","l":"RO9oJzAaRY5gnamjwLr6OgiH8HMbzTiRNTfRdMDIj9WffFD1IhAcV6pICRvSFlBX1FR1ofYfBbcEYonIOrUaEDtaLjdkvbf8GDu1"},{"x":27,"y":32,"i":"YqRWadtv2hvOU76rM6Dyh0zqhcalqJfMi9O9ppI3fYx261CAClpwzGDYfmLQ","l":"x5xO6fGKwSHh8OgqUKuTfQgcAC8AqvQKQ64XpQQV2JoLKAUPhwSOsHTOQyxdRqhyqQAlcEkVVpS9gNFIn16BMyPN78tPgTiWO9tz"},{"x":44,"y":46,"i":"2wQFU39QZ3NyilroWVe47yoPvu5eYQVYaYbfgEwiXHmwSg1D8OUarLwkAj8J","l":"vspXeBl7zw7eDRaZ4IfvypCcoXRTZEJh6TGddmdWXwuuxhTmIQnR2I5iBvfjhHoLf6NkFkZeJGVs1RHy4uH5ZNCm45NIddIB2QFz"},{"x":23,"y":19,"i":"FbuaUiZTZNnSXt2PBHJ2YGrtBy2vINFpW4TxzG9mv4ZXJfVwjNG0xW8iSjdT","l":"ua7XOLqteJgkCUYRd5zaZIr33QEdS3t2ctyNIIJ9fnhUDMk8JqtHGGi1sMEE9CThAmfetr6BOTOfQFUrT89UH5EnJKBIWfVP9tzE"},{"x":43,"y":29,"i":"eqOvkbJi0Y5e71ukhVCT6xrl8hGkbVTNMoeJ11S2z0wx6XU75kRyhkg9Ep0N","l":"IfDxSwlRjaoEmWKTTub6gbJzFDdOe2Vx0MLpYK5YLkLUcjQZAmXuGaZctFWxyxUWiPUKs0VnZbT14mitspCcWF5jNkPl4eaeAvvO"},{"x":36,"y":32,"i":"zh2BT1DkFjQM2m0GI83X7KCRClbxorbtQZI3makRSyOVVFAr8dKcyvWSDFIm","l":"QsIOk7vRySKNz4aj2K93AOHsgd21NDQqefHW7hk0YIuJaQ6dKE6tV96bDnoSA0ibilUA8QLk7gqQRbtI5L0WWDwwiblV8h3uRjKb"},{"x":27,"y":8,"i":"NiWl1uhIU2mtrhJE1GsjS0a4b7US67IRoAednQ9Orlvs7ZqWNeKaxe4kaUrJ","l":"W1ISHrQU70Zkr9TLIULvBJVQq9AVhiVwmzmVdLqrX9sQq6BVuPhee5P6GjAttqmSPi3prMbgo3aQ2uEtF0dFZAIu9jwn5MEjvxOt"},{"x":33,"y":14,"i":"AParCvjzpGjEyxoMW0j3jb8dARfzelukw0Tjf5BBZZpf6LTBhGbgkZETW3xY","l":"ZzKeVjop0kKJot2ifcwlknWitHBwaFG1Kr8sArgdhuBjLRC7BpIATFg8PbWxuTA9cIueY76LiVcvC0vEHud1SwnYYkY4GtkkLSUb"},{"x":15,"y":6,"i":"NSRRI6sVAH8rEvBFuj3JyV6sRTR8sSUGBG04hUO7sF4OPACJeLrFbpiP78Vr","l":"LxqR3LqEzKvDEwCC767p2MOIdK76hFrbkiV3A2dTHkAuA0b1f8arti3eVSIrJyltSbNA2ixYwzz8RPitvvOp9zB2mbmGLL5LvRtO"},{"x":4,"y":34,"i":"LUx4ICJ1ZMEUsDjCh7X3MynzgHYrHBtytjcLec83B6DC3Fx5Wrqc2fW7jqGU","l":"XJRWu4grzeK5LoU75dym1nScPq26DVcfd81sfAD4YnO8AwOndYLEoHgLVpeaDaCjk3TYCVFeoC5G3anfvYvY7BxmYSRGZhPqJdXe"},{"x":25,"y":43,"i":"N2KKAJ26gupt7MKb5O1md7y8lLQub59hT6nlU70nnMbF8JasdqJXrOHqSJGd","l":"plgOhswv7fojMc4AYKBCo9fkdB1cJWzpt0dSZSz4XFq5VBvwNWxpHzue5rXVhRqObaDjvwpN5p01Dpzlfj6ZoaZlzD0MENS1OjSo"},{"x":37,"y":5,"i":"6I2r8y71MFW0ImluoLNaRMmgyUtp67s8ZRbIfMOnv17VP6y6eLO4T7JW1xkF","l":"WfN3iVkCkCTwgTwIC0KgLm6QcierQfSoU3Cq4yz8b6A12blonAMmF35iHzZFq7cirq9qWC2p5ia0uqhtwdXaBPUvgxzsD1jmz6tB"},{"x":5,"y":36,"i":"re3mhx3NkX0yRUHUZiZPqw6VPdBmCxK58aEWGPsKKalDJEEeNi04QWZVo1s5","l":"iNY8gV18inlcmXwTkY2aqxDUYtIy3mwKZhnEUzszmyUnRvr5tEGJTSW6P6FE1jTyau99b9LRdQdy42IGXl7jR89RHJJeGky1S9ce"},{"x":17,"y":5,"i":"5uRkg8MYylvdlgRxLzgElTn0p1BQxouYEiNbo2gKOGAcRe8m4GprRjXBArzd","l":"TK211i3jQyc7U6Ew0Sjy79pwHMLCYT2n8Fp9wTc44ZA2DxJ5hFQ891dwcnErvISbrc5uQxjavSQlPEzWzGjwUAac8ASCTosLI9KO"},{"x":11,"y":34,"i":"QrvZnrgaXA4cZOqy7nHV3mLoEAgW1bkO0CnFIbZPtKpeuuLEAzTvXkyad94o","l":"nLIDS3wl0rkOonJ1dtVBeqo0HyjEhJmD9eUxPmmTOTipwxyNRxHwrHCQc2l2GTDrRvkrsfBKHFpCnPD2hmGHFh6o8KKIbE0K5Vh7"},{"x":38,"y":46,"i":"a96BAgw6846X69tcmoo6JPnN9l8nvoa6kAudR1SIshfW5AYhcmkWwn9KBef6","l":"bOJWXbG9iY0Le5KNmw3W5Vio9gGLqqpPtyo4CiMg9jmVT5ON6q5CswO8dGa9VwixJrn2YFXnH8iIAUTgHniqKX5zg23t5LK1Z0CK"},{"x":8,"y":28,"i":"rW2w3V8fjKSXcBlp1aZ3CBsZxSoXUFWHu5O2klpOJ4bzWpNDMTwhlPs1hxEU","l":"72nptu68hSAzI2aQkzk7r5nL7j6UdPh3JgWfB2YVWYgnQZbf1jNHzP4XjlwUhRVKwL8ddrrbLRVHWXCVzLWmqmpjofCjtzrUiRfZ"},{"x":1,"y":12,"i":"0ria8rbXeC8jeYgbN1gv8k0AyQ21SlHi42HlPwPqG7R5DHd20JtZRaxsnbsm","l":"Isvy5WctREUuvfblyFPeQuzW8alTI6OEvVIKBkPJdCmxhXQa3RQX9A1NrwFSI2ajF6uN00B19MG6KnoKLIfRNBL7K00LCm4iwVoz"},{"x":20,"y":36,"i":"GM4SYVbzriLAl44VGKwv6s76ZVpIFc0Y4VYDuh4kfydeNwbjrpvn2YEdcQPY","l":"tOXgdcZjMZ9dwQ9ymOQ77oFqTcWr2HtB6CEmJARhsACGqbadwRIFpvzmZHz1agLEPAXfjbjcn7oWRCjmkbLOP285Mir58UgrTLTe"},{"x":49,"y":43,"i":"7Z41JrS2I0J1RzftlZnnswLtcTZcqVl3hWg84I8Iu1DMpOBvK0HApwZE9x8i","l":"bcEWTV3MutLqPWQIWJV3zl3yAMUlryqYdoVmo4Oc9KynXoyTjh1M641r3POfJh9w0yXQeTFnuIq4aiF2GHPqRQUqKArj9I1zsO39"},{"x":19,"y":24,"i":"Wm3ihZAuChGLQplQ2wCCgsddTsAPiokFk76xwf92VL3J9gUA6AzZ3zkod4Cb","l":"Wp7GVpcwT9uqLzkK5l44PTG6xnZAmHExH5bp1mYj7SgR9ADDeOqhw2P4UIYCADPblT6y5D0dhSbjIzoxLMlurmi9IS6hDPKSDqMx"},{"x":18,"y":25,"i":"krHgIQwxkq7LRuRTXiTLKyaaidoXp9B6ZHx4ks5t0t8t6bObZY8jKFkESpXz","l":"Bm7jfzWX3uagVmtvaCr4KDLdv4oY003W6YuXhcxQ4eeRmodZomFT1WRKEd65QHGXrOqvLJ9CY67ihQnUglHgM2LDjLbHEx8NullN"},{"x":12,"y":26,"i":"ROMcZopQnhkCyBRvcP8ZbQUkp3zSJGQPORogaECEHuILOSMz2BxFrprlQxS6","l":"YCqpniD3rgy6sKbYZEKWNIAovGSSU2YOcfT11AwGDl5a5qMqew6NKq7h5uecDbDha7HXkUPDcMbWo7RLm28ttYWImGZLtT0XMveu"},{"x":17,"y":43,"i":"mrFrATjCS0Vb2at2tFOI6vsvPpymnPlEpgzqOLGIzNny7u3GSZw4HhXnikPd","l":"mwyZb70unmk2ckSKaDMoSQMzr7Vsyhq7i56GKRkmYILuuKh6LH7zZa35tb6p4a5SIrhBlGWKh9bP2XTXoGJ8uqI169K8x2vTKPaV"},{"x":32,"y":10,"i":"nmqa6Iu19PI1dZvCn91jNpwd4zrG9jCrHaFhc8hqDADlBLX3XhTwacaSZ4nt","l":"rbe2BA96Eu31RvDQ7ukCIkH6IO0WYCUJwqnhwHGF0GbQn87XAySap34KQlyZ8iqMwACGAM4om3GhLEMqca4RjRB9UAijpGVkPDSV"},{"x":2,"y":24,"i":"e60LNamj0yo63eXkJTvUlVjIctPeVyuYzVj5aOzVpI53CYcsPbCNH1aM3P50","l":"eh3sXygwfLgWaGtjpg1WcFsOENXDzzoeddEwc6cmYhsUKFIGpC9HmIiPH3ATXd5NihHrYlfKAXDzV27cB2o1OBeHitmDP16IZ3e3"},{"x":12,"y":45,"i":"pzNLQVHtnOJITH9TKxdxFq5tvFl60l4nwl18ISawaW1ZxvdFkX8GTcQ74T8y","l":"dA9svoUo544nB4qhlXBDj5iuPz6gIagInAj749EkGV3K0W8sZY7Ux1KHLOwVz7BihHz4Sq0mUJO7hE0IVQ5vaF3WaFXu6p8WSat8"},{"x":26,"y":33,"i":"5LFrHaTTquRox5nTRcl3TqH82b9iGPNt2QEKprConyxDOaNBlOvNOPP3zExF","l":"fdnM5By1j6cN9ywSOVJktY2PnWVEMLtgSYdsoPaeuuQRfeplF4P3VRY7G2CXlXobP8G3NedCWe7XTZFXyFXcGPyi31xcGQY7FTBy"},{"x":21,"y":40,"i":"DhXYktwoPdsbK2L2H0qQZF07HSqjfwhqBrgyF1r5GAPYBvwWYyJQw5emB6Lf","l":"HfNnkYQaXcVrEN7H998yyVzAvSa5YeLTH3flsW5oTCX5SHNYT9lm3mmK8LkCq6NzcokF2WytU46gQYLLigNJJFJQW6ar1QlntQkf"},{"x":43,"y":24,"i":"Bm6eX93JVOp1FaZFCHI7dTYfrHstG783wZUUDSjf33kkGgXBq7WF5rApqBT4","l":"Qn7fcQhJje3jUCN6KFQ9dC9MFjopzIYrXMiekgu7FMCs3qFDe89yAFJlRYG0OsmNve6OZB5NHFdYZiZjXQDxRrpS5UqT8IYrOAQw"},{"x":28,"y":43,"i":"rNzOJgrF7WMvbDhXQRptM8B0ClR7KeQi6o9tBeKzqb1MctHMZwy6bamU4oS5","l":"c3HqqTSoSLioFvIVbPQMTUXoK3yfDpq3NaPA3kKBH4P02L226hAhuTgJ8O5n2hThhuUa23jkysyBSFpVrkFcAJTJ2ONfNlTmisqg"},{"x":27,"y":7,"i":"7cAPOdeCINFOMp64P2KvuFXn3OSKcZyUwuaRBOsTRgLjgd6zqHuHbUdcXSwC","l":"MW3RoD4xp7oU4pcrzIMjZhWixe3dBGX3k4MTaIBxfHVTuEC1IQqRtTJv4Nb1shW8MFd2KnM7QOKwgkpLTCzVfir9klEaS4Vugr4P"},{"x":45,"y":20,"i":"G9T7V4qc0ZtFcBYO5jXVBu4OWJchm4um1MYUNzLNklQl0Qt7VqYxdgNuumTM","l":"2JE92PXWyhWMYF5ACrQ5JKuc3f9Pn3DGRaxk4lhaghFX8B14cV7Fg07qcl1ZfgzfgWzwMcp3eqxZjnyEBx3sCDTTC9fg7rryc6zh"},{"x":6,"y":30,"i":"vyUYPkaPmIWcbcZDJfgEgdLxuu4qq9aSJcCeVusOhjrckOH5lDPhloBH49Rs","l":"OdLLPSTcg1piyuDdTkZXPVNM8tiJH89LvSsKK3sZ0H6eXlVIdP3q7Hh0DShaii2ZIefwUrMfglwztCG4GvW2LHSJ1DKU1nE1ZLNI"},{"x":31,"y":2,"i":"VwDDnJpaqBxmvvjSVlgsf4vYzIFra9ib3cYZpWHQ9hBuv0PdZR147arO0d88","l":"vvnSyO4cdnYhxdfwcoyrNls3ofwCnS4fs2l80v7iYobPjayFbB94Dfaa12DMtDWafGoOweTNNF61OeVqBgEf3FwmFCgUbHzMee5X"}]}